"id","worker_id","site_id","manager_id","type","lat","lng","location_valid","face_confidence","manual_override","recorded_at","synced_at","created_at"
"01941891-5fb1-4d72-ab0d-79c7ace9f33a","9ea88b39-c825-4750-8c8f-9a69ba895994","657aca88-207c-474c-9abc-1af2429cad74",,CHECK_IN,43.81202696994866,25.979051580697654,false,97.0,false,2026-07-10 16:50:08.000,2026-07-10 13:50:11.765,2026-07-10 13:50:11.765
"8c8f2c89-35e8-4456-9165-5eca1695cf9f","986b9165-20b2-4ea1-b09f-498a58979161","657aca88-207c-474c-9abc-1af2429cad74",,CHECK_IN,43.2222306,23.5462277,false,83.0,false,2026-07-10 18:50:09.000,2026-07-10 15:50:11.113,2026-07-10 15:50:11.113
a588ab96-4136-4477-a5a7-ba08fd55493e,"986b9165-20b2-4ea1-b09f-498a58979161","657aca88-207c-474c-9abc-1af2429cad74",,CHECK_OUT,43.2262534,23.5606741,false,54.0,false,2026-07-10 18:53:04.000,2026-07-10 15:53:06.357,2026-07-10 15:53:06.357
"5ea3a384-925b-481f-b7dd-908b6dd321ab","9ea88b39-c825-4750-8c8f-9a69ba895994","657aca88-207c-474c-9abc-1af2429cad74",,CHECK_OUT,43.81202696994866,25.979051580697654,true,,true,2026-07-10 18:00:00.000,2026-07-11 00:01:00.095,2026-07-11 00:01:00.095
"7b86de28-41e0-42b9-81f3-0a37c349fdb3",d5aed01f-427e-4421-9e35-b8cde6f895a3,"657aca88-207c-474c-9abc-1af2429cad74",,CHECK_IN,43.1982506,23.6088289,false,74.0,false,2026-07-17 14:20:49.000,2026-07-17 11:20:51.917,2026-07-17 11:20:51.917
feb9fd27-d499-41bc-bf8f-e4927d0a9e98,"986b9165-20b2-4ea1-b09f-498a58979161","657aca88-207c-474c-9abc-1af2429cad74",,CHECK_IN,0.0,0.0,false,49.0,false,2026-07-17 14:21:01.000,2026-07-17 11:21:04.535,2026-07-17 11:21:04.535
"1f0efe3e-fbad-4861-bbb5-e09e543cff5d",d5aed01f-427e-4421-9e35-b8cde6f895a3,"657aca88-207c-474c-9abc-1af2429cad74",,CHECK_OUT,43.1982187,23.6087818,false,53.0,false,2026-07-17 14:21:58.000,2026-07-17 11:22:00.815,2026-07-17 11:22:00.815
"1dcf7600-ff63-4417-b253-5928a8b46889","986b9165-20b2-4ea1-b09f-498a58979161","657aca88-207c-474c-9abc-1af2429cad74",,CHECK_OUT,0.0,0.0,true,,true,2026-07-17 18:00:00.000,2026-07-18 00:01:00.077,2026-07-18 00:01:00.077
"24b5eecd-228f-4cb2-aa43-18739869cae4",d5aed01f-427e-4421-9e35-b8cde6f895a3,"657aca88-207c-474c-9abc-1af2429cad74",,CHECK_IN,43.20290844643309,23.555694639265916,false,52.0,false,2026-07-22 11:27:00.000,2026-07-22 08:26:57.768,2026-07-22 08:26:57.768
"7c2b6cd1-b121-4da5-9ff5-f4878af94a4b","5d65358f-ecc6-425e-b624-75fb869ebd6d","657aca88-207c-474c-9abc-1af2429cad74",,CHECK_IN,42.22936595201864,27.775062123814617,false,86.0,false,2026-07-22 11:31:09.000,2026-07-22 08:31:12.980,2026-07-22 08:31:12.980
"193a84b4-e75b-4aab-aecc-59b40407ede7",d5aed01f-427e-4421-9e35-b8cde6f895a3,"657aca88-207c-474c-9abc-1af2429cad74",,CHECK_OUT,43.20290844643309,23.555694639265916,true,,true,2026-07-22 18:00:00.000,2026-07-23 00:01:00.106,2026-07-23 00:01:00.106
"12a078eb-67d5-4fa9-b4f7-6986ae5a0d20","5d65358f-ecc6-425e-b624-75fb869ebd6d","657aca88-207c-474c-9abc-1af2429cad74",,CHECK_OUT,42.22936595201864,27.775062123814617,true,,true,2026-07-22 18:00:00.000,2026-07-23 00:01:00.167,2026-07-23 00:01:00.167
d164b356-5b67-4c6b-a8f6-31f395121fd0,"5d65358f-ecc6-425e-b624-75fb869ebd6d","657aca88-207c-474c-9abc-1af2429cad74",,CHECK_IN,43.20269151932302,23.555408058274395,false,53.0,false,2026-07-27 08:20:47.000,2026-07-27 05:20:49.925,2026-07-27 05:20:49.925
"516b98da-921d-4d89-ac18-d82350663a83","5d65358f-ecc6-425e-b624-75fb869ebd6d",c211b70d-7f1d-43df-a4f0-1e93123ede1d,,CHECK_IN,43.20269940182356,23.55544629481376,false,62.0,false,2026-07-27 08:28:40.000,2026-07-27 05:28:43.896,2026-07-27 05:28:43.896
a91081b9-f45b-4715-9c91-3f994e8b066b,"5d65358f-ecc6-425e-b624-75fb869ebd6d",c211b70d-7f1d-43df-a4f0-1e93123ede1d,,CHECK_OUT,43.20260351621786,23.555402526340238,false,57.0,false,2026-07-27 08:31:04.000,2026-07-27 05:31:06.541,2026-07-27 05:31:06.541
"2ac57a1a-f79c-4e46-bfc4-b2a1298c6e2d","5d65358f-ecc6-425e-b624-75fb869ebd6d","657aca88-207c-474c-9abc-1af2429cad74",,CHECK_OUT,43.20270142173718,23.555416755205563,false,63.0,false,2026-07-27 08:41:02.000,2026-07-27 05:41:05.460,2026-07-27 05:41:05.460
"0b955653-a204-48eb-b211-b2ba29722a54","5d65358f-ecc6-425e-b624-75fb869ebd6d","510378d3-8afd-4a13-b553-d65fca89f73e",,CHECK_IN,43.20265434854162,23.55558068223339,false,60.0,false,2026-07-29 11:48:55.000,2026-07-29 08:48:57.433,2026-07-29 08:48:57.433
a5968be9-5276-4a53-bec7-88c6947d349e,"5d65358f-ecc6-425e-b624-75fb869ebd6d","510378d3-8afd-4a13-b553-d65fca89f73e",,CHECK_OUT,43.20266293720197,23.55548419994128,false,56.0,false,2026-07-29 11:52:37.000,2026-07-29 08:52:39.988,2026-07-29 08:52:39.988
"461a8c0e-cf96-4b95-9b30-2302a4b0bd94","52962adb-ebf2-4846-b675-a438ff5e70e6","657aca88-207c-474c-9abc-1af2429cad74",,CHECK_IN,43.20273439552276,23.55538799890077,false,72.0,false,2026-07-30 15:38:23.000,2026-07-30 12:38:21.784,2026-07-30 12:38:21.784
"89c48858-aaac-4a85-9ba0-f1320158f5da","52962adb-ebf2-4846-b675-a438ff5e70e6","657aca88-207c-474c-9abc-1af2429cad74",,CHECK_OUT,43.2028608,23.5553677,false,55.0,false,2026-07-30 16:54:23.000,2026-07-30 13:54:24.362,2026-07-30 13:54:24.362
"406d0005-cbbc-49a3-baa2-9b3740bab629","52962adb-ebf2-4846-b675-a438ff5e70e6",c211b70d-7f1d-43df-a4f0-1e93123ede1d,,CHECK_IN,43.2027109738064,23.555450119040987,true,64.0,false,2026-07-31 07:31:33.000,2026-07-31 04:31:33.189,2026-07-31 04:31:33.189
d2af8bc4-b5ff-4318-84ea-74b8a77f97f7,d5aed01f-427e-4421-9e35-b8cde6f895a3,"657aca88-207c-474c-9abc-1af2429cad74",,CHECK_IN,43.20285393241166,23.555657410574675,false,65.0,false,2026-07-31 09:38:05.000,2026-07-31 06:38:06.435,2026-07-31 06:38:06.435
"0e3b1024-7e51-4cd6-9680-865b0ea79607","52962adb-ebf2-4846-b675-a438ff5e70e6",c211b70d-7f1d-43df-a4f0-1e93123ede1d,,CHECK_OUT,43.2029305,23.5556475,true,46.0,false,2026-07-31 11:24:28.000,2026-07-31 08:24:28.252,2026-07-31 08:24:28.252
"473d07cb-9255-4b3f-b900-086c81bdce3c",d5aed01f-427e-4421-9e35-b8cde6f895a3,"657aca88-207c-474c-9abc-1af2429cad74",,CHECK_OUT,43.2029301,23.5556515,false,57.0,false,2026-07-31 11:25:30.000,2026-07-31 08:25:31.221,2026-07-31 08:25:31.221
"8af11c6c-4741-4e1b-b71d-ea94e33adbbd","986b9165-20b2-4ea1-b09f-498a58979161",c211b70d-7f1d-43df-a4f0-1e93123ede1d,,CHECK_IN,43.2054304,23.5620728,false,50.0,false,2026-07-31 14:03:04.000,2026-07-31 11:03:08.544,2026-07-31 11:03:08.544
"7ac0e85c-95c2-4a43-8730-806994e955a5",eef89a1f-8708-46d6-b233-9c498a8a4ee1,c211b70d-7f1d-43df-a4f0-1e93123ede1d,,CHECK_IN,0.0,0.0,false,53.0,false,2026-07-31 14:05:44.000,2026-07-31 11:05:47.677,2026-07-31 11:05:47.677
b34c3e95-9735-4d1c-aaaa-27f1be39fabb,"52109178-30c9-4195-9173-871165c4c31b",c211b70d-7f1d-43df-a4f0-1e93123ede1d,,CHECK_IN,0.0,0.0,false,64.0,false,2026-07-31 14:09:53.000,2026-07-31 11:09:57.501,2026-07-31 11:09:57.501
"7c8c1cb4-1eb7-4bf7-be6c-9c0abf29c0ca","986b9165-20b2-4ea1-b09f-498a58979161",c211b70d-7f1d-43df-a4f0-1e93123ede1d,,CHECK_OUT,0.0,0.0,false,59.0,false,2026-07-31 14:18:54.000,2026-07-31 11:18:55.035,2026-07-31 11:18:55.035
"7d7e5aed-2817-4414-88be-4edcccc80552","986b9165-20b2-4ea1-b09f-498a58979161",c211b70d-7f1d-43df-a4f0-1e93123ede1d,,CHECK_OUT,0.0,0.0,false,55.0,false,2026-07-31 14:18:53.000,2026-07-31 11:18:55.986,2026-07-31 11:18:55.986
"9a7de167-7683-4eae-b54f-031d2cd63ab2","986b9165-20b2-4ea1-b09f-498a58979161",c211b70d-7f1d-43df-a4f0-1e93123ede1d,,CHECK_IN,0.0,0.0,false,58.0,false,2026-07-31 14:19:05.000,2026-07-31 11:19:06.888,2026-07-31 11:19:06.888
"757b4d5d-21e7-4db9-b2d7-665470d646b1","986b9165-20b2-4ea1-b09f-498a58979161",c211b70d-7f1d-43df-a4f0-1e93123ede1d,,CHECK_OUT,0.0,0.0,false,48.0,false,2026-07-31 14:29:27.000,2026-07-31 11:29:28.481,2026-07-31 11:29:28.481
"1ae559cc-790d-4322-9ce1-1c473979ae9b","986b9165-20b2-4ea1-b09f-498a58979161",c211b70d-7f1d-43df-a4f0-1e93123ede1d,,CHECK_IN,0.0,0.0,false,48.0,false,2026-07-31 14:29:31.000,2026-07-31 11:29:34.452,2026-07-31 11:29:34.452
"1451126f-2eac-4ff8-9398-9fd6f63cdae1",eef89a1f-8708-46d6-b233-9c498a8a4ee1,c211b70d-7f1d-43df-a4f0-1e93123ede1d,,CHECK_OUT,43.205063,23.561802,false,59.0,false,2026-07-31 14:30:39.000,2026-07-31 11:30:29.041,2026-07-31 11:30:29.041
"8cafbbcc-bfc2-463b-bfdc-e5f495773c88",eef89a1f-8708-46d6-b233-9c498a8a4ee1,c211b70d-7f1d-43df-a4f0-1e93123ede1d,,CHECK_IN,43.205063,23.561802,false,57.0,false,2026-07-31 14:30:42.000,2026-07-31 11:30:35.051,2026-07-31 11:30:35.051
"676dcbd2-6ad8-4d37-b1eb-112ea580eb30",eef89a1f-8708-46d6-b233-9c498a8a4ee1,c211b70d-7f1d-43df-a4f0-1e93123ede1d,,CHECK_OUT,43.205063,23.561802,false,57.0,false,2026-07-31 14:30:56.000,2026-07-31 11:30:47.104,2026-07-31 11:30:47.104
a5ac96ef-a94f-43bb-aa37-48e41fb27124,eef89a1f-8708-46d6-b233-9c498a8a4ee1,c211b70d-7f1d-43df-a4f0-1e93123ede1d,,CHECK_IN,43.205063,23.561802,false,58.0,false,2026-07-31 14:31:09.000,2026-07-31 11:31:02.274,2026-07-31 11:31:02.274
fb16de3a-d27d-4510-b3da-9850dfe04b3e,eef89a1f-8708-46d6-b233-9c498a8a4ee1,c211b70d-7f1d-43df-a4f0-1e93123ede1d,,CHECK_OUT,43.205063,23.561802,false,58.0,false,2026-07-31 14:31:11.000,2026-07-31 11:31:02.319,2026-07-31 11:31:02.319
"64a0fcb6-1bd7-4bb4-948d-f41f04b20165","986b9165-20b2-4ea1-b09f-498a58979161","657aca88-207c-474c-9abc-1af2429cad74",,CHECK_OUT,43.1973162,23.561149,false,63.0,false,2026-07-31 15:43:43.000,2026-07-31 12:44:00.641,2026-07-31 12:44:00.641
"22781a8e-6380-47c1-bcde-3bea4752bf9d","986b9165-20b2-4ea1-b09f-498a58979161","657aca88-207c-474c-9abc-1af2429cad74",,CHECK_OUT,43.1973097,23.5611557,false,57.0,false,2026-07-31 15:47:11.000,2026-07-31 12:47:19.446,2026-07-31 12:47:19.446
abe6761e-3335-4888-9e8b-bb8ab1e911c0,"986b9165-20b2-4ea1-b09f-498a58979161","657aca88-207c-474c-9abc-1af2429cad74",,CHECK_IN,43.1973097,23.5611557,false,57.0,false,2026-07-31 15:47:14.000,2026-07-31 12:47:19.456,2026-07-31 12:47:19.456
fb69f550-d584-493c-8f71-29db6f7e4be1,"986b9165-20b2-4ea1-b09f-498a58979161","657aca88-207c-474c-9abc-1af2429cad74",,CHECK_OUT,43.2054438,23.5620701,false,56.0,false,2026-07-31 16:24:15.000,2026-07-31 13:24:23.763,2026-07-31 13:24:23.763
"5c282adf-ecb6-46dc-8d53-34c971f4f123","2ac74953-19d4-4eff-a675-7f65679df39c",c211b70d-7f1d-43df-a4f0-1e93123ede1d,,CHECK_IN,43.20547719121043,23.561704099594415,false,66.0,false,2026-07-31 16:35:59.000,2026-07-31 13:36:13.355,2026-07-31 13:36:13.355
c9f6797e-3d93-4633-a6bf-147c6f33aef5,"2ac74953-19d4-4eff-a675-7f65679df39c",c211b70d-7f1d-43df-a4f0-1e93123ede1d,,CHECK_OUT,43.20547719121043,23.561704099594415,false,63.0,false,2026-07-31 16:36:23.000,2026-07-31 13:36:43.309,2026-07-31 13:36:43.309
"8adc2e3d-578c-42ef-a78d-ac2a2081fb5b","986b9165-20b2-4ea1-b09f-498a58979161","657aca88-207c-474c-9abc-1af2429cad74",,CHECK_OUT,43.20547719121043,23.561704099594415,false,66.0,false,2026-07-31 16:36:35.000,2026-07-31 13:36:43.378,2026-07-31 13:36:43.378
e1c0b47a-dd1d-496f-b9e3-0a166377b93b,"986b9165-20b2-4ea1-b09f-498a58979161","657aca88-207c-474c-9abc-1af2429cad74",,CHECK_IN,43.20547719121043,23.561704099594415,false,68.0,false,2026-07-31 16:36:40.000,2026-07-31 13:36:43.385,2026-07-31 13:36:43.385
ddc9c847-e2da-4108-b394-040fba5565b6,"52109178-30c9-4195-9173-871165c4c31b",c211b70d-7f1d-43df-a4f0-1e93123ede1d,,CHECK_OUT,43.20547549630562,23.561628674271784,false,71.0,false,2026-07-31 16:45:04.000,2026-07-31 13:45:08.909,2026-07-31 13:45:08.909
d3abd2d8-daac-4345-8b3a-2ec3244661f1,"986b9165-20b2-4ea1-b09f-498a58979161","657aca88-207c-474c-9abc-1af2429cad74",,CHECK_OUT,43.20547549630562,23.561628674271784,false,68.0,false,2026-07-31 16:45:33.000,2026-07-31 13:45:38.907,2026-07-31 13:45:38.907
d24870ae-e99f-4a6d-af61-a0506d979040,"8827a7f3-5c69-4327-a1c3-d9b13c0d5bf5","657aca88-207c-474c-9abc-1af2429cad74",,CHECK_IN,43.812036509175186,25.97890473867682,false,91.0,false,2026-07-31 16:49:36.000,2026-07-31 13:49:43.513,2026-07-31 13:49:43.513
"27a28109-9dbc-48fc-8cde-a8cb344728ff",d5aed01f-427e-4421-9e35-b8cde6f895a3,"657aca88-207c-474c-9abc-1af2429cad74",,CHECK_IN,43.202901815021264,23.555751535828712,false,62.0,false,2026-07-31 17:05:08.000,2026-07-31 14:05:24.334,2026-07-31 14:05:24.334
"314349ae-f35a-4435-aad9-b3eabc978d71",d5aed01f-427e-4421-9e35-b8cde6f895a3,"657aca88-207c-474c-9abc-1af2429cad74",,CHECK_OUT,43.20290650608821,23.555740738997244,false,63.0,false,2026-07-31 17:05:29.000,2026-07-31 14:05:54.342,2026-07-31 14:05:54.342
da583ea6-6f96-44f4-8ccc-74b0b374a4d6,"52962adb-ebf2-4846-b675-a438ff5e70e6",c211b70d-7f1d-43df-a4f0-1e93123ede1d,,CHECK_IN,43.20274675980838,23.555339395279194,true,67.0,false,2026-07-31 17:12:15.000,2026-07-31 14:12:20.689,2026-07-31 14:12:20.689
"5ae706d7-77a5-4598-948c-f1eb0aabcc54","52962adb-ebf2-4846-b675-a438ff5e70e6","657aca88-207c-474c-9abc-1af2429cad74",,CHECK_OUT,43.20266265862382,23.55545463309693,false,71.0,false,2026-07-31 17:14:01.000,2026-07-31 14:14:04.115,2026-07-31 14:14:04.115
b526df19-40fe-420f-a116-9127a60f2178,d5aed01f-427e-4421-9e35-b8cde6f895a3,"657aca88-207c-474c-9abc-1af2429cad74",,CHECK_IN,43.202936970153125,23.555664569508295,false,64.0,false,2026-07-31 17:17:33.000,2026-07-31 14:17:52.631,2026-07-31 14:17:52.631
"2d6ac46e-2591-468b-ba0d-b7d7cca33f75",d5aed01f-427e-4421-9e35-b8cde6f895a3,"657aca88-207c-474c-9abc-1af2429cad74",,CHECK_OUT,43.2029401271854,23.555657849000927,false,56.0,false,2026-07-31 17:19:26.000,2026-07-31 14:19:40.304,2026-07-31 14:19:40.304
efb91f68-cdeb-46e5-b78d-f106905fac45,"52962adb-ebf2-4846-b675-a438ff5e70e6",c211b70d-7f1d-43df-a4f0-1e93123ede1d,,CHECK_OUT,43.20273023032843,23.555403704795992,true,74.0,false,2026-07-31 17:24:13.000,2026-07-31 14:24:23.160,2026-07-31 14:24:23.160
"0bc7da55-2f95-4ff8-99c6-84bba87808f8","52962adb-ebf2-4846-b675-a438ff5e70e6",c211b70d-7f1d-43df-a4f0-1e93123ede1d,,CHECK_IN,43.202629500123486,23.55541959574227,true,69.0,false,2026-07-31 17:27:29.000,2026-07-31 14:27:42.479,2026-07-31 14:27:42.479
"240bccc5-4832-4ba8-86cc-0ad262e4a095","52962adb-ebf2-4846-b675-a438ff5e70e6",c211b70d-7f1d-43df-a4f0-1e93123ede1d,,CHECK_OUT,43.20266882127859,23.555352018391737,true,65.0,false,2026-07-31 17:28:19.000,2026-07-31 14:28:26.891,2026-07-31 14:28:26.891
d27f20ff-4389-4885-92bc-27a2f1aa8a43,"8827a7f3-5c69-4327-a1c3-d9b13c0d5bf5","657aca88-207c-474c-9abc-1af2429cad74",,CHECK_OUT,43.812036509175186,25.97890473867682,true,,true,2026-07-31 18:00:00.000,2026-08-01 00:01:00.120,2026-08-01 00:01:00.120
"971624e3-f064-4164-8e4f-51c43e14262d","52962adb-ebf2-4846-b675-a438ff5e70e6","657aca88-207c-474c-9abc-1af2429cad74",,CHECK_IN,43.20272538978763,23.555444388772578,false,65.0,false,2026-08-01 08:51:33.000,2026-08-01 05:51:38.018,2026-08-01 05:51:38.018
"95e09fde-8be4-4eec-8e91-108dd19f5389","52962adb-ebf2-4846-b675-a438ff5e70e6","657aca88-207c-474c-9abc-1af2429cad74",,CHECK_OUT,43.20271451828021,23.555321031180316,false,64.0,false,2026-08-01 08:55:06.000,2026-08-01 05:55:08.176,2026-08-01 05:55:08.176
"9f1867fb-7925-4e7a-b18c-7d804cf910a1","52962adb-ebf2-4846-b675-a438ff5e70e6","657aca88-207c-474c-9abc-1af2429cad74",,CHECK_IN,43.20269948531404,23.55541461064467,false,59.0,false,2026-08-01 08:59:21.000,2026-08-01 05:59:34.688,2026-08-01 05:59:34.688
e1c87efe-1615-4e4f-91c6-2b59f8b028c3,"52962adb-ebf2-4846-b675-a438ff5e70e6","657aca88-207c-474c-9abc-1af2429cad74",,CHECK_OUT,43.20264535221599,23.555324839303285,false,56.0,false,2026-08-01 08:59:49.000,2026-08-01 06:00:04.590,2026-08-01 06:00:04.590
"1632e68e-31af-4871-8a51-765f17545032","52962adb-ebf2-4846-b675-a438ff5e70e6","657aca88-207c-474c-9abc-1af2429cad74",,CHECK_IN,43.202733221430634,23.55532725134839,false,53.0,false,2026-08-01 09:00:24.000,2026-08-01 06:00:34.623,2026-08-01 06:00:34.623
"538431a2-9fbf-4eec-8f01-e6755a66834d","52962adb-ebf2-4846-b675-a438ff5e70e6","657aca88-207c-474c-9abc-1af2429cad74",,CHECK_OUT,43.202733221430634,23.55532725134839,false,47.0,false,2026-08-01 09:00:32.000,2026-08-01 06:00:34.627,2026-08-01 06:00:34.627
"21014e7f-c71e-484c-96f8-09402a93b1e4","52962adb-ebf2-4846-b675-a438ff5e70e6","657aca88-207c-474c-9abc-1af2429cad74",,CHECK_IN,43.2029156,23.5553974,false,62.0,false,2026-08-03 14:48:02.000,2026-08-03 11:48:08.106,2026-08-03 11:48:08.106
"771a9249-27f3-4946-bd2b-08bd08617569","52962adb-ebf2-4846-b675-a438ff5e70e6","657aca88-207c-474c-9abc-1af2429cad74",,CHECK_IN,43.2029092,23.5553797,false,63.0,false,2026-08-03 14:49:39.000,2026-08-03 11:50:16.806,2026-08-03 11:50:16.806
"93a32f71-afd0-4b1c-9e4a-7c274420b7b0","52962adb-ebf2-4846-b675-a438ff5e70e6","657aca88-207c-474c-9abc-1af2429cad74",,CHECK_OUT,43.2029001,23.5553863,false,61.0,false,2026-08-03 14:49:41.000,2026-08-03 11:50:16.808,2026-08-03 11:50:16.808
"142d7b99-ad88-41c5-8e52-9b717067c04d","52962adb-ebf2-4846-b675-a438ff5e70e6","657aca88-207c-474c-9abc-1af2429cad74",,CHECK_IN,43.202753682624895,23.5552711019832,false,85.0,false,2026-08-03 14:51:00.000,2026-08-03 11:51:07.445,2026-08-03 11:51:07.445
"4f0a065f-1820-4407-b8b4-1bd752dd908f","52962adb-ebf2-4846-b675-a438ff5e70e6","657aca88-207c-474c-9abc-1af2429cad74",,CHECK_OUT,43.20264684708903,23.555341299998556,false,77.0,false,2026-08-03 14:52:09.000,2026-08-03 11:52:15.011,2026-08-03 11:52:15.011
b247a4a9-7b5d-4b1c-8d0a-85a85cbd23e6,"52962adb-ebf2-4846-b675-a438ff5e70e6","657aca88-207c-474c-9abc-1af2429cad74",,CHECK_IN,43.2026523383437,23.555322587843765,false,76.0,false,2026-08-03 14:53:36.000,2026-08-03 11:53:45.607,2026-08-03 11:53:45.607
b756b55c-b4f2-411a-b6fe-f8d3727c1512,"52962adb-ebf2-4846-b675-a438ff5e70e6","657aca88-207c-474c-9abc-1af2429cad74",,CHECK_OUT,43.20273098848224,23.555380207095435,false,77.0,false,2026-08-03 14:53:42.000,2026-08-03 11:53:45.619,2026-08-03 11:53:45.619
f3fefa5b-eca1-45ca-bc18-e7c23429dc38,"52962adb-ebf2-4846-b675-a438ff5e70e6",c211b70d-7f1d-43df-a4f0-1e93123ede1d,,CHECK_IN,43.202670036375025,23.5553945890129,true,81.0,false,2026-08-03 14:55:49.000,2026-08-03 11:56:08.368,2026-08-03 11:56:08.368
"133c9f57-50ff-47ad-b1fe-f252ddc0403b","52962adb-ebf2-4846-b675-a438ff5e70e6",c211b70d-7f1d-43df-a4f0-1e93123ede1d,,CHECK_OUT,43.202670036375025,23.5553945890129,true,81.0,false,2026-08-03 14:55:55.000,2026-08-03 11:56:08.370,2026-08-03 11:56:08.370
b2ce736c-3578-49c3-82ce-1d9fe3709fb6,"1dc82cbd-bb38-40c3-b4a6-e8aff6d01ede","657aca88-207c-474c-9abc-1af2429cad74",,CHECK_IN,43.20273362356097,23.556093289979444,false,57.0,false,2026-08-03 17:08:22.000,2026-08-03 14:08:40.437,2026-08-03 14:08:40.437
b9f68738-a66b-460b-9f72-bd9f49407c6b,"1dc82cbd-bb38-40c3-b4a6-e8aff6d01ede","657aca88-207c-474c-9abc-1af2429cad74",,CHECK_OUT,43.20271416765832,23.556093584821266,false,82.0,false,2026-08-03 17:08:33.000,2026-08-03 14:08:40.444,2026-08-03 14:08:40.444
dad871d8-f4c2-4f1e-90fe-899998b0f224,"1dc82cbd-bb38-40c3-b4a6-e8aff6d01ede","657aca88-207c-474c-9abc-1af2429cad74",,CHECK_IN,43.20274065928319,23.55602336534648,false,71.0,false,2026-08-03 17:09:11.000,2026-08-03 14:09:33.182,2026-08-03 14:09:33.182
"2546cdd7-d337-4c84-ba28-8accd700472a","1dc82cbd-bb38-40c3-b4a6-e8aff6d01ede","657aca88-207c-474c-9abc-1af2429cad74",,CHECK_OUT,43.20270025445822,23.556140881058607,false,68.0,false,2026-08-03 17:09:29.000,2026-08-03 14:09:33.185,2026-08-03 14:09:33.185
f9ab9f5c-7d2c-4229-ad09-23450915c2e6,fb71202f-c509-4a25-a5b7-a5e374424833,"657aca88-207c-474c-9abc-1af2429cad74",,CHECK_IN,43.20274636217664,23.55545330430575,false,85.0,false,2026-08-03 19:46:01.000,2026-08-03 16:46:23.820,2026-08-03 16:46:23.820
bacf65d9-0a70-4ece-bc19-83928be345b1,"52962adb-ebf2-4846-b675-a438ff5e70e6",c211b70d-7f1d-43df-a4f0-1e93123ede1d,,CHECK_IN,43.20269572923069,23.555410154052964,true,73.0,false,2026-08-03 19:50:05.000,2026-08-03 16:50:32.800,2026-08-03 16:50:32.800
"2e5ab485-8ba9-4308-82fc-23e3a024096b","52962adb-ebf2-4846-b675-a438ff5e70e6",c211b70d-7f1d-43df-a4f0-1e93123ede1d,,CHECK_OUT,43.20267404236021,23.555436266818074,true,71.0,false,2026-08-03 19:50:29.000,2026-08-03 16:50:32.804,2026-08-03 16:50:32.804
d2d2e56f-94b6-420b-b938-178d0a2a06f9,"52962adb-ebf2-4846-b675-a438ff5e70e6",c211b70d-7f1d-43df-a4f0-1e93123ede1d,,CHECK_IN,43.20261232777517,23.555390585827745,true,73.0,false,2026-08-03 19:50:54.000,2026-08-03 16:51:02.803,2026-08-03 16:51:02.803
bb951a3c-a40d-43f5-b60b-34a668002b1b,"52962adb-ebf2-4846-b675-a438ff5e70e6",c211b70d-7f1d-43df-a4f0-1e93123ede1d,,CHECK_OUT,43.20273998881094,23.555447372516877,true,74.0,false,2026-08-03 19:51:07.000,2026-08-03 16:51:32.928,2026-08-03 16:51:32.928
"49d7044e-e5bf-49dc-bf21-182733af3fe3","52962adb-ebf2-4846-b675-a438ff5e70e6",c211b70d-7f1d-43df-a4f0-1e93123ede1d,,CHECK_IN,43.20268851847996,23.555167402979013,true,69.0,false,2026-08-03 19:51:20.000,2026-08-03 16:51:32.930,2026-08-03 16:51:32.930
"60025a83-fb28-459b-8deb-159978391015","52962adb-ebf2-4846-b675-a438ff5e70e6",c211b70d-7f1d-43df-a4f0-1e93123ede1d,,CHECK_OUT,43.20268851847996,23.555167402979013,true,68.0,false,2026-08-03 19:51:27.000,2026-08-03 16:51:32.932,2026-08-03 16:51:32.932
"786dd606-0f05-41d0-b042-67e784f97102",fa66fdc6-3e94-45df-be01-98b1e5dde64e,"657aca88-207c-474c-9abc-1af2429cad74",,CHECK_IN,43.1947197,23.6082106,true,53.0,false,2026-08-04 07:05:56.000,2026-08-04 04:06:02.304,2026-08-04 04:06:02.304
"4693602e-ad06-4111-b162-8405b1b6b707",c5903b81-8b17-49bb-82b3-51a8a5880762,"657aca88-207c-474c-9abc-1af2429cad74",,CHECK_IN,43.194712,23.6081003,true,75.0,false,2026-08-04 07:06:38.000,2026-08-04 04:06:39.100,2026-08-04 04:06:39.100
"993dabb2-d88b-4e28-915c-4ab9eb6d1c62","233ff4a9-d5ab-45b4-8a0e-966eef3486be","657aca88-207c-474c-9abc-1af2429cad74",,CHECK_IN,43.1947508,23.6081765,true,59.0,false,2026-08-04 07:06:05.000,2026-08-04 04:06:08.969,2026-08-04 04:06:08.969
c674fe75-8e59-4455-a739-9307eedb86c4,"74527f74-35db-4321-b590-e9a72dc32935","657aca88-207c-474c-9abc-1af2429cad74",,CHECK_IN,43.1948143,23.6080378,true,67.0,false,2026-08-04 07:07:46.000,2026-08-04 04:08:08.999,2026-08-04 04:08:08.999
c78937e9-4214-44b2-9a83-8937b529d779,"81b36c11-0d95-4b61-8193-4e59127b7d22","657aca88-207c-474c-9abc-1af2429cad74",,CHECK_IN,43.1948154,23.6080305,true,53.0,false,2026-08-04 07:07:54.000,2026-08-04 04:08:09.005,2026-08-04 04:08:09.005
"5e2f9b34-4450-4a16-a7f9-e1621f91468f",fd2b5a2d-f9dd-4293-83c7-76ea00b396ff,"657aca88-207c-474c-9abc-1af2429cad74",,CHECK_IN,43.1948173,23.6079947,true,60.0,false,2026-08-04 07:08:04.000,2026-08-04 04:08:09.011,2026-08-04 04:08:09.011
"73c9739d-f1a9-46e4-aad5-235ce865e660","2eca8bc8-65a5-4298-870f-0615602aef91","657aca88-207c-474c-9abc-1af2429cad74",,CHECK_IN,43.194535,23.6082015,true,60.0,false,2026-08-04 07:01:53.000,2026-08-04 04:02:09.039,2026-08-04 04:02:09.039
"782b2834-5011-4f84-ba25-a7c355355586",f721fdd2-47ce-45a6-838e-5ac2aed4cd75,"657aca88-207c-474c-9abc-1af2429cad74",,CHECK_IN,43.1946661,23.6082806,true,70.0,false,2026-08-04 07:02:06.000,2026-08-04 04:02:09.049,2026-08-04 04:02:09.049
"7f2bc020-851e-4a60-9ba6-2fdf436f74a2","926758e5-3a61-4ad6-82b2-34c4816c75b8","657aca88-207c-474c-9abc-1af2429cad74",,CHECK_IN,43.1946264,23.6084846,true,61.0,false,2026-08-04 07:02:21.000,2026-08-04 04:02:38.996,2026-08-04 04:02:38.996
"8651834e-a6cf-48cd-bdd5-436da5d2c369","1b3d636b-7b18-47e4-a9ea-32ce33378b37","657aca88-207c-474c-9abc-1af2429cad74",,CHECK_IN,43.1946625,23.6082791,true,71.0,false,2026-08-04 07:02:31.000,2026-08-04 04:02:39.003,2026-08-04 04:02:39.003
bc69f189-63fd-4997-abdb-17bb22462696,d6b6d84e-0445-43df-9f71-ca5679ce20cd,"657aca88-207c-474c-9abc-1af2429cad74",,CHECK_IN,43.1946635,23.6082795,true,55.0,false,2026-08-04 07:02:45.000,2026-08-04 04:03:08.926,2026-08-04 04:03:08.926
ceb9c8e2-7fcc-438e-b687-98fc3bdfaae7,"39e5754e-7c46-4954-8ee2-e32c36bf4e93","657aca88-207c-474c-9abc-1af2429cad74",,CHECK_IN,43.194664,23.6082796,true,64.0,false,2026-08-04 07:02:55.000,2026-08-04 04:03:08.931,2026-08-04 04:03:08.931
"58892cf6-7fa4-49cb-8c8c-fc1f93423f0f","602d9323-f5c4-4df1-b6c4-84604b161a27","657aca88-207c-474c-9abc-1af2429cad74",,CHECK_IN,43.1946612,23.6082816,true,63.0,false,2026-08-04 07:03:20.000,2026-08-04 04:03:31.138,2026-08-04 04:03:31.138
f8b956c4-bda4-4785-90b4-0749e843b6f6,"5e8263c0-8db9-4084-810f-7317368bd919","657aca88-207c-474c-9abc-1af2429cad74",,CHECK_IN,43.1946509,23.6082932,true,56.0,false,2026-08-04 07:03:35.000,2026-08-04 04:03:39.037,2026-08-04 04:03:39.037
f3d6c69a-d9d0-450c-8789-34d5d0c9604c,"61c76398-dbf7-43bf-830f-6eac33943779","657aca88-207c-474c-9abc-1af2429cad74",,CHECK_IN,43.1946624,23.608275,true,68.0,false,2026-08-04 07:03:43.000,2026-08-04 04:04:08.627,2026-08-04 04:04:08.627
"0524ec18-9e93-4263-a227-836ce22cb839","2112a5d6-1663-442a-a32b-1ef34b46c97c","657aca88-207c-474c-9abc-1af2429cad74",,CHECK_IN,43.1947331,23.6081558,true,61.0,false,2026-08-04 07:04:15.000,2026-08-04 04:04:39.055,2026-08-04 04:04:39.055
bd938348-82ae-4e46-abc3-00de22249d64,"1e0cfcc4-0a5c-4457-8811-3e370c4f260f","657aca88-207c-474c-9abc-1af2429cad74",,CHECK_IN,43.1947267,23.6080839,true,64.0,false,2026-08-04 07:04:21.000,2026-08-04 04:04:39.062,2026-08-04 04:04:39.062
"14e3b1e1-3187-41e7-9046-8bddcc2ce034","512f4471-88b5-4ff9-8b20-5996f534a6e3","657aca88-207c-474c-9abc-1af2429cad74",,CHECK_IN,43.1946855,23.6082606,true,46.0,false,2026-08-04 07:04:36.000,2026-08-04 04:04:39.069,2026-08-04 04:04:39.069
ee90238a-5c74-4b26-9e96-9ea71a3836b8,"512f4471-88b5-4ff9-8b20-5996f534a6e3","657aca88-207c-474c-9abc-1af2429cad74",,CHECK_OUT,43.1946838,23.6082647,true,46.0,false,2026-08-04 07:04:36.000,2026-08-04 04:04:39.071,2026-08-04 04:04:39.071
"5c2a92da-6500-4004-ae57-0acf6d9645dd","512f4471-88b5-4ff9-8b20-5996f534a6e3","657aca88-207c-474c-9abc-1af2429cad74",,CHECK_IN,43.1946752,23.6082613,true,47.0,false,2026-08-04 07:04:41.000,2026-08-04 04:04:45.473,2026-08-04 04:04:45.473
"821bfef6-cd68-4b60-a286-f8444b9fa52c","8218a51e-5a6c-4bde-8519-24df8070b8a9","657aca88-207c-474c-9abc-1af2429cad74",,CHECK_IN,43.1946934,23.6082489,true,59.0,false,2026-08-04 07:04:54.000,2026-08-04 04:05:48.559,2026-08-04 04:05:48.559
"257f5a05-3033-408f-a2b5-42c344f63202","12459722-0311-458f-a320-5d9e4d7cad5c","657aca88-207c-474c-9abc-1af2429cad74",,CHECK_IN,43.1947629,23.6080879,true,57.0,false,2026-08-04 07:07:17.000,2026-08-04 04:07:39.111,2026-08-04 04:07:39.111
"40b73106-8c10-4af2-a85b-3cb91bbe29db","8308ef9d-f2d5-42e7-a7e4-25733136cae0","657aca88-207c-474c-9abc-1af2429cad74",,CHECK_IN,43.1947885,23.6080512,true,48.0,false,2026-08-04 07:07:25.000,2026-08-04 04:07:39.120,2026-08-04 04:07:39.120
"857d64f9-f9bd-417d-bbf2-d1829c7fee39","90570712-1957-4575-9ae0-16d3f2aa5ee9","657aca88-207c-474c-9abc-1af2429cad74",,CHECK_IN,43.1948007,23.6080438,true,69.0,false,2026-08-04 07:07:31.000,2026-08-04 04:07:39.125,2026-08-04 04:07:39.125
"6720494b-0b0c-4d88-9298-991d27dc836a","75f4f67c-1b34-4b4e-8986-ec8b9a4b3da7","657aca88-207c-474c-9abc-1af2429cad74",,CHECK_IN,43.19481,23.6080358,true,68.0,false,2026-08-04 07:07:39.000,2026-08-04 04:07:39.135,2026-08-04 04:07:39.135
"9ea8b28b-3036-445a-9647-fd5a47d6dfb2",ff75470c-6a3a-4e5d-877d-74e99a17fe9d,"657aca88-207c-474c-9abc-1af2429cad74",,CHECK_IN,43.1947311,23.6081465,true,61.0,false,2026-08-04 07:13:15.000,2026-08-04 04:13:26.547,2026-08-04 04:13:26.547
b888d240-9e43-48da-9d17-5e06c97b87ba,"17a2c2cb-60c8-49e9-9a7d-e5b48980a7f2","657aca88-207c-474c-9abc-1af2429cad74",,CHECK_IN,43.1947374,23.6081547,true,56.0,false,2026-08-04 07:13:22.000,2026-08-04 04:13:26.554,2026-08-04 04:13:26.554
baef20b9-6cf8-457b-a06a-2c3ac2d10f7a,edb99d63-344d-4fb1-bc43-8282f0f35e0c,"657aca88-207c-474c-9abc-1af2429cad74",,CHECK_IN,43.1947024,23.6082593,true,56.0,false,2026-08-04 07:14:15.000,2026-08-04 04:14:40.555,2026-08-04 04:14:40.555
a244ae1f-07c9-4d09-a5f3-1757e63d82a6,"17e4eb94-d4ab-472a-ad3a-991750ee662a","657aca88-207c-474c-9abc-1af2429cad74",,CHECK_IN,43.1947662,23.6082922,true,66.0,false,2026-08-04 07:15:16.000,2026-08-04 04:15:40.481,2026-08-04 04:15:40.481
e7de5db6-39db-4a48-8e27-1d124497df98,"2ecb59a4-bc4c-4784-8741-2f8bcf5c2a65","657aca88-207c-474c-9abc-1af2429cad74",,CHECK_IN,43.1947001,23.6082614,true,46.0,false,2026-08-04 07:19:13.000,2026-08-04 04:19:40.639,2026-08-04 04:19:40.639
"007f1731-3e26-4a25-b79a-f181ae209494",f71a195c-7f69-46bf-b5bd-711c2beacdc9,"657aca88-207c-474c-9abc-1af2429cad74",,CHECK_IN,43.194721,23.608585,true,63.0,false,2026-08-04 07:24:21.000,2026-08-04 04:24:50.200,2026-08-04 04:24:50.200
e27ec8ee-9573-4cec-ac31-6d5dad4a2ece,"2555d529-ff47-49b6-931f-f2dce830a6fc","657aca88-207c-474c-9abc-1af2429cad74",,CHECK_IN,43.194721,23.608585,true,71.0,false,2026-08-04 07:24:33.000,2026-08-04 04:24:50.211,2026-08-04 04:24:50.211
"55c5a742-b9df-41a1-a12d-1a087ecf0457",e5f48139-e050-420d-bd34-a8451eff467f,"657aca88-207c-474c-9abc-1af2429cad74",,CHECK_IN,43.194721,23.608585,true,80.0,false,2026-08-04 07:25:43.000,2026-08-04 04:26:05.346,2026-08-04 04:26:05.346
"6f7e1746-7fa3-4cd4-b586-5a00eaa1bdbe",b15c0a24-f180-4043-b67a-d5e02a85c89b,"657aca88-207c-474c-9abc-1af2429cad74",,CHECK_IN,43.1946972,23.608267,true,70.0,false,2026-08-04 07:25:55.000,2026-08-04 04:26:10.720,2026-08-04 04:26:10.720
"1707eaf6-bd74-41f1-b8dd-32130a9e296f",af4a589c-808d-42ac-b374-59a1883692ae,"657aca88-207c-474c-9abc-1af2429cad74",,CHECK_IN,43.1946975,23.6082629,true,65.0,false,2026-08-04 07:25:59.000,2026-08-04 04:26:10.726,2026-08-04 04:26:10.726
"48b715f1-69ab-4df6-9d03-e9a348e09f4d",a467fc90-25a2-4048-a48d-6f5ee1ccee67,"657aca88-207c-474c-9abc-1af2429cad74",,CHECK_IN,43.1946969,23.6082638,true,55.0,false,2026-08-04 07:26:03.000,2026-08-04 04:26:10.732,2026-08-04 04:26:10.732
"509601cd-0843-4b77-a91c-b765ff2ea44f","240bc314-dfdc-41e1-a45f-c4c573a44788","657aca88-207c-474c-9abc-1af2429cad74",,CHECK_IN,43.1946965,23.6082676,true,47.0,false,2026-08-04 07:26:15.000,2026-08-04 04:26:40.561,2026-08-04 04:26:40.561
f32d54e7-c8c1-4901-b47b-10960688ae9f,"628d40d0-959d-4870-8cf6-9099e8749af9","657aca88-207c-474c-9abc-1af2429cad74",,CHECK_IN,43.194696,23.6082671,true,56.0,false,2026-08-04 07:26:24.000,2026-08-04 04:26:40.567,2026-08-04 04:26:40.567
e78c2990-19a6-4cd0-8c3a-1785b938a46d,aa93b9b6-4dc0-48dc-9614-f0b955445b40,"657aca88-207c-474c-9abc-1af2429cad74",,CHECK_IN,43.1946993,23.6082715,true,78.0,false,2026-08-04 07:30:28.000,2026-08-04 04:30:40.568,2026-08-04 04:30:40.568
d6858c11-01f3-4305-bdcd-c9d75c1c1eb6,"5ed83e7e-0f5e-4f14-b5ab-03e63b1038bc","657aca88-207c-474c-9abc-1af2429cad74",,CHECK_IN,43.1947624,23.6081978,true,67.0,false,2026-08-04 07:38:09.000,2026-08-04 04:38:24.770,2026-08-04 04:38:24.770
cdda5136-49f4-4bc9-9b59-8ce524c151b9,f5f7d765-d2db-4a95-b655-27499c69acf2,"657aca88-207c-474c-9abc-1af2429cad74",,CHECK_IN,43.1947374,23.6082204,true,65.0,false,2026-08-04 07:38:31.000,2026-08-04 04:38:54.572,2026-08-04 04:38:54.572
"36f1937b-6cf8-4f6f-a3cb-0575dae4e226","1c9f0cce-7d52-4182-9a80-75f87a851a6b","657aca88-207c-474c-9abc-1af2429cad74",,CHECK_IN,43.1947394,23.6082284,true,56.0,false,2026-08-04 07:38:39.000,2026-08-04 04:38:54.580,2026-08-04 04:38:54.580
"7822b43c-0101-4375-ac4b-0e3a5a8e82e0","64c97323-158f-4b18-ad45-0fd3cb0cecca","657aca88-207c-474c-9abc-1af2429cad74",,CHECK_IN,43.1947394,23.6082284,true,73.0,false,2026-08-04 07:38:45.000,2026-08-04 04:38:54.586,2026-08-04 04:38:54.586
d712188e-2ac4-45a5-933a-a402c21e64fc,e5a36817-048f-4868-929a-d1cf32fc6258,"657aca88-207c-474c-9abc-1af2429cad74",,CHECK_IN,43.1947359,23.6082433,true,62.0,false,2026-08-04 07:39:40.000,2026-08-04 04:39:54.728,2026-08-04 04:39:54.728
e65568dc-34eb-4e82-8872-ab9d96a65efb,c7e8ca14-c7a8-469e-880d-c0f98cdf485e,"657aca88-207c-474c-9abc-1af2429cad74",,CHECK_IN,43.1947334,23.6082403,true,53.0,false,2026-08-04 07:40:10.000,2026-08-04 04:40:24.540,2026-08-04 04:40:24.540
c4373519-d5a2-4ae3-a9e7-90ffc47d2026,"77a6d5e3-909d-4b7f-a456-154344b678f4","657aca88-207c-474c-9abc-1af2429cad74",,CHECK_IN,43.1947459,23.6082303,true,67.0,false,2026-08-04 07:47:51.000,2026-08-04 04:48:19.809,2026-08-04 04:48:19.809
b7abf85c-8290-459a-b436-cdd2c807a363,"2501fe3b-87b2-4539-b79d-49be6e92cf4d","657aca88-207c-474c-9abc-1af2429cad74",,CHECK_IN,43.194721,23.608585,true,91.0,false,2026-08-04 07:57:53.000,2026-08-04 04:58:05.895,2026-08-04 04:58:05.895
"20776bda-8d24-458a-b8e1-c20f4752d434",fb71202f-c509-4a25-a5b7-a5e374424833,"657aca88-207c-474c-9abc-1af2429cad74",,CHECK_OUT,43.20274636217664,23.55545330430575,false,,true,2026-08-04 18:00:00.000,2026-08-04 00:01:00.092,2026-08-04 00:01:00.092
"1a02160f-4ed5-41e1-8b0e-be5a7cef6fae","2501fe3b-87b2-4539-b79d-49be6e92cf4d","657aca88-207c-474c-9abc-1af2429cad74",,CHECK_OUT,43.194721,23.608585,true,75.0,false,2026-08-04 17:00:32.000,2026-08-04 14:00:59.804,2026-08-04 14:00:59.804
bc012508-ce6f-4503-a09f-b0626256f643,"1b3d636b-7b18-47e4-a9ea-32ce33378b37","657aca88-207c-474c-9abc-1af2429cad74",,CHECK_OUT,43.194721,23.608585,true,59.0,false,2026-08-04 17:00:42.000,2026-08-04 14:00:59.812,2026-08-04 14:00:59.812
b9cac59d-e66a-4058-812d-5d458e34814b,"3d976022-5033-4c30-883d-2bb683c9cfa1","657aca88-207c-474c-9abc-1af2429cad74",,CHECK_IN,43.194721,23.608585,true,68.0,false,2026-08-04 17:00:55.000,2026-08-04 14:00:59.819,2026-08-04 14:00:59.819
e9d515fc-1d01-4edb-8f6e-219927caf498,"2555d529-ff47-49b6-931f-f2dce830a6fc","657aca88-207c-474c-9abc-1af2429cad74",,CHECK_OUT,43.194721,23.608585,true,56.0,false,2026-08-04 17:01:08.000,2026-08-04 14:01:29.487,2026-08-04 14:01:29.487
f1bae2cd-b277-4ad0-91c9-3f9eee3afe6f,e5a36817-048f-4868-929a-d1cf32fc6258,"657aca88-207c-474c-9abc-1af2429cad74",,CHECK_OUT,43.194721,23.608585,true,53.0,false,2026-08-04 17:01:59.000,2026-08-04 14:02:29.406,2026-08-04 14:02:29.406
"79821d96-93ca-4efc-8928-543e5f783289","926758e5-3a61-4ad6-82b2-34c4816c75b8","657aca88-207c-474c-9abc-1af2429cad74",,CHECK_OUT,43.194721,23.608585,true,61.0,false,2026-08-04 17:05:11.000,2026-08-04 14:05:29.656,2026-08-04 14:05:29.656
e21a69b5-b5f5-4b7b-b0ce-3e973cde8aba,b15c0a24-f180-4043-b67a-d5e02a85c89b,"657aca88-207c-474c-9abc-1af2429cad74",,CHECK_OUT,43.194721,23.608585,true,67.0,false,2026-08-04 17:05:37.000,2026-08-04 14:05:59.394,2026-08-04 14:05:59.394
"66e11baa-9f44-4782-a9a0-0f3dee5d35ce",af4a589c-808d-42ac-b374-59a1883692ae,"657aca88-207c-474c-9abc-1af2429cad74",,CHECK_OUT,43.194721,23.608585,true,54.0,false,2026-08-04 17:06:28.000,2026-08-04 14:06:29.401,2026-08-04 14:06:29.401
"5a59088a-c67d-4021-9569-b497915627ab",aa93b9b6-4dc0-48dc-9614-f0b955445b40,"657aca88-207c-474c-9abc-1af2429cad74",,CHECK_OUT,43.194721,23.608585,true,60.0,false,2026-08-04 17:06:37.000,2026-08-04 14:06:59.450,2026-08-04 14:06:59.450
e432100b-e695-4590-b537-4acec19324b4,"602d9323-f5c4-4df1-b6c4-84604b161a27","657aca88-207c-474c-9abc-1af2429cad74",,CHECK_OUT,43.194721,23.608585,true,59.0,false,2026-08-04 17:07:29.000,2026-08-04 14:07:59.450,2026-08-04 14:07:59.450
e30addb6-232c-484e-9a71-1b5d80c72ce3,"1c9f0cce-7d52-4182-9a80-75f87a851a6b","657aca88-207c-474c-9abc-1af2429cad74",,CHECK_OUT,43.194721,23.608585,true,61.0,false,2026-08-04 17:07:41.000,2026-08-04 14:07:59.454,2026-08-04 14:07:59.454
"27729b93-1c74-4808-9e6a-54c2ce021150","77a6d5e3-909d-4b7f-a456-154344b678f4","657aca88-207c-474c-9abc-1af2429cad74",,CHECK_OUT,43.194721,23.608585,true,74.0,false,2026-08-04 17:07:53.000,2026-08-04 14:07:59.458,2026-08-04 14:07:59.458
ef8fba03-af18-41c9-8ed1-f6faacb1cbde,f5f7d765-d2db-4a95-b655-27499c69acf2,"657aca88-207c-474c-9abc-1af2429cad74",,CHECK_OUT,43.194721,23.608585,true,74.0,false,2026-08-04 17:08:01.000,2026-08-04 14:08:29.402,2026-08-04 14:08:29.402
de83277c-e665-486a-af07-f713e1a3d993,"5ed83e7e-0f5e-4f14-b5ab-03e63b1038bc","657aca88-207c-474c-9abc-1af2429cad74",,CHECK_OUT,43.194721,23.608585,true,68.0,false,2026-08-04 17:08:13.000,2026-08-04 14:08:29.407,2026-08-04 14:08:29.407
c7cb12b2-e815-4cea-bfaa-3c3852529782,f71a195c-7f69-46bf-b5bd-711c2beacdc9,"657aca88-207c-474c-9abc-1af2429cad74",,CHECK_OUT,43.194721,23.608585,true,58.0,false,2026-08-04 17:12:16.000,2026-08-04 14:12:29.610,2026-08-04 14:12:29.610
"0bb9fc24-5262-499e-b95d-4c27d52d5c35",e5f48139-e050-420d-bd34-a8451eff467f,"657aca88-207c-474c-9abc-1af2429cad74",,CHECK_OUT,43.194721,23.608585,true,61.0,false,2026-08-04 17:12:26.000,2026-08-04 14:12:29.613,2026-08-04 14:12:29.613
"130ea792-3963-41a1-acf3-5b132ca985fc","240bc314-dfdc-41e1-a45f-c4c573a44788","657aca88-207c-474c-9abc-1af2429cad74",,CHECK_OUT,43.194721,23.608585,true,60.0,false,2026-08-04 17:13:23.000,2026-08-04 14:13:29.411,2026-08-04 14:13:29.411
fdd0d275-1174-4850-8420-0f33d59339a8,a467fc90-25a2-4048-a48d-6f5ee1ccee67,"657aca88-207c-474c-9abc-1af2429cad74",,CHECK_OUT,43.194721,23.608585,true,63.0,false,2026-08-04 17:14:41.000,2026-08-04 14:14:59.523,2026-08-04 14:14:59.523
"57224be8-a6c6-4318-8999-88abd7eecb4b",c5903b81-8b17-49bb-82b3-51a8a5880762,"657aca88-207c-474c-9abc-1af2429cad74",,CHECK_OUT,43.194721,23.608585,true,69.0,false,2026-08-04 17:15:20.000,2026-08-04 14:15:29.406,2026-08-04 14:15:29.406
"5088eee9-82e8-4a6b-8f76-63e1648df332",d6b6d84e-0445-43df-9f71-ca5679ce20cd,"657aca88-207c-474c-9abc-1af2429cad74",,CHECK_OUT,43.194721,23.608585,true,71.0,false,2026-08-04 17:17:53.000,2026-08-04 14:17:59.557,2026-08-04 14:17:59.557
ef997742-a683-4328-99ab-6480b9804d99,c7e8ca14-c7a8-469e-880d-c0f98cdf485e,"657aca88-207c-474c-9abc-1af2429cad74",,CHECK_OUT,43.194721,23.608585,true,54.0,false,2026-08-04 17:20:50.000,2026-08-04 14:20:59.508,2026-08-04 14:20:59.508
bfd3a931-c044-4449-9510-312ccc877ba3,"2ecb59a4-bc4c-4784-8741-2f8bcf5c2a65","657aca88-207c-474c-9abc-1af2429cad74",,CHECK_OUT,43.202699569620016,23.555251665358455,false,,true,2026-08-04 17:35:49.000,2026-08-04 14:35:56.908,2026-08-04 14:35:56.908
"8c5fad3a-b0b9-49b1-8f35-8b3e5a6a50de","61c76398-dbf7-43bf-830f-6eac33943779","657aca88-207c-474c-9abc-1af2429cad74",,CHECK_OUT,43.202910155853864,23.55569231878053,false,,true,2026-08-04 18:02:09.000,2026-08-04 15:02:15.419,2026-08-04 15:02:15.419
"323a3730-6024-45d0-a61f-250eb0cfd36b","2eca8bc8-65a5-4298-870f-0615602aef91","657aca88-207c-474c-9abc-1af2429cad74",,CHECK_OUT,43.20274184822567,23.55543354182436,false,,true,2026-08-04 18:52:07.000,2026-08-04 15:52:23.975,2026-08-04 15:52:23.975
fe2286ad-0677-4619-974f-59b09c694ba4,"5e8263c0-8db9-4084-810f-7317368bd919","657aca88-207c-474c-9abc-1af2429cad74",,CHECK_OUT,43.20269108725109,23.555440418794078,false,,true,2026-08-04 18:52:50.000,2026-08-04 15:52:53.917,2026-08-04 15:52:53.917
d858e7b7-8b1a-4b4a-a6dc-9c5707c0d0d1,"512f4471-88b5-4ff9-8b20-5996f534a6e3","657aca88-207c-474c-9abc-1af2429cad74",,CHECK_OUT,43.202639023806405,23.555377124939913,false,,true,2026-08-04 18:53:01.000,2026-08-04 15:53:24.098,2026-08-04 15:53:24.098
"471252da-f35f-454a-86a0-42bb3ad268ab","90570712-1957-4575-9ae0-16d3f2aa5ee9","657aca88-207c-474c-9abc-1af2429cad74",,CHECK_OUT,43.20275080620353,23.555354233247705,false,,true,2026-08-04 18:53:34.000,2026-08-04 15:53:53.875,2026-08-04 15:53:53.875
"4295cd2b-02a1-4e91-a5ea-5c1ebf6a8f80","8308ef9d-f2d5-42e7-a7e4-25733136cae0","657aca88-207c-474c-9abc-1af2429cad74",,CHECK_OUT,43.20267421106999,23.55542063528727,false,,true,2026-08-04 18:54:21.000,2026-08-04 15:54:23.945,2026-08-04 15:54:23.945
"694370b8-ec01-4495-ba0e-78237831154b","628d40d0-959d-4870-8cf6-9099e8749af9","657aca88-207c-474c-9abc-1af2429cad74",,CHECK_OUT,43.202693592702786,23.555445296695968,false,,true,2026-08-04 18:57:47.000,2026-08-04 15:58:03.408,2026-08-04 15:58:03.408
"9e1d388c-684e-4587-99fe-1f34d6d44707","2112a5d6-1663-442a-a32b-1ef34b46c97c","657aca88-207c-474c-9abc-1af2429cad74",,CHECK_OUT,43.202651964908796,23.555394280040755,false,,true,2026-08-04 18:58:09.000,2026-08-04 15:58:33.421,2026-08-04 15:58:33.421
"0400e9b2-5f13-4a0e-8d23-16e383f154bc","1e0cfcc4-0a5c-4457-8811-3e370c4f260f","657aca88-207c-474c-9abc-1af2429cad74",,CHECK_OUT,43.20275962279382,23.555290949921655,false,,true,2026-08-04 18:59:08.000,2026-08-04 15:59:23.193,2026-08-04 15:59:23.193
"3bba7cf5-2e78-4e4e-8997-854d5f0abfe1",fa66fdc6-3e94-45df-be01-98b1e5dde64e,"657aca88-207c-474c-9abc-1af2429cad74",,CHECK_OUT,43.202738914997646,23.555346975959484,false,,true,2026-08-04 18:59:28.000,2026-08-04 15:59:33.451,2026-08-04 15:59:33.451
"8deffc59-c643-4240-8213-7bfc58b46b6e","12459722-0311-458f-a320-5d9e4d7cad5c","657aca88-207c-474c-9abc-1af2429cad74",,CHECK_OUT,43.202666442782025,23.55536659164243,false,,true,2026-08-04 18:59:58.000,2026-08-04 16:00:03.541,2026-08-04 16:00:03.541
"43097350-8eab-4ada-98df-2a136697aa87","39e5754e-7c46-4954-8ee2-e32c36bf4e93","657aca88-207c-474c-9abc-1af2429cad74",,CHECK_OUT,43.202674889920104,23.555337833638472,false,,true,2026-08-04 19:00:18.000,2026-08-04 16:00:34.220,2026-08-04 16:00:34.220
"38ce397b-eca1-4c4f-8fa5-df7d6f28626f",f721fdd2-47ce-45a6-838e-5ac2aed4cd75,"657aca88-207c-474c-9abc-1af2429cad74",,CHECK_OUT,43.20277824771016,23.555345099994547,false,,true,2026-08-04 19:00:50.000,2026-08-04 16:01:03.432,2026-08-04 16:01:03.432
acdfe620-0538-4468-923b-817ec22b43b3,"64c97323-158f-4b18-ad45-0fd3cb0cecca","657aca88-207c-474c-9abc-1af2429cad74",,CHECK_OUT,43.20277824771016,23.555345099994547,false,,true,2026-08-04 19:00:57.000,2026-08-04 16:01:03.440,2026-08-04 16:01:03.440
"1ea2fd5e-3359-4209-9e39-af6857ac1262",edb99d63-344d-4fb1-bc43-8282f0f35e0c,"657aca88-207c-474c-9abc-1af2429cad74",,CHECK_OUT,43.20269799513324,23.555217667831794,false,,true,2026-08-04 19:01:27.000,2026-08-04 16:01:33.506,2026-08-04 16:01:33.506
cce22c7d-2443-4621-8361-693ce2d2f19a,"81b36c11-0d95-4b61-8193-4e59127b7d22","657aca88-207c-474c-9abc-1af2429cad74",,CHECK_OUT,43.20263121575478,23.55529319197481,false,,true,2026-08-04 19:06:19.000,2026-08-04 16:06:36.171,2026-08-04 16:06:36.171
"05df8ea3-5093-4b08-aa42-0adac96686c4","74527f74-35db-4321-b590-e9a72dc32935","657aca88-207c-474c-9abc-1af2429cad74",,CHECK_OUT,43.202671007038084,23.555390585394196,false,,true,2026-08-04 19:06:50.000,2026-08-04 16:07:06.159,2026-08-04 16:07:06.159
d6ab2ea7-32bb-4177-9c3e-b81d249e93a4,"3d976022-5033-4c30-883d-2bb683c9cfa1","657aca88-207c-474c-9abc-1af2429cad74",,CHECK_OUT,43.202581351709526,23.555256081830084,false,,true,2026-08-04 19:08:15.000,2026-08-04 16:08:41.185,2026-08-04 16:08:41.185
"40203531-b3cb-4e87-b87b-e8113260ea66",ff75470c-6a3a-4e5d-877d-74e99a17fe9d,"657aca88-207c-474c-9abc-1af2429cad74",,CHECK_OUT,43.202715940099466,23.555249366576057,false,,true,2026-08-04 19:08:46.000,2026-08-04 16:09:10.958,2026-08-04 16:09:10.958
"16e0aa0f-b082-4085-a445-8ed20ce185bd","8218a51e-5a6c-4bde-8519-24df8070b8a9","657aca88-207c-474c-9abc-1af2429cad74",,CHECK_OUT,43.202715940099466,23.555249366576057,false,,true,2026-08-04 19:08:56.000,2026-08-04 16:09:10.965,2026-08-04 16:09:10.965
"420f5b75-2a88-4e7c-9887-dbfb9a1ddd41",fd2b5a2d-f9dd-4293-83c7-76ea00b396ff,"657aca88-207c-474c-9abc-1af2429cad74",,CHECK_OUT,43.20268776187101,23.55527184753715,false,,true,2026-08-04 19:09:31.000,2026-08-04 16:09:40.944,2026-08-04 16:09:40.944
"975398d3-a9a1-426d-8ba5-6e1f4d3fa144","75f4f67c-1b34-4b4e-8986-ec8b9a4b3da7","657aca88-207c-474c-9abc-1af2429cad74",,CHECK_OUT,43.20266537269442,23.55533446962953,false,,true,2026-08-04 19:09:51.000,2026-08-04 16:10:10.965,2026-08-04 16:10:10.965
d07f484d-72d7-473b-910f-a03c381054df,"17a2c2cb-60c8-49e9-9a7d-e5b48980a7f2","657aca88-207c-474c-9abc-1af2429cad74",,CHECK_OUT,43.20269734552506,23.555455523016626,false,,true,2026-08-04 19:10:00.000,2026-08-04 16:10:10.973,2026-08-04 16:10:10.973
ca75c3cb-fcf5-4d0e-be59-88c4d11d2a1a,"17e4eb94-d4ab-472a-ad3a-991750ee662a","657aca88-207c-474c-9abc-1af2429cad74",,CHECK_OUT,43.20263924361289,23.55544537830142,false,,true,2026-08-04 19:16:22.000,2026-08-04 16:16:32.302,2026-08-04 16:16:32.302
dc5c1b1d-abaa-408c-ad5a-a193cf71136c,"233ff4a9-d5ab-45b4-8a0e-966eef3486be","657aca88-207c-474c-9abc-1af2429cad74",,CHECK_OUT,43.20280836410637,23.555363116449247,false,,true,2026-08-04 19:18:12.000,2026-08-04 16:18:18.523,2026-08-04 16:18:18.523
"0b63d8b4-b051-480a-8717-685686a461af","1b3d636b-7b18-47e4-a9ea-32ce33378b37","657aca88-207c-474c-9abc-1af2429cad74",,CHECK_IN,43.194721,23.608585,true,63.0,false,2026-08-05 06:49:24.000,2026-08-05 03:49:30.429,2026-08-05 03:49:30.429
"4b57a529-3c4c-4a1c-97eb-644127fda243",d6b6d84e-0445-43df-9f71-ca5679ce20cd,"657aca88-207c-474c-9abc-1af2429cad74",,CHECK_IN,43.194721,23.608585,true,58.0,false,2026-08-05 06:55:25.000,2026-08-05 03:55:30.168,2026-08-05 03:55:30.168
"4af9bb55-e6dc-4049-982e-4bb3bed99084","926758e5-3a61-4ad6-82b2-34c4816c75b8","657aca88-207c-474c-9abc-1af2429cad74",,CHECK_IN,43.194721,23.608585,true,63.0,false,2026-08-05 06:58:50.000,2026-08-05 03:59:00.201,2026-08-05 03:59:00.201
dec96e49-9dfe-4a1e-bce6-634c96947c39,"1e0cfcc4-0a5c-4457-8811-3e370c4f260f","657aca88-207c-474c-9abc-1af2429cad74",,CHECK_OUT,43.194721,23.608585,true,59.0,false,2026-08-05 06:59:18.000,2026-08-05 03:59:30.053,2026-08-05 03:59:30.053
a2f2beb3-92c4-45eb-985f-ad0bd719fc7d,"1e0cfcc4-0a5c-4457-8811-3e370c4f260f","657aca88-207c-474c-9abc-1af2429cad74",,CHECK_IN,43.194721,23.608585,true,59.0,false,2026-08-05 06:59:20.000,2026-08-05 03:59:30.059,2026-08-05 03:59:30.059
abe9d0f0-968c-4821-8f03-680b4f433fb1,"39e5754e-7c46-4954-8ee2-e32c36bf4e93","657aca88-207c-474c-9abc-1af2429cad74",,CHECK_OUT,43.194721,23.608585,true,61.0,false,2026-08-05 07:07:37.000,2026-08-05 04:08:00.289,2026-08-05 04:08:00.289
"5973e97c-8e14-477f-9630-6909253fcafd","39e5754e-7c46-4954-8ee2-e32c36bf4e93","657aca88-207c-474c-9abc-1af2429cad74",,CHECK_IN,43.194721,23.608585,true,72.0,false,2026-08-05 07:07:47.000,2026-08-05 04:08:00.293,2026-08-05 04:08:00.293
"2ff7605d-85d3-4630-81af-b61fbd9e1fe9","1b3d636b-7b18-47e4-a9ea-32ce33378b37","657aca88-207c-474c-9abc-1af2429cad74",,CHECK_OUT,43.194721,23.608585,true,54.0,false,2026-08-05 07:12:36.000,2026-08-05 04:13:00.149,2026-08-05 04:13:00.149
f5adc115-5dc2-4a52-b8fa-0f86cff0fa18,"1b3d636b-7b18-47e4-a9ea-32ce33378b37","657aca88-207c-474c-9abc-1af2429cad74",,CHECK_IN,43.194721,23.608585,true,54.0,false,2026-08-05 07:12:38.000,2026-08-05 04:13:00.163,2026-08-05 04:13:00.163
a4c2f197-f40c-4f4a-96f4-dc3b80cb2c54,"1b3d636b-7b18-47e4-a9ea-32ce33378b37","657aca88-207c-474c-9abc-1af2429cad74",,CHECK_OUT,43.194721,23.608585,true,68.0,false,2026-08-05 07:12:47.000,2026-08-05 04:13:00.172,2026-08-05 04:13:00.172
"76513c53-a536-41e0-b200-3965ab9b0a9b","1b3d636b-7b18-47e4-a9ea-32ce33378b37","657aca88-207c-474c-9abc-1af2429cad74",,CHECK_IN,43.194721,23.608585,true,60.0,false,2026-08-05 07:12:50.000,2026-08-05 04:13:00.176,2026-08-05 04:13:00.176
f35d909c-5c9a-42f6-b5be-541a67d5da20,c5903b81-8b17-49bb-82b3-51a8a5880762,"657aca88-207c-474c-9abc-1af2429cad74",,CHECK_IN,43.194721,23.608585,true,65.0,false,2026-08-05 07:14:03.000,2026-08-05 04:14:30.110,2026-08-05 04:14:30.110
"0bd34d0b-d154-4c46-a93a-c0d4d4b3d073","2112a5d6-1663-442a-a32b-1ef34b46c97c","657aca88-207c-474c-9abc-1af2429cad74",,CHECK_OUT,43.194721,23.608585,true,57.0,false,2026-08-05 07:14:14.000,2026-08-05 04:14:30.112,2026-08-05 04:14:30.112
"9a0fe7e3-88fd-446b-8574-80f71cdee78c","2112a5d6-1663-442a-a32b-1ef34b46c97c","657aca88-207c-474c-9abc-1af2429cad74",,CHECK_IN,43.194721,23.608585,true,49.0,false,2026-08-05 07:14:16.000,2026-08-05 04:14:30.115,2026-08-05 04:14:30.115
c869a54d-9d72-4dd6-93f1-969b2beb0f3e,"8308ef9d-f2d5-42e7-a7e4-25733136cae0","657aca88-207c-474c-9abc-1af2429cad74",,CHECK_OUT,43.194721,23.608585,true,46.0,false,2026-08-05 07:15:40.000,2026-08-05 04:16:00.159,2026-08-05 04:16:00.159
"2d60fead-5219-4973-806b-3a666dd55f94","8308ef9d-f2d5-42e7-a7e4-25733136cae0","657aca88-207c-474c-9abc-1af2429cad74",,CHECK_IN,43.194721,23.608585,true,49.0,false,2026-08-05 07:15:44.000,2026-08-05 04:16:00.163,2026-08-05 04:16:00.163
af351cb5-89a1-4293-b782-6f4b5b84f929,"12459722-0311-458f-a320-5d9e4d7cad5c","657aca88-207c-474c-9abc-1af2429cad74",,CHECK_OUT,43.194721,23.608585,true,72.0,false,2026-08-05 07:15:52.000,2026-08-05 04:16:00.167,2026-08-05 04:16:00.167
"52004c75-bbf4-4f80-a031-dcf64fb39489","12459722-0311-458f-a320-5d9e4d7cad5c","657aca88-207c-474c-9abc-1af2429cad74",,CHECK_IN,43.194721,23.608585,true,67.0,false,2026-08-05 07:15:57.000,2026-08-05 04:16:00.171,2026-08-05 04:16:00.171
fcb18754-5bde-4b77-8478-b8f226ccfebf,"90570712-1957-4575-9ae0-16d3f2aa5ee9","657aca88-207c-474c-9abc-1af2429cad74",,CHECK_OUT,43.194721,23.608585,true,66.0,false,2026-08-05 07:16:04.000,2026-08-05 04:16:29.997,2026-08-05 04:16:29.997
"5bc61c34-f87f-481f-ac31-61c2e1d6b25a","90570712-1957-4575-9ae0-16d3f2aa5ee9","657aca88-207c-474c-9abc-1af2429cad74",,CHECK_IN,43.194721,23.608585,true,64.0,false,2026-08-05 07:16:06.000,2026-08-05 04:16:30.003,2026-08-05 04:16:30.003
"5903716f-2577-4f2a-b4f2-f4b3edec845e",dc9e1c44-0d57-43ff-9533-ced7467c7556,"657aca88-207c-474c-9abc-1af2429cad74",,CHECK_IN,43.194721,23.608585,true,46.0,false,2026-08-05 07:16:13.000,2026-08-05 04:16:30.005,2026-08-05 04:16:30.005
"1adfb4b5-45d7-4ebc-9fdf-0c19a960af55","81b36c11-0d95-4b61-8193-4e59127b7d22","657aca88-207c-474c-9abc-1af2429cad74",,CHECK_OUT,43.194721,23.608585,true,53.0,false,2026-08-05 07:16:19.000,2026-08-05 04:16:30.008,2026-08-05 04:16:30.008
"4fd258c4-0453-4ff7-844e-f6575c8404e2","81b36c11-0d95-4b61-8193-4e59127b7d22","657aca88-207c-474c-9abc-1af2429cad74",,CHECK_IN,43.194721,23.608585,true,56.0,false,2026-08-05 07:16:20.000,2026-08-05 04:16:30.011,2026-08-05 04:16:30.011
a756a630-0179-4ab9-ae2a-9ba28b8aa294,"74527f74-35db-4321-b590-e9a72dc32935","657aca88-207c-474c-9abc-1af2429cad74",,CHECK_OUT,43.194721,23.608585,true,59.0,false,2026-08-05 07:16:29.000,2026-08-05 04:16:30.013,2026-08-05 04:16:30.013
"7f1cfbe1-2cd3-43fa-afe8-9d5d302ba3c6","74527f74-35db-4321-b590-e9a72dc32935","657aca88-207c-474c-9abc-1af2429cad74",,CHECK_IN,43.194721,23.608585,true,60.0,false,2026-08-05 07:16:31.000,2026-08-05 04:16:59.984,2026-08-05 04:16:59.984
dc95080a-a895-42ca-b24e-58c4947925bd,"75f4f67c-1b34-4b4e-8986-ec8b9a4b3da7","657aca88-207c-474c-9abc-1af2429cad74",,CHECK_OUT,43.194721,23.608585,true,61.0,false,2026-08-05 07:16:39.000,2026-08-05 04:16:59.987,2026-08-05 04:16:59.987
cafe7c6f-5f2e-4c34-a4e0-f551d683b739,"75f4f67c-1b34-4b4e-8986-ec8b9a4b3da7","657aca88-207c-474c-9abc-1af2429cad74",,CHECK_IN,43.194721,23.608585,true,60.0,false,2026-08-05 07:16:43.000,2026-08-05 04:16:59.989,2026-08-05 04:16:59.989
"3aa6c1da-2710-4e4d-9463-67bdf943799e","512f4471-88b5-4ff9-8b20-5996f534a6e3","657aca88-207c-474c-9abc-1af2429cad74",,CHECK_OUT,43.194721,23.608585,true,48.0,false,2026-08-05 07:17:48.000,2026-08-05 04:17:59.988,2026-08-05 04:17:59.988
"76723b09-e4c7-450a-ad54-1290dd60e3ad","512f4471-88b5-4ff9-8b20-5996f534a6e3","657aca88-207c-474c-9abc-1af2429cad74",,CHECK_IN,43.194721,23.608585,true,54.0,false,2026-08-05 07:17:50.000,2026-08-05 04:17:59.990,2026-08-05 04:17:59.990
"9e47ffe6-22fc-4037-b405-ed896df5ea54",af4a589c-808d-42ac-b374-59a1883692ae,"657aca88-207c-474c-9abc-1af2429cad74",,CHECK_IN,43.194721,23.608585,true,53.0,false,2026-08-05 07:18:38.000,2026-08-05 04:19:00.110,2026-08-05 04:19:00.110
aa08466b-ccb4-4042-b726-092de0dbe97f,"2cd576ec-0a8f-4f92-9d4b-436e16b4101a","657aca88-207c-474c-9abc-1af2429cad74",,CHECK_IN,43.194721,23.608585,true,59.0,false,2026-08-05 07:18:52.000,2026-08-05 04:19:00.116,2026-08-05 04:19:00.116
"645487d1-ba84-49af-9734-c1472f829cf3",b15c0a24-f180-4043-b67a-d5e02a85c89b,"657aca88-207c-474c-9abc-1af2429cad74",,CHECK_IN,43.194721,23.608585,true,54.0,false,2026-08-05 07:20:14.000,2026-08-05 04:20:30.178,2026-08-05 04:20:30.178
d9ac3681-1f09-4531-88d6-f4f168d4106a,aa93b9b6-4dc0-48dc-9614-f0b955445b40,"657aca88-207c-474c-9abc-1af2429cad74",,CHECK_IN,43.194721,23.608585,true,61.0,false,2026-08-05 07:21:24.000,2026-08-05 04:21:30.032,2026-08-05 04:21:30.032
"604b61cc-1f2f-461d-b9c3-74a77f2eb2ff","628d40d0-959d-4870-8cf6-9099e8749af9","657aca88-207c-474c-9abc-1af2429cad74",,CHECK_OUT,43.194721,23.608585,true,52.0,false,2026-08-05 07:22:37.000,2026-08-05 04:23:00.142,2026-08-05 04:23:00.142
"9cae0770-e6f0-4777-ac01-bbc5f26b2dfb","628d40d0-959d-4870-8cf6-9099e8749af9","657aca88-207c-474c-9abc-1af2429cad74",,CHECK_IN,43.194721,23.608585,true,52.0,false,2026-08-05 07:22:38.000,2026-08-05 04:23:00.148,2026-08-05 04:23:00.148
"7478efbd-717b-4741-9fe9-3a25972436dd","8a8e1231-da2f-43ae-90a9-21035c93bbc7","657aca88-207c-474c-9abc-1af2429cad74",,CHECK_IN,43.194721,23.608585,true,62.0,false,2026-08-05 07:23:08.000,2026-08-05 04:23:29.987,2026-08-05 04:23:29.987
"23e224a4-000f-4b0b-9a64-a9038e9a9885",e5f48139-e050-420d-bd34-a8451eff467f,"657aca88-207c-474c-9abc-1af2429cad74",,CHECK_IN,43.194721,23.608585,true,67.0,false,2026-08-05 07:24:05.000,2026-08-05 04:24:29.972,2026-08-05 04:24:29.972
"2c02c088-fc7f-4485-98b5-8ea1d7ea4bb8","64c97323-158f-4b18-ad45-0fd3cb0cecca","657aca88-207c-474c-9abc-1af2429cad74",,CHECK_OUT,43.194721,23.608585,true,70.0,false,2026-08-05 07:25:01.000,2026-08-05 04:25:29.987,2026-08-05 04:25:29.987
a1655c0e-4d72-4de4-9e9c-e305f403aa58,"64c97323-158f-4b18-ad45-0fd3cb0cecca","657aca88-207c-474c-9abc-1af2429cad74",,CHECK_IN,43.194721,23.608585,true,67.0,false,2026-08-05 07:25:02.000,2026-08-05 04:25:29.990,2026-08-05 04:25:29.990
cf38b405-2fce-4a5c-b33b-895d8cee8a99,"17a2c2cb-60c8-49e9-9a7d-e5b48980a7f2","657aca88-207c-474c-9abc-1af2429cad74",,CHECK_OUT,43.194721,23.608585,true,52.0,false,2026-08-05 07:25:37.000,2026-08-05 04:25:59.995,2026-08-05 04:25:59.995
cdcc3cb8-dcca-45a7-a665-c5b4c317747a,"17a2c2cb-60c8-49e9-9a7d-e5b48980a7f2","657aca88-207c-474c-9abc-1af2429cad74",,CHECK_IN,43.194721,23.608585,true,52.0,false,2026-08-05 07:25:38.000,2026-08-05 04:25:59.998,2026-08-05 04:25:59.998
"79020703-1ac3-4357-bf8a-a691b6531018","17e4eb94-d4ab-472a-ad3a-991750ee662a","657aca88-207c-474c-9abc-1af2429cad74",,CHECK_OUT,43.194721,23.608585,true,64.0,false,2026-08-05 07:25:47.000,2026-08-05 04:26:00.002,2026-08-05 04:26:00.002
"37933fc0-5332-4abb-8d81-237c57bb574d","17e4eb94-d4ab-472a-ad3a-991750ee662a","657aca88-207c-474c-9abc-1af2429cad74",,CHECK_IN,43.194721,23.608585,true,59.0,false,2026-08-05 07:25:48.000,2026-08-05 04:26:00.021,2026-08-05 04:26:00.021
"8a6681e9-9c31-4d1e-88e6-5701f4fa43fb",f721fdd2-47ce-45a6-838e-5ac2aed4cd75,"657aca88-207c-474c-9abc-1af2429cad74",,CHECK_OUT,43.194721,23.608585,true,60.0,false,2026-08-05 07:26:11.000,2026-08-05 04:26:29.988,2026-08-05 04:26:29.988
ea00ed07-3cf0-49e7-b6b1-c5b02b144fcc,f721fdd2-47ce-45a6-838e-5ac2aed4cd75,"657aca88-207c-474c-9abc-1af2429cad74",,CHECK_IN,43.194721,23.608585,true,59.0,false,2026-08-05 07:26:11.000,2026-08-05 04:26:29.990,2026-08-05 04:26:29.990
cf6316d8-5954-4798-93f1-17602a5e852e,f71a195c-7f69-46bf-b5bd-711c2beacdc9,"657aca88-207c-474c-9abc-1af2429cad74",,CHECK_IN,43.194721,23.608585,true,52.0,false,2026-08-05 07:26:38.000,2026-08-05 04:26:59.986,2026-08-05 04:26:59.986
"8ead721d-51e7-4fd5-b3f9-faf312fb0867","240bc314-dfdc-41e1-a45f-c4c573a44788","657aca88-207c-474c-9abc-1af2429cad74",,CHECK_IN,43.194721,23.608585,true,56.0,false,2026-08-05 07:27:41.000,2026-08-05 04:27:59.997,2026-08-05 04:27:59.997
cd26597f-e775-4de0-93ca-50f2d454461e,a467fc90-25a2-4048-a48d-6f5ee1ccee67,"657aca88-207c-474c-9abc-1af2429cad74",,CHECK_IN,43.194721,23.608585,true,65.0,false,2026-08-05 07:28:11.000,2026-08-05 04:28:29.981,2026-08-05 04:28:29.981
"7d5e540d-348c-4348-bedf-c7fdc94e5f54","3d976022-5033-4c30-883d-2bb683c9cfa1","657aca88-207c-474c-9abc-1af2429cad74",,CHECK_OUT,43.194721,23.608585,true,56.0,false,2026-08-05 07:29:34.000,2026-08-05 04:30:00.227,2026-08-05 04:30:00.227
d9c567c1-cc97-442c-ad25-3b4a7b25a44e,"3d976022-5033-4c30-883d-2bb683c9cfa1","657aca88-207c-474c-9abc-1af2429cad74",,CHECK_IN,43.194721,23.608585,true,62.0,false,2026-08-05 07:29:36.000,2026-08-05 04:30:00.238,2026-08-05 04:30:00.238
"0bb0bb93-30a3-437c-b203-a37b6cdb94af",f721fdd2-47ce-45a6-838e-5ac2aed4cd75,"657aca88-207c-474c-9abc-1af2429cad74",,CHECK_IN,43.20269403107165,23.555504307941483,false,,true,2026-08-05 07:30:42.000,2026-08-05 04:30:48.551,2026-08-05 04:30:48.551
fdb257d7-2ff8-4d77-b028-1cee0900c11a,f5f7d765-d2db-4a95-b655-27499c69acf2,"657aca88-207c-474c-9abc-1af2429cad74",,CHECK_IN,43.194721,23.608585,true,67.0,false,2026-08-05 07:30:42.000,2026-08-05 04:31:00.146,2026-08-05 04:31:00.146
a60ca486-d15c-458b-bf4a-a2f787ee689e,e5a36817-048f-4868-929a-d1cf32fc6258,"657aca88-207c-474c-9abc-1af2429cad74",,CHECK_IN,43.194721,23.608585,true,56.0,false,2026-08-05 07:35:05.000,2026-08-05 04:35:30.267,2026-08-05 04:35:30.267
b441f034-087c-490d-96c2-1992ad1beb65,"1c9f0cce-7d52-4182-9a80-75f87a851a6b","657aca88-207c-474c-9abc-1af2429cad74",,CHECK_IN,43.194721,23.608585,true,57.0,false,2026-08-05 07:36:06.000,2026-08-05 04:36:29.985,2026-08-05 04:36:29.985
c83e1a81-353d-4e9c-8314-60d840266e37,c7e8ca14-c7a8-469e-880d-c0f98cdf485e,"657aca88-207c-474c-9abc-1af2429cad74",,CHECK_IN,43.194721,23.608585,true,53.0,false,2026-08-05 07:36:47.000,2026-08-05 04:37:00.005,2026-08-05 04:37:00.005
"137279e0-3150-42fc-a642-88d1e5488eae","1c9f0cce-7d52-4182-9a80-75f87a851a6b","657aca88-207c-474c-9abc-1af2429cad74",,CHECK_OUT,43.194721,23.608585,true,50.0,false,2026-08-05 07:37:15.000,2026-08-05 04:37:29.993,2026-08-05 04:37:29.993
f211694b-b0c8-4ebd-bb3a-90671e02df8f,"1c9f0cce-7d52-4182-9a80-75f87a851a6b","657aca88-207c-474c-9abc-1af2429cad74",,CHECK_IN,43.194721,23.608585,true,51.0,false,2026-08-05 07:37:16.000,2026-08-05 04:37:29.996,2026-08-05 04:37:29.996
d4fb7f14-0ae9-4b29-ae8e-ec13cc630beb,"5ed83e7e-0f5e-4f14-b5ab-03e63b1038bc","657aca88-207c-474c-9abc-1af2429cad74",,CHECK_IN,43.194721,23.608585,true,53.0,false,2026-08-05 07:37:30.000,2026-08-05 04:37:59.996,2026-08-05 04:37:59.996
"1ba3d0a1-2371-4cba-a5c9-056acc7c30d1","77a6d5e3-909d-4b7f-a456-154344b678f4","657aca88-207c-474c-9abc-1af2429cad74",,CHECK_IN,43.194721,23.608585,true,52.0,false,2026-08-05 07:43:21.000,2026-08-05 04:43:30.098,2026-08-05 04:43:30.098
"0c248963-8c53-48c9-a8a8-76db4bdb77c8","2501fe3b-87b2-4539-b79d-49be6e92cf4d","657aca88-207c-474c-9abc-1af2429cad74",,CHECK_IN,43.194721,23.608585,true,58.0,false,2026-08-05 07:51:59.000,2026-08-05 04:52:00.416,2026-08-05 04:52:00.416
"93bbedb4-275d-43b3-8f4a-10468fc6be98","602d9323-f5c4-4df1-b6c4-84604b161a27","657aca88-207c-474c-9abc-1af2429cad74",,CHECK_IN,43.194721,23.608585,true,66.0,false,2026-08-05 08:06:31.000,2026-08-05 05:07:00.191,2026-08-05 05:07:00.191
"95c36f69-3e35-42af-9934-f1e88923cea7",f721fdd2-47ce-45a6-838e-5ac2aed4cd75,"657aca88-207c-474c-9abc-1af2429cad74",,CHECK_OUT,43.20267496594022,23.555429219235386,false,,true,2026-08-05 08:08:20.000,2026-08-05 05:08:28.368,2026-08-05 05:08:28.368
"1874cfe5-e0ce-4d7a-af38-ac647b361906",f721fdd2-47ce-45a6-838e-5ac2aed4cd75,"657aca88-207c-474c-9abc-1af2429cad74",,CHECK_IN,43.202752306863204,23.55535627589806,false,,true,2026-08-05 08:09:27.000,2026-08-05 05:09:32.665,2026-08-05 05:09:32.665
"72f09831-3f27-4e9e-8e20-9ee0b2763220","1b3d636b-7b18-47e4-a9ea-32ce33378b37","657aca88-207c-474c-9abc-1af2429cad74",,CHECK_OUT,43.194721,23.608585,true,61.0,false,2026-08-05 17:02:05.000,2026-08-05 14:02:30.802,2026-08-05 14:02:30.802
"63591ba3-ff60-4387-a111-541b001a0583","926758e5-3a61-4ad6-82b2-34c4816c75b8","657aca88-207c-474c-9abc-1af2429cad74",,CHECK_OUT,43.194721,23.608585,true,56.0,false,2026-08-05 17:02:12.000,2026-08-05 14:02:30.886,2026-08-05 14:02:30.886
"8ebaf19a-05fd-4ceb-832d-b447875d3ea8","3d976022-5033-4c30-883d-2bb683c9cfa1","657aca88-207c-474c-9abc-1af2429cad74",,CHECK_OUT,43.194721,23.608585,true,64.0,false,2026-08-05 17:02:45.000,2026-08-05 14:03:00.356,2026-08-05 14:03:00.356
"408559e2-31ec-4b2b-a68d-2bb956322cef",b15c0a24-f180-4043-b67a-d5e02a85c89b,"657aca88-207c-474c-9abc-1af2429cad74",,CHECK_OUT,43.194721,23.608585,true,66.0,false,2026-08-05 17:04:38.000,2026-08-05 14:05:00.473,2026-08-05 14:05:00.473
"34a46616-58aa-441d-b818-7dca2d58c227",aa93b9b6-4dc0-48dc-9614-f0b955445b40,"657aca88-207c-474c-9abc-1af2429cad74",,CHECK_OUT,43.194721,23.608585,true,56.0,false,2026-08-05 17:05:27.000,2026-08-05 14:05:30.353,2026-08-05 14:05:30.353
c57ddbd7-d75e-4e23-84d5-6e5400fd69d4,"64c97323-158f-4b18-ad45-0fd3cb0cecca","657aca88-207c-474c-9abc-1af2429cad74",,CHECK_OUT,43.194721,23.608585,true,78.0,false,2026-08-05 17:05:38.000,2026-08-05 14:06:00.409,2026-08-05 14:06:00.409
"89d28f68-a45d-4f85-beb9-38469bc8537b",d6b6d84e-0445-43df-9f71-ca5679ce20cd,"657aca88-207c-474c-9abc-1af2429cad74",,CHECK_OUT,43.194721,23.608585,true,68.0,false,2026-08-05 17:06:18.000,2026-08-05 14:06:30.373,2026-08-05 14:06:30.373
caa0fe2c-a643-47f4-a7fc-2544b2ec8a30,"17e4eb94-d4ab-472a-ad3a-991750ee662a","657aca88-207c-474c-9abc-1af2429cad74",,CHECK_OUT,43.194721,23.608585,true,75.0,false,2026-08-05 17:06:49.000,2026-08-05 14:07:00.360,2026-08-05 14:07:00.360
"3cb52854-ce0e-4bbe-a5f5-02f50877aac4",af4a589c-808d-42ac-b374-59a1883692ae,"657aca88-207c-474c-9abc-1af2429cad74",,CHECK_OUT,43.194721,23.608585,true,55.0,false,2026-08-05 17:07:02.000,2026-08-05 14:07:30.450,2026-08-05 14:07:30.450
"5f223329-539b-48d9-a997-6b749196b6e8",c7e8ca14-c7a8-469e-880d-c0f98cdf485e,"657aca88-207c-474c-9abc-1af2429cad74",,CHECK_OUT,43.194721,23.608585,true,57.0,false,2026-08-05 17:08:30.000,2026-08-05 14:09:00.495,2026-08-05 14:09:00.495
"779185ef-dfce-4077-8c85-0e684cac9cc8","77a6d5e3-909d-4b7f-a456-154344b678f4","657aca88-207c-474c-9abc-1af2429cad74",,CHECK_OUT,43.194721,23.608585,true,71.0,false,2026-08-05 17:10:22.000,2026-08-05 14:10:30.479,2026-08-05 14:10:30.479
bec0b426-6d14-4ec9-91ae-59654c659d73,e5f48139-e050-420d-bd34-a8451eff467f,"657aca88-207c-474c-9abc-1af2429cad74",,CHECK_OUT,43.194721,23.608585,true,64.0,false,2026-08-05 17:11:10.000,2026-08-05 14:11:30.354,2026-08-05 14:11:30.354
fbd44b67-299f-461c-8773-131160197f50,c5903b81-8b17-49bb-82b3-51a8a5880762,"657aca88-207c-474c-9abc-1af2429cad74",,CHECK_OUT,43.194721,23.608585,true,70.0,false,2026-08-05 17:12:48.000,2026-08-05 14:13:00.489,2026-08-05 14:13:00.489
"880204e4-89b4-4f7e-add2-80e2c8e0419f",f5f7d765-d2db-4a95-b655-27499c69acf2,"657aca88-207c-474c-9abc-1af2429cad74",,CHECK_OUT,43.194721,23.608585,true,65.0,false,2026-08-05 17:13:04.000,2026-08-05 14:13:30.354,2026-08-05 14:13:30.354
"7a2e582b-2da3-4e86-87c2-437bd8e07f4f",a467fc90-25a2-4048-a48d-6f5ee1ccee67,"657aca88-207c-474c-9abc-1af2429cad74",,CHECK_OUT,43.194721,23.608585,true,68.0,false,2026-08-05 17:13:14.000,2026-08-05 14:13:30.362,2026-08-05 14:13:30.362
ea2780f7-a6e2-472c-a327-3c318524248c,"240bc314-dfdc-41e1-a45f-c4c573a44788","657aca88-207c-474c-9abc-1af2429cad74",,CHECK_OUT,43.194721,23.608585,true,67.0,false,2026-08-05 17:13:50.000,2026-08-05 14:14:00.354,2026-08-05 14:14:00.354
e01d4b4a-c594-42ef-a5a9-7ee83794a1d3,f71a195c-7f69-46bf-b5bd-711c2beacdc9,"657aca88-207c-474c-9abc-1af2429cad74",,CHECK_OUT,43.194721,23.608585,true,63.0,false,2026-08-05 17:14:51.000,2026-08-05 14:15:00.364,2026-08-05 14:15:00.364
f4b5b903-e4cc-4b0d-975f-c5477668cef8,"1c9f0cce-7d52-4182-9a80-75f87a851a6b","657aca88-207c-474c-9abc-1af2429cad74",,CHECK_OUT,43.194721,23.608585,true,67.0,false,2026-08-05 17:18:22.000,2026-08-05 14:18:30.690,2026-08-05 14:18:30.690
"39545196-6348-45c3-a491-61a919b220f5",d5aed01f-427e-4421-9e35-b8cde6f895a3,"657aca88-207c-474c-9abc-1af2429cad74",caa49a56-ddf2-499a-b1f8-bd27e6379b49,CHECK_IN,0.0,0.0,false,,true,2026-08-05 08:08:34.320,2026-08-05 08:08:34.320,2026-08-05 08:08:34.320
"66f21e91-fe98-4cbc-9f7f-376c5941aa8e",d5aed01f-427e-4421-9e35-b8cde6f895a3,"657aca88-207c-474c-9abc-1af2429cad74",caa49a56-ddf2-499a-b1f8-bd27e6379b49,CHECK_OUT,0.0,0.0,false,,true,2026-08-05 08:08:40.714,2026-08-05 08:08:40.714,2026-08-05 08:08:40.714
"7dca11e1-89f8-46bd-ade8-8d1ec0aaf06a",e5a36817-048f-4868-929a-d1cf32fc6258,"657aca88-207c-474c-9abc-1af2429cad74",,CHECK_OUT,43.194721,23.608585,true,52.0,false,2026-08-05 17:18:28.000,2026-08-05 14:18:30.698,2026-08-05 14:18:30.698
f3020e0e-1b21-4634-a561-379012956cf9,"602d9323-f5c4-4df1-b6c4-84604b161a27","657aca88-207c-474c-9abc-1af2429cad74",,CHECK_OUT,43.194721,23.608585,true,71.0,false,2026-08-05 17:18:36.000,2026-08-05 14:19:00.404,2026-08-05 14:19:00.404
"42e11aad-008a-4264-933d-c318e269a5f5","2cd576ec-0a8f-4f92-9d4b-436e16b4101a","657aca88-207c-474c-9abc-1af2429cad74",,CHECK_OUT,43.194721,23.608585,true,70.0,false,2026-08-05 17:19:23.000,2026-08-05 14:19:30.407,2026-08-05 14:19:30.407
"545a0571-1ac6-41bc-b37b-db5fcb4514f5","8a8e1231-da2f-43ae-90a9-21035c93bbc7","657aca88-207c-474c-9abc-1af2429cad74",,CHECK_OUT,43.194721,23.608585,true,63.0,false,2026-08-05 17:22:38.000,2026-08-05 14:23:00.487,2026-08-05 14:23:00.487
"094532fb-34ee-41b2-a7b5-bad75b6f9b59","2112a5d6-1663-442a-a32b-1ef34b46c97c","657aca88-207c-474c-9abc-1af2429cad74",,CHECK_OUT,43.194721,23.608585,true,57.0,false,2026-08-05 18:08:43.000,2026-08-05 15:09:01.333,2026-08-05 15:09:01.333
c1ea664d-9b5c-4604-8747-8cf35b08b178,"512f4471-88b5-4ff9-8b20-5996f534a6e3","657aca88-207c-474c-9abc-1af2429cad74",caa49a56-ddf2-499a-b1f8-bd27e6379b49,CHECK_OUT,0.0,0.0,false,,true,2026-08-05 15:41:56.531,2026-08-05 15:41:56.531,2026-08-05 15:41:56.531
ee8270be-f6c5-40a9-a8a4-dbda6300df81,"90570712-1957-4575-9ae0-16d3f2aa5ee9","657aca88-207c-474c-9abc-1af2429cad74",caa49a56-ddf2-499a-b1f8-bd27e6379b49,CHECK_OUT,0.0,0.0,false,,true,2026-08-05 15:42:04.182,2026-08-05 15:42:04.182,2026-08-05 15:42:04.182
"72e845e9-6dc2-40e9-9c5c-1df8d3b70dd6","8308ef9d-f2d5-42e7-a7e4-25733136cae0","657aca88-207c-474c-9abc-1af2429cad74",caa49a56-ddf2-499a-b1f8-bd27e6379b49,CHECK_OUT,0.0,0.0,false,,true,2026-08-05 15:42:09.985,2026-08-05 15:42:09.985,2026-08-05 15:42:09.985
b7d106f6-989d-477b-945f-98740f5c7d77,"2112a5d6-1663-442a-a32b-1ef34b46c97c","657aca88-207c-474c-9abc-1af2429cad74",caa49a56-ddf2-499a-b1f8-bd27e6379b49,CHECK_OUT,0.0,0.0,false,,true,2026-08-05 15:42:12.788,2026-08-05 15:42:12.788,2026-08-05 15:42:12.788
"7f7aee91-cb91-4717-b625-f887eed434eb","2112a5d6-1663-442a-a32b-1ef34b46c97c","657aca88-207c-474c-9abc-1af2429cad74",caa49a56-ddf2-499a-b1f8-bd27e6379b49,CHECK_OUT,0.0,0.0,false,,true,2026-08-05 15:42:20.126,2026-08-05 15:42:20.126,2026-08-05 15:42:20.126
"10d2280e-6116-42a7-8734-349baa4e8981","628d40d0-959d-4870-8cf6-9099e8749af9","657aca88-207c-474c-9abc-1af2429cad74",caa49a56-ddf2-499a-b1f8-bd27e6379b49,CHECK_OUT,0.0,0.0,false,,true,2026-08-05 15:42:30.910,2026-08-05 15:42:30.910,2026-08-05 15:42:30.910
b1753217-4412-4aff-9131-b87136f5ae53,"1e0cfcc4-0a5c-4457-8811-3e370c4f260f","657aca88-207c-474c-9abc-1af2429cad74",caa49a56-ddf2-499a-b1f8-bd27e6379b49,CHECK_OUT,0.0,0.0,false,,true,2026-08-05 15:42:38.989,2026-08-05 15:42:38.989,2026-08-05 15:42:38.989
e698a8b3-c91c-4b9d-9690-c1ac8de935e6,"12459722-0311-458f-a320-5d9e4d7cad5c","657aca88-207c-474c-9abc-1af2429cad74",caa49a56-ddf2-499a-b1f8-bd27e6379b49,CHECK_OUT,0.0,0.0,false,,true,2026-08-05 15:42:45.331,2026-08-05 15:42:45.331,2026-08-05 15:42:45.331
"3fe6cca3-4e0d-43c0-8f8c-1b7b4b3cc372","39e5754e-7c46-4954-8ee2-e32c36bf4e93","657aca88-207c-474c-9abc-1af2429cad74",caa49a56-ddf2-499a-b1f8-bd27e6379b49,CHECK_OUT,0.0,0.0,false,,true,2026-08-05 15:42:48.027,2026-08-05 15:42:48.027,2026-08-05 15:42:48.027
"82995ef1-a75d-4d01-bf55-c0ca1326ee01",dc9e1c44-0d57-43ff-9533-ced7467c7556,"657aca88-207c-474c-9abc-1af2429cad74",caa49a56-ddf2-499a-b1f8-bd27e6379b49,CHECK_OUT,0.0,0.0,false,,true,2026-08-05 15:42:50.788,2026-08-05 15:42:50.788,2026-08-05 15:42:50.788
"49478bf5-3996-4c84-a529-ef64773b3244",f721fdd2-47ce-45a6-838e-5ac2aed4cd75,"657aca88-207c-474c-9abc-1af2429cad74",caa49a56-ddf2-499a-b1f8-bd27e6379b49,CHECK_OUT,0.0,0.0,false,,true,2026-08-05 15:42:52.807,2026-08-05 15:42:52.807,2026-08-05 15:42:52.807
"4d291ff1-3149-43d2-a805-c5b0c5ee8caf","81b36c11-0d95-4b61-8193-4e59127b7d22","657aca88-207c-474c-9abc-1af2429cad74",caa49a56-ddf2-499a-b1f8-bd27e6379b49,CHECK_OUT,0.0,0.0,false,,true,2026-08-05 15:42:56.743,2026-08-05 15:42:56.743,2026-08-05 15:42:56.743
fb1137c0-4f4d-4724-9bc2-3d7d8ed8e127,"74527f74-35db-4321-b590-e9a72dc32935","657aca88-207c-474c-9abc-1af2429cad74",caa49a56-ddf2-499a-b1f8-bd27e6379b49,CHECK_OUT,0.0,0.0,false,,true,2026-08-05 15:43:01.109,2026-08-05 15:43:01.109,2026-08-05 15:43:01.109
"48a31ae6-6bbe-4707-a49a-df911319023f","2501fe3b-87b2-4539-b79d-49be6e92cf4d","657aca88-207c-474c-9abc-1af2429cad74",caa49a56-ddf2-499a-b1f8-bd27e6379b49,CHECK_OUT,0.0,0.0,false,,true,2026-08-05 15:43:08.098,2026-08-05 15:43:08.098,2026-08-05 15:43:08.098
b61bad3d-8d46-40c1-bab8-df4e3ecab153,"75f4f67c-1b34-4b4e-8986-ec8b9a4b3da7","657aca88-207c-474c-9abc-1af2429cad74",caa49a56-ddf2-499a-b1f8-bd27e6379b49,CHECK_OUT,0.0,0.0,false,,true,2026-08-05 15:43:16.973,2026-08-05 15:43:16.973,2026-08-05 15:43:16.973
"848a2b55-4b02-460b-819a-4f45e53c5646","17a2c2cb-60c8-49e9-9a7d-e5b48980a7f2","657aca88-207c-474c-9abc-1af2429cad74",caa49a56-ddf2-499a-b1f8-bd27e6379b49,CHECK_OUT,0.0,0.0,false,,true,2026-08-05 15:43:18.481,2026-08-05 15:43:18.481,2026-08-05 15:43:18.481
"18205791-0306-44be-8a92-5566593b3a02","5ed83e7e-0f5e-4f14-b5ab-03e63b1038bc","657aca88-207c-474c-9abc-1af2429cad74",caa49a56-ddf2-499a-b1f8-bd27e6379b49,CHECK_OUT,0.0,0.0,false,,true,2026-08-05 15:43:22.937,2026-08-05 15:43:22.937,2026-08-05 15:43:22.937
"97cce8f9-989d-4eda-b84b-69dd99113b06","2112a5d6-1663-442a-a32b-1ef34b46c97c","657aca88-207c-474c-9abc-1af2429cad74",caa49a56-ddf2-499a-b1f8-bd27e6379b49,CHECK_OUT,0.0,0.0,false,,true,2026-08-05 15:45:22.405,2026-08-05 15:45:22.405,2026-08-05 15:45:22.405
"723beccd-219b-44a1-9129-354fef031f44","5ed83e7e-0f5e-4f14-b5ab-03e63b1038bc","657aca88-207c-474c-9abc-1af2429cad74",,CHECK_OUT,43.194721,23.608585,true,73.0,false,2026-08-05 19:23:35.000,2026-08-05 16:24:00.783,2026-08-05 16:24:00.783
"552cb45b-24dc-4ada-b47e-ade22fe1dc99","5ed83e7e-0f5e-4f14-b5ab-03e63b1038bc","657aca88-207c-474c-9abc-1af2429cad74",,CHECK_IN,43.194721,23.608585,true,72.0,false,2026-08-05 19:23:54.000,2026-08-05 16:24:00.793,2026-08-05 16:24:00.793
d170712c-6b06-4836-8943-c8f1ba5fcc78,"5ed83e7e-0f5e-4f14-b5ab-03e63b1038bc","657aca88-207c-474c-9abc-1af2429cad74",,CHECK_OUT,43.194721,23.608585,true,70.0,false,2026-08-05 19:24:02.000,2026-08-05 16:24:30.671,2026-08-05 16:24:30.671
"91677fde-900f-4aa3-bd0f-5dbb4c836eda","2eca8bc8-65a5-4298-870f-0615602aef91","657aca88-207c-474c-9abc-1af2429cad74",caa49a56-ddf2-499a-b1f8-bd27e6379b49,CHECK_IN,0.0,0.0,false,,true,2026-08-05 16:50:39.676,2026-08-05 16:50:39.676,2026-08-05 16:50:39.676
cad7e55f-db0e-4b67-bbe2-a35e56606abd,"2eca8bc8-65a5-4298-870f-0615602aef91","657aca88-207c-474c-9abc-1af2429cad74",,CHECK_OUT,43.20270770716471,23.555483617186216,false,,true,2026-08-05 19:51:39.000,2026-08-05 16:51:45.444,2026-08-05 16:51:45.444
"833482fe-de39-447c-b342-eb03c5051858",f721fdd2-47ce-45a6-838e-5ac2aed4cd75,"657aca88-207c-474c-9abc-1af2429cad74",,CHECK_OUT,43.202626052010714,23.555412375222648,false,,true,2026-08-05 19:53:45.000,2026-08-05 16:53:50.804,2026-08-05 16:53:50.804
e83ca19e-cec4-42b1-b15d-1bc7be4cfde0,"1b3d636b-7b18-47e4-a9ea-32ce33378b37","657aca88-207c-474c-9abc-1af2429cad74",,CHECK_IN,43.401489,23.227905,false,67.0,false,2026-08-06 06:05:06.000,2026-08-06 03:05:31.086,2026-08-06 03:05:31.086
"26a1da94-d7b6-41a1-aa86-0f45986de789","926758e5-3a61-4ad6-82b2-34c4816c75b8","657aca88-207c-474c-9abc-1af2429cad74",,CHECK_IN,43.194721,23.608585,true,60.0,false,2026-08-06 06:34:40.000,2026-08-06 03:35:01.320,2026-08-06 03:35:01.320
"9cec28ea-e18a-46c5-9961-b188bb1ac52d",d6b6d84e-0445-43df-9f71-ca5679ce20cd,"657aca88-207c-474c-9abc-1af2429cad74",,CHECK_IN,43.194721,23.608585,true,70.0,false,2026-08-06 06:34:49.000,2026-08-06 03:35:01.367,2026-08-06 03:35:01.367
"72ce8bfe-4a25-4a5b-a1ad-1348e48bd57e","2eca8bc8-65a5-4298-870f-0615602aef91","657aca88-207c-474c-9abc-1af2429cad74",,CHECK_IN,43.194721,23.608585,true,57.0,false,2026-08-06 06:35:04.000,2026-08-06 03:35:30.844,2026-08-06 03:35:30.844
c3585bcd-ced6-42d0-9a33-26ce08ca0ffe,"512f4471-88b5-4ff9-8b20-5996f534a6e3","657aca88-207c-474c-9abc-1af2429cad74",,CHECK_IN,43.401489,23.227905,false,55.0,false,2026-08-06 06:47:52.000,2026-08-06 03:48:17.054,2026-08-06 03:48:17.054
"83a232ff-185e-4948-9478-a1278ae901ab","8218a51e-5a6c-4bde-8519-24df8070b8a9","657aca88-207c-474c-9abc-1af2429cad74",,CHECK_IN,43.194721,23.608585,true,59.0,false,2026-08-06 06:48:57.000,2026-08-06 03:49:16.880,2026-08-06 03:49:16.880
f2372189-1017-45cb-a79b-01e5ff3717e6,"61c76398-dbf7-43bf-830f-6eac33943779","657aca88-207c-474c-9abc-1af2429cad74",,CHECK_IN,43.401489,23.227905,false,58.0,false,2026-08-06 06:49:21.000,2026-08-06 03:49:46.907,2026-08-06 03:49:46.907
eb5c3c1a-e1c1-489d-8b9e-b7b966ae4de9,f721fdd2-47ce-45a6-838e-5ac2aed4cd75,"657aca88-207c-474c-9abc-1af2429cad74",,CHECK_IN,43.194721,23.608585,true,70.0,false,2026-08-06 06:51:02.000,2026-08-06 03:51:16.983,2026-08-06 03:51:16.983
"2813a411-b5e1-4191-acbd-fe19106c8966",c5903b81-8b17-49bb-82b3-51a8a5880762,"657aca88-207c-474c-9abc-1af2429cad74",,CHECK_IN,43.194721,23.608585,true,59.0,false,2026-08-06 07:10:52.000,2026-08-06 04:11:17.128,2026-08-06 04:11:17.128
e76a4470-e624-4748-9376-b43fd7865fc1,"12459722-0311-458f-a320-5d9e4d7cad5c","657aca88-207c-474c-9abc-1af2429cad74",,CHECK_IN,43.194721,23.608585,true,61.0,false,2026-08-06 07:11:02.000,2026-08-06 04:11:17.133,2026-08-06 04:11:17.133
c494f2a9-fdd8-4949-b2a4-ea299484230c,"90570712-1957-4575-9ae0-16d3f2aa5ee9","657aca88-207c-474c-9abc-1af2429cad74",,CHECK_IN,43.194721,23.608585,true,63.0,false,2026-08-06 07:11:08.000,2026-08-06 04:11:17.136,2026-08-06 04:11:17.136
"2b299fd3-29f5-4746-ad53-3b1bffc2f8fd","8308ef9d-f2d5-42e7-a7e4-25733136cae0","657aca88-207c-474c-9abc-1af2429cad74",,CHECK_IN,43.194721,23.608585,true,46.0,false,2026-08-06 07:11:21.000,2026-08-06 04:11:46.993,2026-08-06 04:11:46.993
"16e8b342-6dad-4f30-b53c-c2669787ebe4","74527f74-35db-4321-b590-e9a72dc32935","657aca88-207c-474c-9abc-1af2429cad74",,CHECK_IN,43.194721,23.608585,true,55.0,false,2026-08-06 07:11:29.000,2026-08-06 04:11:46.997,2026-08-06 04:11:46.997
"64d61f26-4e47-46f7-9422-646137d9abc8",ff75470c-6a3a-4e5d-877d-74e99a17fe9d,"657aca88-207c-474c-9abc-1af2429cad74",,CHECK_IN,43.194721,23.608585,true,56.0,false,2026-08-06 07:11:35.000,2026-08-06 04:11:46.999,2026-08-06 04:11:46.999
"83a4d275-b7ca-491c-af01-7fa7ca2ddd5d",a467fc90-25a2-4048-a48d-6f5ee1ccee67,"657aca88-207c-474c-9abc-1af2429cad74",,CHECK_IN,43.194721,23.608585,true,55.0,false,2026-08-06 07:11:42.000,2026-08-06 04:11:47.003,2026-08-06 04:11:47.003
"82a971a3-c364-4217-984b-7e6a93aa1662","240bc314-dfdc-41e1-a45f-c4c573a44788","657aca88-207c-474c-9abc-1af2429cad74",,CHECK_IN,43.194721,23.608585,true,59.0,false,2026-08-06 07:11:46.000,2026-08-06 04:11:47.006,2026-08-06 04:11:47.006
b18f9fdd-71af-493b-b978-64f4690d8639,"75f4f67c-1b34-4b4e-8986-ec8b9a4b3da7","657aca88-207c-474c-9abc-1af2429cad74",,CHECK_IN,43.401489,23.227905,false,57.0,false,2026-08-06 07:12:43.000,2026-08-06 04:12:46.967,2026-08-06 04:12:46.967
"15148cea-b70e-4219-ae84-0443ee3859bb",fd2b5a2d-f9dd-4293-83c7-76ea00b396ff,"657aca88-207c-474c-9abc-1af2429cad74",,CHECK_IN,43.194721,23.608585,true,64.0,false,2026-08-06 07:12:54.000,2026-08-06 04:13:16.927,2026-08-06 04:13:16.927
e3787f73-92b0-4a54-974e-4ec9fe5f8d8c,dc9e1c44-0d57-43ff-9533-ced7467c7556,"657aca88-207c-474c-9abc-1af2429cad74",,CHECK_IN,43.194721,23.608585,true,52.0,false,2026-08-06 07:13:07.000,2026-08-06 04:13:16.931,2026-08-06 04:13:16.931
d1095b5b-c7a7-4a39-b397-0b30eaabe32b,f5f7d765-d2db-4a95-b655-27499c69acf2,"657aca88-207c-474c-9abc-1af2429cad74",,CHECK_IN,43.194721,23.608585,true,61.0,false,2026-08-06 07:13:51.000,2026-08-06 04:14:16.889,2026-08-06 04:14:16.889
b20216a3-8f1d-4a95-b4e6-6539bfb67cb2,b15c0a24-f180-4043-b67a-d5e02a85c89b,"657aca88-207c-474c-9abc-1af2429cad74",,CHECK_IN,43.194721,23.608585,true,63.0,false,2026-08-06 07:14:24.000,2026-08-06 04:14:46.972,2026-08-06 04:14:46.972
c25515ef-65e5-4c24-9aa4-bab0cd8d634f,af4a589c-808d-42ac-b374-59a1883692ae,"657aca88-207c-474c-9abc-1af2429cad74",,CHECK_IN,43.194721,23.608585,true,56.0,false,2026-08-06 07:14:45.000,2026-08-06 04:14:46.975,2026-08-06 04:14:46.975
b8f6bc51-f461-44ad-b3c9-5f831829938a,"628d40d0-959d-4870-8cf6-9099e8749af9","657aca88-207c-474c-9abc-1af2429cad74",,CHECK_IN,43.194721,23.608585,true,55.0,false,2026-08-06 07:17:11.000,2026-08-06 04:17:17.076,2026-08-06 04:17:17.076
e63bba35-325a-4de1-b12e-985a7e4a97b1,"5ed83e7e-0f5e-4f14-b5ab-03e63b1038bc","657aca88-207c-474c-9abc-1af2429cad74",,CHECK_IN,43.194721,23.608585,true,53.0,false,2026-08-06 07:19:20.000,2026-08-06 04:19:47.060,2026-08-06 04:19:47.060
f6724d1d-53cf-4f39-8e0f-1e5352fc6af6,e5f48139-e050-420d-bd34-a8451eff467f,"657aca88-207c-474c-9abc-1af2429cad74",,CHECK_IN,43.194721,23.608585,true,54.0,false,2026-08-06 07:20:39.000,2026-08-06 04:20:46.917,2026-08-06 04:20:46.917
"8805c0b6-4ff1-4bcc-88db-e346857f8a59","2112a5d6-1663-442a-a32b-1ef34b46c97c","657aca88-207c-474c-9abc-1af2429cad74",,CHECK_IN,43.194721,23.608585,true,53.0,false,2026-08-06 07:21:01.000,2026-08-06 04:21:16.922,2026-08-06 04:21:16.922
"181c6e83-f798-40e9-bf93-fd035516e035",f71a195c-7f69-46bf-b5bd-711c2beacdc9,"657aca88-207c-474c-9abc-1af2429cad74",,CHECK_IN,43.194721,23.608585,true,57.0,false,2026-08-06 07:21:07.000,2026-08-06 04:21:16.925,2026-08-06 04:21:16.925
d74a5307-c8da-4518-8638-93eb9490e24c,"3d976022-5033-4c30-883d-2bb683c9cfa1","657aca88-207c-474c-9abc-1af2429cad74",,CHECK_IN,43.194721,23.608585,true,58.0,false,2026-08-06 07:21:33.000,2026-08-06 04:21:46.922,2026-08-06 04:21:46.922
"55f2f1a0-840b-4cd2-9cf3-a2c3afdc4a8a","5e8263c0-8db9-4084-810f-7317368bd919","657aca88-207c-474c-9abc-1af2429cad74",,CHECK_IN,43.194721,23.608585,true,55.0,false,2026-08-06 07:21:51.000,2026-08-06 04:22:16.946,2026-08-06 04:22:16.946
"7d383819-c7fd-4ad5-966d-d480de8b0e71","1e0cfcc4-0a5c-4457-8811-3e370c4f260f","657aca88-207c-474c-9abc-1af2429cad74",,CHECK_IN,43.194721,23.608585,true,50.0,false,2026-08-06 07:23:48.000,2026-08-06 04:24:17.009,2026-08-06 04:24:17.009
"5a259f8c-5f06-4e28-afbc-984c3895cdd3","1e0cfcc4-0a5c-4457-8811-3e370c4f260f","657aca88-207c-474c-9abc-1af2429cad74",,CHECK_OUT,43.194721,23.608585,true,57.0,false,2026-08-06 07:23:49.000,2026-08-06 04:24:17.012,2026-08-06 04:24:17.012
ae5d4494-39f7-4809-b0f7-846865f043e9,"1e0cfcc4-0a5c-4457-8811-3e370c4f260f","657aca88-207c-474c-9abc-1af2429cad74",,CHECK_IN,43.194721,23.608585,true,55.0,false,2026-08-06 07:23:51.000,2026-08-06 04:24:17.015,2026-08-06 04:24:17.015
f3c9360c-aa2c-418f-8284-d7edcdca4b3a,"8a8e1231-da2f-43ae-90a9-21035c93bbc7","657aca88-207c-474c-9abc-1af2429cad74",,CHECK_IN,43.194721,23.608585,true,50.0,false,2026-08-06 07:24:01.000,2026-08-06 04:24:17.018,2026-08-06 04:24:17.018
"17c4baa4-12e8-4284-8ae8-d7ed2d032f2a","2555d529-ff47-49b6-931f-f2dce830a6fc","657aca88-207c-474c-9abc-1af2429cad74",,CHECK_IN,43.194721,23.608585,true,52.0,false,2026-08-06 07:24:34.000,2026-08-06 04:24:46.899,2026-08-06 04:24:46.899
"6a090c73-d096-4eea-a594-2df88c589f84",d0b6501c-1a2c-48d5-8614-41a1ca72be02,"657aca88-207c-474c-9abc-1af2429cad74",,CHECK_IN,43.194721,23.608585,true,48.0,false,2026-08-06 07:27:32.000,2026-08-06 04:27:47.025,2026-08-06 04:27:47.025
bb8a6d54-6bb0-47da-9d0f-fc7634d5efa0,e5a36817-048f-4868-929a-d1cf32fc6258,"657aca88-207c-474c-9abc-1af2429cad74",,CHECK_IN,43.194721,23.608585,true,49.0,false,2026-08-06 07:28:17.000,2026-08-06 04:28:46.898,2026-08-06 04:28:46.898
c2ba5d13-1ca7-4fbc-84f9-a4163bb05530,aa93b9b6-4dc0-48dc-9614-f0b955445b40,"657aca88-207c-474c-9abc-1af2429cad74",,CHECK_IN,43.194721,23.608585,true,60.0,false,2026-08-06 07:29:20.000,2026-08-06 04:29:46.903,2026-08-06 04:29:46.903
"197bd6a9-cbfa-4413-9e33-c254ee53b1b7","1c9f0cce-7d52-4182-9a80-75f87a851a6b","657aca88-207c-474c-9abc-1af2429cad74",,CHECK_IN,43.194721,23.608585,true,49.0,false,2026-08-06 07:30:59.000,2026-08-06 04:31:17.066,2026-08-06 04:31:17.066
dee21059-80af-4be6-94bc-2094444b80fb,c7e8ca14-c7a8-469e-880d-c0f98cdf485e,"657aca88-207c-474c-9abc-1af2429cad74",,CHECK_IN,43.194721,23.608585,true,48.0,false,2026-08-06 07:33:18.000,2026-08-06 04:33:47.224,2026-08-06 04:33:47.224
"3ce7ed44-cf2a-4c69-8ba0-070b4c73af13","81b36c11-0d95-4b61-8193-4e59127b7d22","657aca88-207c-474c-9abc-1af2429cad74",,CHECK_IN,43.194721,23.608585,true,64.0,false,2026-08-06 07:33:33.000,2026-08-06 04:33:47.230,2026-08-06 04:33:47.230
df973622-234b-4d60-b9b0-6b451fee6112,"77a6d5e3-909d-4b7f-a456-154344b678f4","657aca88-207c-474c-9abc-1af2429cad74",,CHECK_IN,43.194721,23.608585,true,51.0,false,2026-08-06 07:35:24.000,2026-08-06 04:35:47.061,2026-08-06 04:35:47.061
"4ba78f21-67ef-44f9-b4de-e846f4a1e5c4","77a6d5e3-909d-4b7f-a456-154344b678f4","657aca88-207c-474c-9abc-1af2429cad74",,CHECK_OUT,43.194721,23.608585,true,53.0,false,2026-08-06 07:35:24.000,2026-08-06 04:35:47.065,2026-08-06 04:35:47.065
"0d381ba9-dfa0-434c-80d0-1e2cb8c09bc7","602d9323-f5c4-4df1-b6c4-84604b161a27","657aca88-207c-474c-9abc-1af2429cad74",,CHECK_IN,43.194721,23.608585,true,49.0,false,2026-08-06 07:36:36.000,2026-08-06 04:36:46.973,2026-08-06 04:36:46.973
"60d9467e-0249-49b1-a3c3-c92da91bdef9","17e4eb94-d4ab-472a-ad3a-991750ee662a","657aca88-207c-474c-9abc-1af2429cad74",,CHECK_IN,43.194721,23.608585,true,,true,2026-08-06 07:38:15.000,2026-08-06 04:38:35.457,2026-08-06 04:38:35.457
adc5ecd6-b67e-4195-b706-ee7862a26c30,"2501fe3b-87b2-4539-b79d-49be6e92cf4d","657aca88-207c-474c-9abc-1af2429cad74",,CHECK_IN,43.194721,23.608585,true,71.0,false,2026-08-06 07:49:16.000,2026-08-06 04:49:17.349,2026-08-06 04:49:17.349
c7cdd505-678c-4dc1-b945-bb2e7443b41d,"986b9165-20b2-4ea1-b09f-498a58979161",c211b70d-7f1d-43df-a4f0-1e93123ede1d,caa49a56-ddf2-499a-b1f8-bd27e6379b49,CHECK_IN,0.0,0.0,false,,true,2026-08-06 09:22:14.690,2026-08-06 09:22:14.690,2026-08-06 09:22:14.690
"71a48df3-10d3-4c0e-a232-9df1180a9c63","986b9165-20b2-4ea1-b09f-498a58979161",c211b70d-7f1d-43df-a4f0-1e93123ede1d,caa49a56-ddf2-499a-b1f8-bd27e6379b49,CHECK_OUT,0.0,0.0,false,,true,2026-08-06 10:51:59.596,2026-08-06 10:51:59.596,2026-08-06 10:51:59.596
"22d32a3e-fb5a-4c1a-9570-dcfc7a39cc80","1b3d636b-7b18-47e4-a9ea-32ce33378b37","657aca88-207c-474c-9abc-1af2429cad74",,CHECK_OUT,43.194721,23.608585,true,56.0,false,2026-08-06 17:01:06.000,2026-08-06 14:01:20.916,2026-08-06 14:01:20.916
"0ab22936-a1e5-4cad-85d3-fb4a4d387a90","2555d529-ff47-49b6-931f-f2dce830a6fc","657aca88-207c-474c-9abc-1af2429cad74",,CHECK_OUT,43.194721,23.608585,true,55.0,false,2026-08-06 17:01:23.000,2026-08-06 14:01:50.666,2026-08-06 14:01:50.666
"9a244d96-579d-441a-8bc8-edea7d6eb368","926758e5-3a61-4ad6-82b2-34c4816c75b8","657aca88-207c-474c-9abc-1af2429cad74",,CHECK_OUT,43.194721,23.608585,true,54.0,false,2026-08-06 17:01:41.000,2026-08-06 14:01:50.672,2026-08-06 14:01:50.672
d8acc032-ccbf-4390-b413-02fb8b4ae870,f5f7d765-d2db-4a95-b655-27499c69acf2,"657aca88-207c-474c-9abc-1af2429cad74",,CHECK_OUT,43.194721,23.608585,true,65.0,false,2026-08-06 17:02:26.000,2026-08-06 14:02:50.597,2026-08-06 14:02:50.597
be8dd909-bc43-4bb1-8bba-1498218e5910,e5a36817-048f-4868-929a-d1cf32fc6258,"657aca88-207c-474c-9abc-1af2429cad74",,CHECK_OUT,43.194721,23.608585,true,55.0,false,2026-08-06 17:02:39.000,2026-08-06 14:02:50.606,2026-08-06 14:02:50.606
"119eac9a-63ff-4884-94fc-c94a9e6f81ed","2501fe3b-87b2-4539-b79d-49be6e92cf4d","657aca88-207c-474c-9abc-1af2429cad74",,CHECK_OUT,43.401489,23.227905,false,66.0,false,2026-08-06 17:02:48.000,2026-08-06 14:02:50.754,2026-08-06 14:02:50.754
"3d1d16ed-9900-41e6-9642-c4d6ebb95fbd","90570712-1957-4575-9ae0-16d3f2aa5ee9","657aca88-207c-474c-9abc-1af2429cad74",,CHECK_OUT,43.194721,23.608585,true,68.0,false,2026-08-06 17:03:12.000,2026-08-06 14:03:20.606,2026-08-06 14:03:20.606
"6d03e5dd-9640-44d3-ab0f-c25840dd2bd4","2112a5d6-1663-442a-a32b-1ef34b46c97c","657aca88-207c-474c-9abc-1af2429cad74",,CHECK_OUT,43.194721,23.608585,true,63.0,false,2026-08-06 17:04:05.000,2026-08-06 14:04:20.596,2026-08-06 14:04:20.596
"2148eb9a-196f-4d29-adc0-543a4c40721a","1c9f0cce-7d52-4182-9a80-75f87a851a6b","657aca88-207c-474c-9abc-1af2429cad74",,CHECK_OUT,43.194721,23.608585,true,67.0,false,2026-08-06 17:04:38.000,2026-08-06 14:04:50.613,2026-08-06 14:04:50.613
b394f484-2f64-4db3-b2f5-d897bbb14e86,b15c0a24-f180-4043-b67a-d5e02a85c89b,"657aca88-207c-474c-9abc-1af2429cad74",,CHECK_OUT,43.194721,23.608585,true,60.0,false,2026-08-06 17:04:49.000,2026-08-06 14:04:50.618,2026-08-06 14:04:50.618
cb2acab3-5a13-4acc-864a-282d41f51671,"3d976022-5033-4c30-883d-2bb683c9cfa1","657aca88-207c-474c-9abc-1af2429cad74",,CHECK_OUT,43.194721,23.608585,true,55.0,false,2026-08-06 17:06:52.000,2026-08-06 14:07:21.151,2026-08-06 14:07:21.151
"0f9eabd4-7b16-413b-9648-9716c53c4d79",af4a589c-808d-42ac-b374-59a1883692ae,"657aca88-207c-474c-9abc-1af2429cad74",,CHECK_OUT,43.194721,23.608585,true,60.0,false,2026-08-06 17:07:11.000,2026-08-06 14:07:21.156,2026-08-06 14:07:21.156
d4316e82-dcff-419f-8ace-7811b44a70d2,aa93b9b6-4dc0-48dc-9614-f0b955445b40,"657aca88-207c-474c-9abc-1af2429cad74",,CHECK_OUT,43.194721,23.608585,true,61.0,false,2026-08-06 17:07:36.000,2026-08-06 14:07:50.664,2026-08-06 14:07:50.664
b7cddb67-9065-49b5-8eab-9b1e380d961c,"77a6d5e3-909d-4b7f-a456-154344b678f4","657aca88-207c-474c-9abc-1af2429cad74",,CHECK_IN,43.194721,23.608585,true,75.0,false,2026-08-06 17:08:05.000,2026-08-06 14:08:20.554,2026-08-06 14:08:20.554
"68fcf46c-c5bf-41a6-a089-b15f0d0087a9","77a6d5e3-909d-4b7f-a456-154344b678f4","657aca88-207c-474c-9abc-1af2429cad74",,CHECK_OUT,43.194721,23.608585,true,73.0,false,2026-08-06 17:08:06.000,2026-08-06 14:08:20.560,2026-08-06 14:08:20.560
e1bd96d3-e1f3-47d8-afff-df7fdf77e111,"17e4eb94-d4ab-472a-ad3a-991750ee662a","657aca88-207c-474c-9abc-1af2429cad74",,CHECK_OUT,43.194721,23.608585,true,68.0,false,2026-08-06 17:08:15.000,2026-08-06 14:08:20.563,2026-08-06 14:08:20.563
f3be05f8-b959-4a35-8cda-7aaeca765e81,c7e8ca14-c7a8-469e-880d-c0f98cdf485e,"657aca88-207c-474c-9abc-1af2429cad74",,CHECK_OUT,43.401489,23.227905,false,59.0,false,2026-08-06 17:13:50.000,2026-08-06 14:13:50.701,2026-08-06 14:13:50.701
"54d940ee-c063-456d-a935-a98015f6f252",d6b6d84e-0445-43df-9f71-ca5679ce20cd,"657aca88-207c-474c-9abc-1af2429cad74",,CHECK_OUT,43.194721,23.608585,true,72.0,false,2026-08-06 17:14:21.000,2026-08-06 14:14:50.607,2026-08-06 14:14:50.607
f987540e-9109-4611-91f6-41b032666109,e5f48139-e050-420d-bd34-a8451eff467f,"657aca88-207c-474c-9abc-1af2429cad74",,CHECK_OUT,43.194721,23.608585,true,48.0,false,2026-08-06 17:15:35.000,2026-08-06 14:15:50.613,2026-08-06 14:15:50.613
"917904f3-1d6b-4343-a8fd-7700055039c1","8a8e1231-da2f-43ae-90a9-21035c93bbc7","657aca88-207c-474c-9abc-1af2429cad74",,CHECK_OUT,43.401489,23.227905,false,68.0,false,2026-08-06 17:15:54.000,2026-08-06 14:16:20.677,2026-08-06 14:16:20.677
"7a4d60c1-0748-45ff-aeca-f066a76249fe","602d9323-f5c4-4df1-b6c4-84604b161a27","657aca88-207c-474c-9abc-1af2429cad74",,CHECK_OUT,43.194721,23.608585,true,57.0,false,2026-08-06 17:12:33.000,2026-08-06 14:12:51.033,2026-08-06 14:12:51.033
"3a3177bc-db44-4257-9863-eabd868f248a",f71a195c-7f69-46bf-b5bd-711c2beacdc9,"657aca88-207c-474c-9abc-1af2429cad74",,CHECK_OUT,43.194721,23.608585,true,65.0,false,2026-08-06 17:15:07.000,2026-08-06 14:15:20.605,2026-08-06 14:15:20.605
"9480db4c-6ba6-44a2-8ee4-ee2a155bf655",c5903b81-8b17-49bb-82b3-51a8a5880762,"657aca88-207c-474c-9abc-1af2429cad74",,CHECK_OUT,43.401489,23.227905,false,67.0,false,2026-08-06 17:17:42.000,2026-08-06 14:17:50.924,2026-08-06 14:17:50.924
"72a2fe7d-ae42-4b68-8146-29d30d4620c1",a467fc90-25a2-4048-a48d-6f5ee1ccee67,"657aca88-207c-474c-9abc-1af2429cad74",,CHECK_OUT,43.194721,23.608585,true,71.0,false,2026-08-06 17:17:50.000,2026-08-06 14:18:20.538,2026-08-06 14:18:20.538
"25acdc20-366e-4ce8-9e8b-3a117a219313","240bc314-dfdc-41e1-a45f-c4c573a44788","657aca88-207c-474c-9abc-1af2429cad74",,CHECK_OUT,43.401489,23.227905,false,62.0,false,2026-08-06 17:17:59.000,2026-08-06 14:18:20.545,2026-08-06 14:18:20.545
"2166a2ea-9b89-4390-8431-b41d7a33b223","2eca8bc8-65a5-4298-870f-0615602aef91","657aca88-207c-474c-9abc-1af2429cad74",caa49a56-ddf2-499a-b1f8-bd27e6379b49,CHECK_OUT,0.0,0.0,false,,true,2026-08-06 19:18:00.000,2026-08-06 16:18:05.253,2026-08-06 16:18:05.253
"770be418-f01f-4e0b-95d9-6a51ba7aea4b","5e8263c0-8db9-4084-810f-7317368bd919","657aca88-207c-474c-9abc-1af2429cad74",caa49a56-ddf2-499a-b1f8-bd27e6379b49,CHECK_OUT,0.0,0.0,false,,true,2026-08-06 19:18:00.000,2026-08-06 16:18:09.078,2026-08-06 16:18:09.078
"469a4caf-a850-4511-b058-a8c8d8a97d33","512f4471-88b5-4ff9-8b20-5996f534a6e3","657aca88-207c-474c-9abc-1af2429cad74",caa49a56-ddf2-499a-b1f8-bd27e6379b49,CHECK_OUT,0.0,0.0,false,,true,2026-08-06 19:18:00.000,2026-08-06 16:18:26.470,2026-08-06 16:18:26.470
"55e76bb3-8b4b-48c6-921a-4bd19e987f6e","8308ef9d-f2d5-42e7-a7e4-25733136cae0","657aca88-207c-474c-9abc-1af2429cad74",caa49a56-ddf2-499a-b1f8-bd27e6379b49,CHECK_OUT,0.0,0.0,false,,true,2026-08-06 19:18:00.000,2026-08-06 16:18:36.089,2026-08-06 16:18:36.089
f22d8993-3586-41ad-b139-8e41ca039ee6,"628d40d0-959d-4870-8cf6-9099e8749af9","657aca88-207c-474c-9abc-1af2429cad74",caa49a56-ddf2-499a-b1f8-bd27e6379b49,CHECK_OUT,0.0,0.0,false,,true,2026-08-06 19:19:00.000,2026-08-06 16:19:06.236,2026-08-06 16:19:06.236
e42d8adb-950f-46f4-b460-2f2e9c9bc2d9,"1e0cfcc4-0a5c-4457-8811-3e370c4f260f","657aca88-207c-474c-9abc-1af2429cad74",caa49a56-ddf2-499a-b1f8-bd27e6379b49,CHECK_OUT,0.0,0.0,false,,true,2026-08-06 19:19:00.000,2026-08-06 16:19:18.910,2026-08-06 16:19:18.910
af13d456-9cce-4979-94cb-bdaf55d04c1d,"12459722-0311-458f-a320-5d9e4d7cad5c","657aca88-207c-474c-9abc-1af2429cad74",caa49a56-ddf2-499a-b1f8-bd27e6379b49,CHECK_OUT,0.0,0.0,false,,true,2026-08-06 19:19:00.000,2026-08-06 16:19:30.308,2026-08-06 16:19:30.308
"6341b62c-a16b-48c9-bebf-95393452b514",dc9e1c44-0d57-43ff-9533-ced7467c7556,"657aca88-207c-474c-9abc-1af2429cad74",caa49a56-ddf2-499a-b1f8-bd27e6379b49,CHECK_OUT,0.0,0.0,false,,true,2026-08-06 19:19:00.000,2026-08-06 16:19:39.083,2026-08-06 16:19:39.083
"96fa322a-c90c-4cdc-b418-6c3afd225d4f",f721fdd2-47ce-45a6-838e-5ac2aed4cd75,"657aca88-207c-474c-9abc-1af2429cad74",caa49a56-ddf2-499a-b1f8-bd27e6379b49,CHECK_OUT,0.0,0.0,false,,true,2026-08-06 19:19:00.000,2026-08-06 16:19:45.753,2026-08-06 16:19:45.753
"8b04e5cd-c271-4f14-8658-80904b1ee0ad","81b36c11-0d95-4b61-8193-4e59127b7d22","657aca88-207c-474c-9abc-1af2429cad74",caa49a56-ddf2-499a-b1f8-bd27e6379b49,CHECK_OUT,0.0,0.0,false,,true,2026-08-06 19:19:00.000,2026-08-06 16:19:57.201,2026-08-06 16:19:57.201
"9de25f5f-b170-4352-88ed-bef7c036ef67",d0b6501c-1a2c-48d5-8614-41a1ca72be02,"657aca88-207c-474c-9abc-1af2429cad74",caa49a56-ddf2-499a-b1f8-bd27e6379b49,CHECK_OUT,0.0,0.0,false,,true,2026-08-06 19:20:00.000,2026-08-06 16:20:00.839,2026-08-06 16:20:00.839
ccddd57d-f439-4b1e-a494-c5dd6697f04e,"61c76398-dbf7-43bf-830f-6eac33943779","657aca88-207c-474c-9abc-1af2429cad74",caa49a56-ddf2-499a-b1f8-bd27e6379b49,CHECK_OUT,0.0,0.0,false,,true,2026-08-06 19:20:00.000,2026-08-06 16:20:02.613,2026-08-06 16:20:02.613
dfcc22aa-c1df-41ae-aaf0-572f5a209016,"74527f74-35db-4321-b590-e9a72dc32935","657aca88-207c-474c-9abc-1af2429cad74",caa49a56-ddf2-499a-b1f8-bd27e6379b49,CHECK_OUT,0.0,0.0,false,,true,2026-08-06 19:20:00.000,2026-08-06 16:20:09.660,2026-08-06 16:20:09.660
"45ff750a-c36d-4fe3-9cbb-76f8b8bcb931",ff75470c-6a3a-4e5d-877d-74e99a17fe9d,"657aca88-207c-474c-9abc-1af2429cad74",caa49a56-ddf2-499a-b1f8-bd27e6379b49,CHECK_OUT,0.0,0.0,false,,true,2026-08-06 19:20:00.000,2026-08-06 16:20:17.075,2026-08-06 16:20:17.075
"01f01e98-73be-45be-90ac-d701e1c9c0fc","8218a51e-5a6c-4bde-8519-24df8070b8a9","657aca88-207c-474c-9abc-1af2429cad74",caa49a56-ddf2-499a-b1f8-bd27e6379b49,CHECK_OUT,0.0,0.0,false,,true,2026-08-06 15:20:00.000,2026-08-06 16:20:37.493,2026-08-06 16:20:37.493
"4b2e77b4-f300-4576-8476-9a46dc97faff",fd2b5a2d-f9dd-4293-83c7-76ea00b396ff,"657aca88-207c-474c-9abc-1af2429cad74",caa49a56-ddf2-499a-b1f8-bd27e6379b49,CHECK_OUT,0.0,0.0,false,,true,2026-08-06 19:20:00.000,2026-08-06 16:20:40.348,2026-08-06 16:20:40.348
df208fca-ebb0-459e-84c4-1401b9189e2e,"75f4f67c-1b34-4b4e-8986-ec8b9a4b3da7","657aca88-207c-474c-9abc-1af2429cad74",caa49a56-ddf2-499a-b1f8-bd27e6379b49,CHECK_OUT,0.0,0.0,false,,true,2026-08-06 19:20:00.000,2026-08-06 16:20:46.450,2026-08-06 16:20:46.450
"0c6e4cd8-6832-4416-845a-2fff83af18b1","5ed83e7e-0f5e-4f14-b5ab-03e63b1038bc","657aca88-207c-474c-9abc-1af2429cad74",caa49a56-ddf2-499a-b1f8-bd27e6379b49,CHECK_OUT,0.0,0.0,false,,true,2026-08-06 19:20:00.000,2026-08-06 16:20:52.867,2026-08-06 16:20:52.867
"0ea4742a-3dae-44bf-9f19-070ccc0cd6bd","926758e5-3a61-4ad6-82b2-34c4816c75b8","657aca88-207c-474c-9abc-1af2429cad74",,CHECK_IN,43.194721,23.608585,true,58.0,false,2026-08-07 06:17:10.000,2026-08-07 03:17:13.508,2026-08-07 03:17:13.508
c2e335da-ae9d-4829-a47b-1bcc6b2fd0fd,"1b3d636b-7b18-47e4-a9ea-32ce33378b37","657aca88-207c-474c-9abc-1af2429cad74",,CHECK_IN,43.194721,23.608585,true,62.0,false,2026-08-07 06:17:18.000,2026-08-07 03:17:43.376,2026-08-07 03:17:43.376
c12fd31a-d780-4793-b7ee-08a2d932913a,d6b6d84e-0445-43df-9f71-ca5679ce20cd,"657aca88-207c-474c-9abc-1af2429cad74",,CHECK_IN,43.194721,23.608585,true,73.0,false,2026-08-07 06:28:54.000,2026-08-07 03:29:13.494,2026-08-07 03:29:13.494
"62bbe72a-c6aa-4344-ae7e-133df02a7e83",c5903b81-8b17-49bb-82b3-51a8a5880762,"657aca88-207c-474c-9abc-1af2429cad74",,CHECK_IN,43.194721,23.608585,true,58.0,false,2026-08-07 06:36:41.000,2026-08-07 03:36:43.502,2026-08-07 03:36:43.502
"41a8d6fa-f5c9-4858-84bb-a6dd3e581bb8",f5f7d765-d2db-4a95-b655-27499c69acf2,"657aca88-207c-474c-9abc-1af2429cad74",,CHECK_IN,43.194721,23.608585,true,71.0,false,2026-08-07 06:37:05.000,2026-08-07 03:37:13.395,2026-08-07 03:37:13.395
"0b0fce9e-919b-4030-a56a-72247773ef22","17a2c2cb-60c8-49e9-9a7d-e5b48980a7f2","657aca88-207c-474c-9abc-1af2429cad74",,CHECK_IN,43.194721,23.608585,true,58.0,false,2026-08-07 06:37:49.000,2026-08-07 03:38:13.405,2026-08-07 03:38:13.405
"8864970b-7e85-4b33-ab65-cc9a52ec1a48","240bc314-dfdc-41e1-a45f-c4c573a44788","657aca88-207c-474c-9abc-1af2429cad74",,CHECK_IN,43.194721,23.608585,true,55.0,false,2026-08-07 06:38:16.000,2026-08-07 03:38:43.433,2026-08-07 03:38:43.433
"34a9348d-16df-416f-9f34-0829564ac03b",a467fc90-25a2-4048-a48d-6f5ee1ccee67,"657aca88-207c-474c-9abc-1af2429cad74",,CHECK_IN,43.194721,23.608585,true,61.0,false,2026-08-07 06:38:34.000,2026-08-07 03:38:43.436,2026-08-07 03:38:43.436
"759b0ce5-1040-4d3c-9fa3-21186a4298ec","628d40d0-959d-4870-8cf6-9099e8749af9","657aca88-207c-474c-9abc-1af2429cad74",,CHECK_OUT,43.194721,23.608585,true,56.0,false,2026-08-07 06:39:22.000,2026-08-07 03:39:43.408,2026-08-07 03:39:43.408
a6f474dc-bcbb-4698-86cb-4ca1d074959e,"628d40d0-959d-4870-8cf6-9099e8749af9","657aca88-207c-474c-9abc-1af2429cad74",,CHECK_IN,43.194721,23.608585,true,55.0,false,2026-08-07 06:39:23.000,2026-08-07 03:39:43.412,2026-08-07 03:39:43.412
f56c644e-3c0c-44bd-9758-83174546a4e3,"512f4471-88b5-4ff9-8b20-5996f534a6e3","657aca88-207c-474c-9abc-1af2429cad74",,CHECK_OUT,43.194721,23.608585,true,49.0,false,2026-08-07 06:39:58.000,2026-08-07 03:40:05.204,2026-08-07 03:40:05.204
c5a10489-dac2-4020-a70c-814f46b33769,"512f4471-88b5-4ff9-8b20-5996f534a6e3","657aca88-207c-474c-9abc-1af2429cad74",,CHECK_IN,43.194721,23.608585,true,45.0,false,2026-08-07 06:39:59.000,2026-08-07 03:40:05.208,2026-08-07 03:40:05.208
"71ffa1ef-7a42-447a-9e49-4649ca086cc1","61c76398-dbf7-43bf-830f-6eac33943779","657aca88-207c-474c-9abc-1af2429cad74",,CHECK_IN,43.194721,23.608585,true,64.0,false,2026-08-07 06:40:28.000,2026-08-07 03:40:35.061,2026-08-07 03:40:35.061
"731b2796-3bff-4550-89b2-9a1eb53cd726","17e4eb94-d4ab-472a-ad3a-991750ee662a","657aca88-207c-474c-9abc-1af2429cad74",caa49a56-ddf2-499a-b1f8-bd27e6379b49,CHECK_IN,0.0,0.0,false,,true,2026-08-07 06:48:00.000,2026-08-07 03:48:21.549,2026-08-07 03:48:21.549
"50419e6e-9cef-4213-9192-f5e9ea0db452","8218a51e-5a6c-4bde-8519-24df8070b8a9","657aca88-207c-474c-9abc-1af2429cad74",,CHECK_IN,43.194721,23.608585,true,58.0,false,2026-08-07 07:00:25.000,2026-08-07 04:00:30.825,2026-08-07 04:00:30.825
"9714dae0-2d76-4e2d-8e38-8ad3dbfbc808","2eca8bc8-65a5-4298-870f-0615602aef91","657aca88-207c-474c-9abc-1af2429cad74",,CHECK_IN,43.194721,23.608585,true,53.0,false,2026-08-07 07:00:52.000,2026-08-07 04:01:00.676,2026-08-07 04:01:00.676
e40c8279-a818-4b08-bc52-4acac6ffeb7a,"5ed83e7e-0f5e-4f14-b5ab-03e63b1038bc","657aca88-207c-474c-9abc-1af2429cad74",,CHECK_IN,43.194721,23.608585,true,63.0,false,2026-08-07 07:02:27.000,2026-08-07 04:02:30.845,2026-08-07 04:02:30.845
"0283ccd1-9ded-4e4e-bb7d-613806c318f0","8308ef9d-f2d5-42e7-a7e4-25733136cae0","657aca88-207c-474c-9abc-1af2429cad74",,CHECK_IN,43.194721,23.608585,true,47.0,false,2026-08-07 07:09:24.000,2026-08-07 04:09:30.773,2026-08-07 04:09:30.773
"5644ce14-024f-4b0f-a450-746633e5346d","90570712-1957-4575-9ae0-16d3f2aa5ee9","657aca88-207c-474c-9abc-1af2429cad74",,CHECK_IN,43.194721,23.608585,true,63.0,false,2026-08-07 07:09:29.000,2026-08-07 04:09:30.777,2026-08-07 04:09:30.777
"76f206c5-eda1-465d-924b-553b00963ea1",dc9e1c44-0d57-43ff-9533-ced7467c7556,"657aca88-207c-474c-9abc-1af2429cad74",,CHECK_IN,43.194721,23.608585,true,54.0,false,2026-08-07 07:09:39.000,2026-08-07 04:10:00.677,2026-08-07 04:10:00.677
"213d78e0-5b2e-45ad-8aac-8ba08d63478d","74527f74-35db-4321-b590-e9a72dc32935","657aca88-207c-474c-9abc-1af2429cad74",,CHECK_IN,43.194721,23.608585,true,57.0,false,2026-08-07 07:09:57.000,2026-08-07 04:10:00.681,2026-08-07 04:10:00.681
"447bbad4-6126-419a-a342-8988af0cbc39","12459722-0311-458f-a320-5d9e4d7cad5c","657aca88-207c-474c-9abc-1af2429cad74",,CHECK_IN,43.194721,23.608585,true,72.0,false,2026-08-07 07:10:05.000,2026-08-07 04:10:30.681,2026-08-07 04:10:30.681
a0e1e7a3-9f89-4e5d-a97a-09feea4e3eca,fd2b5a2d-f9dd-4293-83c7-76ea00b396ff,"657aca88-207c-474c-9abc-1af2429cad74",,CHECK_IN,43.194721,23.608585,true,60.0,false,2026-08-07 07:10:11.000,2026-08-07 04:10:30.684,2026-08-07 04:10:30.684
e70d5cc2-5549-4da1-b54b-cb963ac9dd2c,"75f4f67c-1b34-4b4e-8986-ec8b9a4b3da7","657aca88-207c-474c-9abc-1af2429cad74",,CHECK_IN,43.194721,23.608585,true,60.0,false,2026-08-07 07:10:21.000,2026-08-07 04:10:30.687,2026-08-07 04:10:30.687
"8b400c97-d349-40f1-91d8-708655db1185","81b36c11-0d95-4b61-8193-4e59127b7d22","657aca88-207c-474c-9abc-1af2429cad74",,CHECK_IN,43.194721,23.608585,true,51.0,false,2026-08-07 07:11:21.000,2026-08-07 04:11:30.666,2026-08-07 04:11:30.666
d3f46076-a0f0-4fb4-aaba-09ffb19a5977,af4a589c-808d-42ac-b374-59a1883692ae,"657aca88-207c-474c-9abc-1af2429cad74",,CHECK_IN,43.194721,23.608585,true,54.0,false,2026-08-07 07:14:08.000,2026-08-07 04:14:31.109,2026-08-07 04:14:31.109
"304cf046-c19d-4018-81ee-c3f1156b6d12",b15c0a24-f180-4043-b67a-d5e02a85c89b,"657aca88-207c-474c-9abc-1af2429cad74",,CHECK_IN,43.194721,23.608585,true,61.0,false,2026-08-07 07:15:47.000,2026-08-07 04:16:00.816,2026-08-07 04:16:00.816
"5e4bc97c-c9df-4b21-abcd-26a3f50b39b3","2112a5d6-1663-442a-a32b-1ef34b46c97c","657aca88-207c-474c-9abc-1af2429cad74",,CHECK_IN,43.194721,23.608585,true,58.0,false,2026-08-07 07:15:59.000,2026-08-07 04:16:00.823,2026-08-07 04:16:00.823
"1478d74e-0980-4dd1-9568-e85bbe874cd2",d0b6501c-1a2c-48d5-8614-41a1ca72be02,"657aca88-207c-474c-9abc-1af2429cad74",,CHECK_IN,43.194721,23.608585,true,49.0,false,2026-08-07 07:16:52.000,2026-08-07 04:17:00.786,2026-08-07 04:17:00.786
"740005e7-5aec-4cee-82ce-b135bcf4bf39","8a8e1231-da2f-43ae-90a9-21035c93bbc7","657aca88-207c-474c-9abc-1af2429cad74",,CHECK_IN,43.194721,23.608585,true,62.0,false,2026-08-07 07:21:18.000,2026-08-07 04:21:30.915,2026-08-07 04:21:30.915
"82d2fce2-4074-4c13-8725-e4a4a6b62520",aa93b9b6-4dc0-48dc-9614-f0b955445b40,"657aca88-207c-474c-9abc-1af2429cad74",,CHECK_IN,43.194721,23.608585,true,52.0,false,2026-08-07 07:21:37.000,2026-08-07 04:22:00.692,2026-08-07 04:22:00.692
"07bf18c0-b115-4a5f-823b-894716b987e8","2cd576ec-0a8f-4f92-9d4b-436e16b4101a","657aca88-207c-474c-9abc-1af2429cad74",,CHECK_IN,43.194721,23.608585,true,62.0,false,2026-08-07 07:24:08.000,2026-08-07 04:24:30.815,2026-08-07 04:24:30.815
"49ce87e6-d5d8-49ed-8248-47a6435b7c7e","5e8263c0-8db9-4084-810f-7317368bd919","657aca88-207c-474c-9abc-1af2429cad74",,CHECK_IN,43.194721,23.608585,true,46.0,false,2026-08-07 07:26:19.000,2026-08-07 04:26:30.887,2026-08-07 04:26:30.887
"138dea38-07cd-4a83-8dc5-4345969b97d5","1e0cfcc4-0a5c-4457-8811-3e370c4f260f","657aca88-207c-474c-9abc-1af2429cad74",,CHECK_IN,43.194721,23.608585,true,50.0,false,2026-08-07 07:26:44.000,2026-08-07 04:27:00.698,2026-08-07 04:27:00.698
cc7f2fc8-7c20-4297-9d06-6b6f7270e0b8,"2555d529-ff47-49b6-931f-f2dce830a6fc","657aca88-207c-474c-9abc-1af2429cad74",,CHECK_IN,43.194721,23.608585,true,58.0,false,2026-08-07 07:28:32.000,2026-08-07 04:29:00.826,2026-08-07 04:29:00.826
acd7c88a-e03e-438e-b2ee-1a34b4aa9e57,"3d976022-5033-4c30-883d-2bb683c9cfa1","657aca88-207c-474c-9abc-1af2429cad74",,CHECK_IN,43.194721,23.608585,true,55.0,false,2026-08-07 07:29:14.000,2026-08-07 04:29:30.702,2026-08-07 04:29:30.702
c114721d-7f72-4c95-96b8-7337604b9b99,f71a195c-7f69-46bf-b5bd-711c2beacdc9,"657aca88-207c-474c-9abc-1af2429cad74",,CHECK_IN,43.194721,23.608585,true,52.0,false,2026-08-07 07:29:45.000,2026-08-07 04:30:00.704,2026-08-07 04:30:00.704
"0daf0e6f-004d-482e-9edd-7ccd226d64f1","1dc82cbd-bb38-40c3-b4a6-e8aff6d01ede","657aca88-207c-474c-9abc-1af2429cad74",,CHECK_IN,43.194721,23.608585,true,57.0,false,2026-08-07 07:30:18.000,2026-08-07 04:30:30.677,2026-08-07 04:30:30.677
"0cb809ac-cfef-4161-accb-8b92f44a1d78",e5a36817-048f-4868-929a-d1cf32fc6258,"657aca88-207c-474c-9abc-1af2429cad74",,CHECK_IN,43.194721,23.608585,true,50.0,false,2026-08-07 07:30:54.000,2026-08-07 04:31:00.708,2026-08-07 04:31:00.708
"85228edc-daf6-477c-b811-9a266e690ce7","1c9f0cce-7d52-4182-9a80-75f87a851a6b","657aca88-207c-474c-9abc-1af2429cad74",,CHECK_IN,43.194721,23.608585,true,51.0,false,2026-08-07 07:35:49.000,2026-08-07 04:36:00.856,2026-08-07 04:36:00.856
"902381ea-23b6-4997-be03-4296106e39e2",c7e8ca14-c7a8-469e-880d-c0f98cdf485e,"657aca88-207c-474c-9abc-1af2429cad74",,CHECK_IN,43.194721,23.608585,true,46.0,false,2026-08-07 07:38:22.000,2026-08-07 04:38:30.830,2026-08-07 04:38:30.830
"2cd30056-5edd-419e-9225-8c24c9b2a904","602d9323-f5c4-4df1-b6c4-84604b161a27","657aca88-207c-474c-9abc-1af2429cad74",,CHECK_IN,43.194721,23.608585,true,59.0,false,2026-08-07 07:39:51.000,2026-08-07 04:40:00.797,2026-08-07 04:40:00.797
"18149649-21d3-48cd-831b-31d741a858ce","2501fe3b-87b2-4539-b79d-49be6e92cf4d","657aca88-207c-474c-9abc-1af2429cad74",,CHECK_IN,43.194721,23.608585,true,66.0,false,2026-08-07 07:49:31.000,2026-08-07 04:50:00.995,2026-08-07 04:50:00.995
a4193777-3012-4fb2-9706-1a2eb5d5cff9,"77a6d5e3-909d-4b7f-a456-154344b678f4","657aca88-207c-474c-9abc-1af2429cad74",,CHECK_IN,43.194721,23.608585,true,55.0,false,2026-08-07 07:49:56.000,2026-08-07 04:50:01.001,2026-08-07 04:50:01.001
ee7695e2-334a-456c-ab83-b25b4ea26beb,"926758e5-3a61-4ad6-82b2-34c4816c75b8","657aca88-207c-474c-9abc-1af2429cad74",,CHECK_OUT,43.194721,23.608585,true,55.0,false,2026-08-07 12:02:07.000,2026-08-07 09:02:31.334,2026-08-07 09:02:31.334
f2b6250c-f69e-442c-91a2-e64af1f865fc,"1b3d636b-7b18-47e4-a9ea-32ce33378b37","657aca88-207c-474c-9abc-1af2429cad74",,CHECK_OUT,43.194721,23.608585,true,,true,2026-08-07 18:00:00.000,2026-08-08 00:01:00.091,2026-08-08 00:01:00.091
"9773bb77-de07-4092-9b98-65c3ac7e1587",d6b6d84e-0445-43df-9f71-ca5679ce20cd,"657aca88-207c-474c-9abc-1af2429cad74",,CHECK_OUT,43.194721,23.608585,true,,true,2026-08-07 18:00:00.000,2026-08-08 00:01:00.134,2026-08-08 00:01:00.134
a4aedecc-d6d9-40b5-806d-7227cee72356,c5903b81-8b17-49bb-82b3-51a8a5880762,"657aca88-207c-474c-9abc-1af2429cad74",,CHECK_OUT,43.194721,23.608585,true,,true,2026-08-07 18:00:00.000,2026-08-08 00:01:00.143,2026-08-08 00:01:00.143
"39b7a901-5b52-41c2-bb0f-fb9a4756fd1f",f5f7d765-d2db-4a95-b655-27499c69acf2,"657aca88-207c-474c-9abc-1af2429cad74",,CHECK_OUT,43.194721,23.608585,true,,true,2026-08-07 18:00:00.000,2026-08-08 00:01:00.153,2026-08-08 00:01:00.153
"72236991-1dc4-4ce4-bab6-1f2bb2ba1e6e","17a2c2cb-60c8-49e9-9a7d-e5b48980a7f2","657aca88-207c-474c-9abc-1af2429cad74",,CHECK_OUT,43.194721,23.608585,true,,true,2026-08-07 18:00:00.000,2026-08-08 00:01:00.159,2026-08-08 00:01:00.159
d8536aa4-25ab-43dc-8718-2c902794a37f,"240bc314-dfdc-41e1-a45f-c4c573a44788","657aca88-207c-474c-9abc-1af2429cad74",,CHECK_OUT,43.194721,23.608585,true,,true,2026-08-07 18:00:00.000,2026-08-08 00:01:00.165,2026-08-08 00:01:00.165
f4da6a1b-27d2-4293-8c2e-9a004f32699f,a467fc90-25a2-4048-a48d-6f5ee1ccee67,"657aca88-207c-474c-9abc-1af2429cad74",,CHECK_OUT,43.194721,23.608585,true,,true,2026-08-07 18:00:00.000,2026-08-08 00:01:00.170,2026-08-08 00:01:00.170
"0edcb231-7c40-4152-8181-6e46c7ce40e2","628d40d0-959d-4870-8cf6-9099e8749af9","657aca88-207c-474c-9abc-1af2429cad74",,CHECK_OUT,43.194721,23.608585,true,,true,2026-08-07 18:00:00.000,2026-08-08 00:01:00.175,2026-08-08 00:01:00.175
"391b2b25-90ce-40b4-b4bb-5b82ad21bde5","512f4471-88b5-4ff9-8b20-5996f534a6e3","657aca88-207c-474c-9abc-1af2429cad74",,CHECK_OUT,43.194721,23.608585,true,,true,2026-08-07 18:00:00.000,2026-08-08 00:01:00.182,2026-08-08 00:01:00.182
"144c9930-81e6-4f3d-9387-c587ba800143","61c76398-dbf7-43bf-830f-6eac33943779","657aca88-207c-474c-9abc-1af2429cad74",,CHECK_OUT,43.194721,23.608585,true,,true,2026-08-07 18:00:00.000,2026-08-08 00:01:00.192,2026-08-08 00:01:00.192
"5dd4e581-58b9-4756-898c-09a99316bf8b","17e4eb94-d4ab-472a-ad3a-991750ee662a","657aca88-207c-474c-9abc-1af2429cad74",,CHECK_OUT,0.0,0.0,false,,true,2026-08-07 18:00:00.000,2026-08-08 00:01:00.200,2026-08-08 00:01:00.200
"3d8f0f0c-63a5-4827-afd8-56c7ee12f5a4","8218a51e-5a6c-4bde-8519-24df8070b8a9","657aca88-207c-474c-9abc-1af2429cad74",,CHECK_OUT,43.194721,23.608585,true,,true,2026-08-07 18:00:00.000,2026-08-08 00:01:00.207,2026-08-08 00:01:00.207
"5ccc212d-adc6-473d-bbb5-857c06e2fc88","2eca8bc8-65a5-4298-870f-0615602aef91","657aca88-207c-474c-9abc-1af2429cad74",,CHECK_OUT,43.194721,23.608585,true,,true,2026-08-07 18:00:00.000,2026-08-08 00:01:00.214,2026-08-08 00:01:00.214
b9b1d99f-2c9a-4f2b-82d3-97d27f4642d2,"5ed83e7e-0f5e-4f14-b5ab-03e63b1038bc","657aca88-207c-474c-9abc-1af2429cad74",,CHECK_OUT,43.194721,23.608585,true,,true,2026-08-07 18:00:00.000,2026-08-08 00:01:00.224,2026-08-08 00:01:00.224
"0117950a-4e1e-41ab-a2f2-554577508fb1","8308ef9d-f2d5-42e7-a7e4-25733136cae0","657aca88-207c-474c-9abc-1af2429cad74",,CHECK_OUT,43.194721,23.608585,true,,true,2026-08-07 18:00:00.000,2026-08-08 00:01:00.230,2026-08-08 00:01:00.230
daad5804-5fb8-46c3-b44d-e3e24f91f95c,"90570712-1957-4575-9ae0-16d3f2aa5ee9","657aca88-207c-474c-9abc-1af2429cad74",,CHECK_OUT,43.194721,23.608585,true,,true,2026-08-07 18:00:00.000,2026-08-08 00:01:00.236,2026-08-08 00:01:00.236
"3e101ec2-0d62-407d-881d-0d81e1c25875",dc9e1c44-0d57-43ff-9533-ced7467c7556,"657aca88-207c-474c-9abc-1af2429cad74",,CHECK_OUT,43.194721,23.608585,true,,true,2026-08-07 18:00:00.000,2026-08-08 00:01:00.243,2026-08-08 00:01:00.243
"663e80a1-e808-40aa-a4a4-ec198c32dba4","74527f74-35db-4321-b590-e9a72dc32935","657aca88-207c-474c-9abc-1af2429cad74",,CHECK_OUT,43.194721,23.608585,true,,true,2026-08-07 18:00:00.000,2026-08-08 00:01:00.246,2026-08-08 00:01:00.246
"5b776846-b456-44f2-b80f-ee9eefb53339","12459722-0311-458f-a320-5d9e4d7cad5c","657aca88-207c-474c-9abc-1af2429cad74",,CHECK_OUT,43.194721,23.608585,true,,true,2026-08-07 18:00:00.000,2026-08-08 00:01:00.256,2026-08-08 00:01:00.256
a1122b3b-9cc3-40f0-a5db-a73f2ca9b00c,fd2b5a2d-f9dd-4293-83c7-76ea00b396ff,"657aca88-207c-474c-9abc-1af2429cad74",,CHECK_OUT,43.194721,23.608585,true,,true,2026-08-07 18:00:00.000,2026-08-08 00:01:00.260,2026-08-08 00:01:00.260
fdf0bbad-2198-4c91-8de1-a179da312847,"75f4f67c-1b34-4b4e-8986-ec8b9a4b3da7","657aca88-207c-474c-9abc-1af2429cad74",,CHECK_OUT,43.194721,23.608585,true,,true,2026-08-07 18:00:00.000,2026-08-08 00:01:00.267,2026-08-08 00:01:00.267
cfcfca3f-bd08-437f-820d-dda4e68fdf1b,"81b36c11-0d95-4b61-8193-4e59127b7d22","657aca88-207c-474c-9abc-1af2429cad74",,CHECK_OUT,43.194721,23.608585,true,,true,2026-08-07 18:00:00.000,2026-08-08 00:01:00.276,2026-08-08 00:01:00.276
"931e0546-1d7e-4e95-bfc5-f6a70ff2e13d",af4a589c-808d-42ac-b374-59a1883692ae,"657aca88-207c-474c-9abc-1af2429cad74",,CHECK_OUT,43.194721,23.608585,true,,true,2026-08-07 18:00:00.000,2026-08-08 00:01:00.280,2026-08-08 00:01:00.280
"97d6358c-e1a9-45d0-a492-d04ac9ddd47c",b15c0a24-f180-4043-b67a-d5e02a85c89b,"657aca88-207c-474c-9abc-1af2429cad74",,CHECK_OUT,43.194721,23.608585,true,,true,2026-08-07 18:00:00.000,2026-08-08 00:01:00.283,2026-08-08 00:01:00.283
"8eb1a3b1-41ef-4329-bf65-e30810a3fedb","2112a5d6-1663-442a-a32b-1ef34b46c97c","657aca88-207c-474c-9abc-1af2429cad74",,CHECK_OUT,43.194721,23.608585,true,,true,2026-08-07 18:00:00.000,2026-08-08 00:01:00.287,2026-08-08 00:01:00.287
f34862f0-429a-46f3-b7e7-60c252936073,d0b6501c-1a2c-48d5-8614-41a1ca72be02,"657aca88-207c-474c-9abc-1af2429cad74",,CHECK_OUT,43.194721,23.608585,true,,true,2026-08-07 18:00:00.000,2026-08-08 00:01:00.294,2026-08-08 00:01:00.294
b6834c6d-5aec-4eec-8202-221083d102b1,"8a8e1231-da2f-43ae-90a9-21035c93bbc7","657aca88-207c-474c-9abc-1af2429cad74",,CHECK_OUT,43.194721,23.608585,true,,true,2026-08-07 18:00:00.000,2026-08-08 00:01:00.299,2026-08-08 00:01:00.299
"77af197d-bd9e-4305-baed-1611745768e2",aa93b9b6-4dc0-48dc-9614-f0b955445b40,"657aca88-207c-474c-9abc-1af2429cad74",,CHECK_OUT,43.194721,23.608585,true,,true,2026-08-07 18:00:00.000,2026-08-08 00:01:00.302,2026-08-08 00:01:00.302
"38f265e0-b720-40fd-ac26-44d3c4e4d59f","2cd576ec-0a8f-4f92-9d4b-436e16b4101a","657aca88-207c-474c-9abc-1af2429cad74",,CHECK_OUT,43.194721,23.608585,true,,true,2026-08-07 18:00:00.000,2026-08-08 00:01:00.304,2026-08-08 00:01:00.304
"23cf362b-b242-4920-9d72-69e98479b2ae","5e8263c0-8db9-4084-810f-7317368bd919","657aca88-207c-474c-9abc-1af2429cad74",,CHECK_OUT,43.194721,23.608585,true,,true,2026-08-07 18:00:00.000,2026-08-08 00:01:00.307,2026-08-08 00:01:00.307
"1e486de8-6f35-4718-9f4f-4aeae1fb7358","1e0cfcc4-0a5c-4457-8811-3e370c4f260f","657aca88-207c-474c-9abc-1af2429cad74",,CHECK_OUT,43.194721,23.608585,true,,true,2026-08-07 18:00:00.000,2026-08-08 00:01:00.310,2026-08-08 00:01:00.310
"2525044d-8b26-4880-b03d-49977daabdcd","2555d529-ff47-49b6-931f-f2dce830a6fc","657aca88-207c-474c-9abc-1af2429cad74",,CHECK_OUT,43.194721,23.608585,true,,true,2026-08-07 18:00:00.000,2026-08-08 00:01:00.313,2026-08-08 00:01:00.313
"6212bc66-bebf-41c5-85a9-9b7eb7d50d44","3d976022-5033-4c30-883d-2bb683c9cfa1","657aca88-207c-474c-9abc-1af2429cad74",,CHECK_OUT,43.194721,23.608585,true,,true,2026-08-07 18:00:00.000,2026-08-08 00:01:00.316,2026-08-08 00:01:00.316
d9b57757-e1d3-47ee-a586-32902862c42a,f71a195c-7f69-46bf-b5bd-711c2beacdc9,"657aca88-207c-474c-9abc-1af2429cad74",,CHECK_OUT,43.194721,23.608585,true,,true,2026-08-07 18:00:00.000,2026-08-08 00:01:00.320,2026-08-08 00:01:00.320
"3afd4ff9-8363-4490-a762-72375c2edc7a","1dc82cbd-bb38-40c3-b4a6-e8aff6d01ede","657aca88-207c-474c-9abc-1af2429cad74",,CHECK_OUT,43.194721,23.608585,true,,true,2026-08-07 18:00:00.000,2026-08-08 00:01:00.323,2026-08-08 00:01:00.323
"0c0c58d0-f01f-4c4d-beef-04ee66b275af",e5a36817-048f-4868-929a-d1cf32fc6258,"657aca88-207c-474c-9abc-1af2429cad74",,CHECK_OUT,43.194721,23.608585,true,,true,2026-08-07 18:00:00.000,2026-08-08 00:01:00.326,2026-08-08 00:01:00.326
"7cf9d479-75b4-4949-b25f-7f14cbff9ecb","1c9f0cce-7d52-4182-9a80-75f87a851a6b","657aca88-207c-474c-9abc-1af2429cad74",,CHECK_OUT,43.194721,23.608585,true,,true,2026-08-07 18:00:00.000,2026-08-08 00:01:00.331,2026-08-08 00:01:00.331
"86a5d1d7-52bc-463d-af52-63d2ceec9f6b",c7e8ca14-c7a8-469e-880d-c0f98cdf485e,"657aca88-207c-474c-9abc-1af2429cad74",,CHECK_OUT,43.194721,23.608585,true,,true,2026-08-07 18:00:00.000,2026-08-08 00:01:00.334,2026-08-08 00:01:00.334
"35b2fc41-ba16-495b-90b4-983305ffbbc7","602d9323-f5c4-4df1-b6c4-84604b161a27","657aca88-207c-474c-9abc-1af2429cad74",,CHECK_OUT,43.194721,23.608585,true,,true,2026-08-07 18:00:00.000,2026-08-08 00:01:00.337,2026-08-08 00:01:00.337
"01424589-a146-4d80-853a-5eaca762eef5","2501fe3b-87b2-4539-b79d-49be6e92cf4d","657aca88-207c-474c-9abc-1af2429cad74",,CHECK_OUT,43.194721,23.608585,true,,true,2026-08-07 18:00:00.000,2026-08-08 00:01:00.340,2026-08-08 00:01:00.340
bd5efc89-1c67-410c-8d21-1cd4aafa0f98,"77a6d5e3-909d-4b7f-a456-154344b678f4","657aca88-207c-474c-9abc-1af2429cad74",,CHECK_OUT,43.194721,23.608585,true,,true,2026-08-07 18:00:00.000,2026-08-08 00:01:00.344,2026-08-08 00:01:00.344
f6c62900-d747-41d4-bcb7-6a4a761ec454,d5aed01f-427e-4421-9e35-b8cde6f895a3,"510378d3-8afd-4a13-b553-d65fca89f73e",,CHECK_IN,43.20289532248466,23.555757671147518,false,51.0,false,2026-08-10 16:00:32.000,2026-08-10 13:00:45.245,2026-08-10 13:00:45.245
d3d3f01a-274e-41ab-a614-de5d26f64994,"5ed83e7e-0f5e-4f14-b5ab-03e63b1038bc","657aca88-207c-474c-9abc-1af2429cad74",caa49a56-ddf2-499a-b1f8-bd27e6379b49,CHECK_OUT,0.0,0.0,false,,true,2026-08-10 17:20:00.000,2026-08-10 14:20:44.449,2026-08-10 14:20:44.449
"17e6855a-620d-41fa-8d70-4b7d1599cc1d","986b9165-20b2-4ea1-b09f-498a58979161",c211b70d-7f1d-43df-a4f0-1e93123ede1d,,CHECK_IN,43.4126444,23.6142859,false,58.0,false,2026-08-10 23:08:47.000,2026-08-10 20:11:02.515,2026-08-10 20:11:02.515
"9a57d905-38b4-4864-813e-975deb9d223e",f5f7d765-d2db-4a95-b655-27499c69acf2,"657aca88-207c-474c-9abc-1af2429cad74",,CHECK_IN,43.194721,23.608585,true,63.0,false,2026-08-11 06:50:46.000,2026-08-11 03:51:32.850,2026-08-11 03:51:32.850
b8568863-f286-4467-a128-fc70a5426bba,"2eca8bc8-65a5-4298-870f-0615602aef91","657aca88-207c-474c-9abc-1af2429cad74",caa49a56-ddf2-499a-b1f8-bd27e6379b49,CHECK_IN,0.0,0.0,false,,true,2026-08-11 07:31:00.000,2026-08-11 04:31:16.559,2026-08-11 04:31:16.559
fad0b8e5-8c07-4fba-9070-cd2e2c8bdf2f,c7e8ca14-c7a8-469e-880d-c0f98cdf485e,"657aca88-207c-474c-9abc-1af2429cad74",caa49a56-ddf2-499a-b1f8-bd27e6379b49,CHECK_IN,0.0,0.0,false,,true,2026-08-11 07:34:00.000,2026-08-11 04:34:47.131,2026-08-11 04:34:47.131
"745c2856-a6b0-4b3e-9ab2-7540d4ee4f50","77a6d5e3-909d-4b7f-a456-154344b678f4","657aca88-207c-474c-9abc-1af2429cad74",caa49a56-ddf2-499a-b1f8-bd27e6379b49,CHECK_IN,0.0,0.0,false,,true,2026-08-11 07:41:00.000,2026-08-11 04:41:31.468,2026-08-11 04:41:31.468
"82af4127-b36c-42e2-b233-dea52a19cdd6","2501fe3b-87b2-4539-b79d-49be6e92cf4d","657aca88-207c-474c-9abc-1af2429cad74",caa49a56-ddf2-499a-b1f8-bd27e6379b49,CHECK_IN,0.0,0.0,false,,true,2026-08-11 07:48:00.000,2026-08-11 04:48:05.949,2026-08-11 04:48:05.949
"46742248-095d-4453-a68e-5162ba3177e3",af4a589c-808d-42ac-b374-59a1883692ae,"657aca88-207c-474c-9abc-1af2429cad74",,CHECK_OUT,43.1947381,23.6080508,true,69.0,false,2026-08-11 17:03:51.000,2026-08-11 14:04:02.401,2026-08-11 14:04:02.401
"4fb09997-0a8e-42fa-9c7b-f77cdc8d9f62",d6b6d84e-0445-43df-9f71-ca5679ce20cd,"657aca88-207c-474c-9abc-1af2429cad74",,CHECK_OUT,43.194721,23.608585,true,73.0,false,2026-08-11 17:06:43.000,2026-08-11 14:06:58.521,2026-08-11 14:06:58.521
"083a2fa5-b353-4dee-adde-ccd8e9e15363",d57e8f02-ab66-46e8-a97e-13d52ef44b1b,"657aca88-207c-474c-9abc-1af2429cad74",,CHECK_OUT,43.194721,23.608585,true,52.0,false,2026-08-11 17:13:08.000,2026-08-11 14:13:28.528,2026-08-11 14:13:28.528
f87b2a04-363c-4a2b-9703-f64710970add,"2eca8bc8-65a5-4298-870f-0615602aef91","657aca88-207c-474c-9abc-1af2429cad74",,CHECK_OUT,43.194721,23.608585,true,73.0,false,2026-08-11 17:23:02.000,2026-08-11 14:23:28.511,2026-08-11 14:23:28.511
cf831d48-8148-4a6a-bd5a-b68c9aa7bbdc,"5ed83e7e-0f5e-4f14-b5ab-03e63b1038bc","657aca88-207c-474c-9abc-1af2429cad74",,CHECK_IN,43.1947442,23.6081236,true,69.0,false,2026-08-10 13:43:36.000,2026-08-10 10:44:02.300,2026-08-10 10:44:02.300
"74c10c57-6221-492c-8671-b9250056aaf4","0484267e-2bfb-439a-a69b-d594a1f0970d","657aca88-207c-474c-9abc-1af2429cad74",,CHECK_IN,43.194721,23.608585,true,82.0,false,2026-08-10 17:06:10.000,2026-08-10 14:06:24.668,2026-08-10 14:06:24.668
"54b07699-5f5d-4a3f-91bf-74be116c42b5","986b9165-20b2-4ea1-b09f-498a58979161",c211b70d-7f1d-43df-a4f0-1e93123ede1d,,CHECK_OUT,43.4126478,23.6142925,false,65.0,false,2026-08-10 23:14:43.000,2026-08-10 20:22:14.623,2026-08-10 20:22:14.623
"9f1cddbd-1423-4da1-b708-ef48c2e0bb5b",b15c0a24-f180-4043-b67a-d5e02a85c89b,"657aca88-207c-474c-9abc-1af2429cad74",,CHECK_IN,43.194721,23.608585,true,60.0,false,2026-08-11 07:01:17.000,2026-08-11 04:08:03.734,2026-08-11 04:08:03.734
"1ecea9b1-a526-40c8-a4e9-40f908b8f6a1","8218a51e-5a6c-4bde-8519-24df8070b8a9","657aca88-207c-474c-9abc-1af2429cad74",,CHECK_IN,43.194721,23.608585,true,58.0,false,2026-08-11 07:01:43.000,2026-08-11 04:08:03.739,2026-08-11 04:08:03.739
"27a5c5ad-5332-48ed-9552-720d140b7151","61c76398-dbf7-43bf-830f-6eac33943779","657aca88-207c-474c-9abc-1af2429cad74",,CHECK_IN,43.194721,23.608585,true,58.0,false,2026-08-11 07:01:51.000,2026-08-11 04:08:03.743,2026-08-11 04:08:03.743
b592c7a7-5af2-4d93-b7ef-bf4358dc2f61,"17e4eb94-d4ab-472a-ad3a-991750ee662a","657aca88-207c-474c-9abc-1af2429cad74",,CHECK_IN,43.194721,23.608585,true,56.0,false,2026-08-11 07:02:18.000,2026-08-11 04:08:03.748,2026-08-11 04:08:03.748
"3545cbad-7b30-47c0-8e8a-d97f1305b400",af4a589c-808d-42ac-b374-59a1883692ae,"657aca88-207c-474c-9abc-1af2429cad74",,CHECK_IN,43.194721,23.608585,true,53.0,false,2026-08-11 07:02:38.000,2026-08-11 04:08:03.754,2026-08-11 04:08:03.754
"9ca8b376-1045-416d-9f92-894e0472aa6e",d6b6d84e-0445-43df-9f71-ca5679ce20cd,"657aca88-207c-474c-9abc-1af2429cad74",,CHECK_IN,43.194721,23.608585,true,63.0,false,2026-08-11 07:06:16.000,2026-08-11 04:08:03.761,2026-08-11 04:08:03.761
"81b48d02-8326-4892-888e-0f302d68c604","512f4471-88b5-4ff9-8b20-5996f534a6e3","657aca88-207c-474c-9abc-1af2429cad74",caa49a56-ddf2-499a-b1f8-bd27e6379b49,CHECK_IN,0.0,0.0,false,,true,2026-08-11 07:09:00.000,2026-08-11 04:09:36.065,2026-08-11 04:09:36.065
"436986c5-e7e2-46d6-acd1-947b9b5d159d","90570712-1957-4575-9ae0-16d3f2aa5ee9","657aca88-207c-474c-9abc-1af2429cad74",caa49a56-ddf2-499a-b1f8-bd27e6379b49,CHECK_IN,0.0,0.0,false,,true,2026-08-11 07:09:00.000,2026-08-11 04:09:46.288,2026-08-11 04:09:46.288
b9057517-c80f-4faf-be79-3051091f5a5b,"17a2c2cb-60c8-49e9-9a7d-e5b48980a7f2","657aca88-207c-474c-9abc-1af2429cad74",caa49a56-ddf2-499a-b1f8-bd27e6379b49,CHECK_IN,0.0,0.0,false,,true,2026-08-11 07:09:00.000,2026-08-11 04:09:55.782,2026-08-11 04:09:55.782
b020b9ea-0e29-47a8-9bc3-904c9db287ee,"8308ef9d-f2d5-42e7-a7e4-25733136cae0","657aca88-207c-474c-9abc-1af2429cad74",caa49a56-ddf2-499a-b1f8-bd27e6379b49,CHECK_IN,0.0,0.0,false,,true,2026-08-11 07:10:00.000,2026-08-11 04:10:11.971,2026-08-11 04:10:11.971
"843bf768-09bd-4930-97dc-5f9f8d59a2d1","81b36c11-0d95-4b61-8193-4e59127b7d22","657aca88-207c-474c-9abc-1af2429cad74",caa49a56-ddf2-499a-b1f8-bd27e6379b49,CHECK_IN,0.0,0.0,false,,true,2026-08-11 07:10:00.000,2026-08-11 04:10:19.580,2026-08-11 04:10:19.580
d971b322-daa3-4547-98b8-b78c7082cb23,"74527f74-35db-4321-b590-e9a72dc32935","657aca88-207c-474c-9abc-1af2429cad74",caa49a56-ddf2-499a-b1f8-bd27e6379b49,CHECK_IN,0.0,0.0,false,,true,2026-08-11 07:10:00.000,2026-08-11 04:10:32.662,2026-08-11 04:10:32.662
"4b3db1dc-5bed-4e52-9c34-948227e50004","12459722-0311-458f-a320-5d9e4d7cad5c","657aca88-207c-474c-9abc-1af2429cad74",caa49a56-ddf2-499a-b1f8-bd27e6379b49,CHECK_IN,0.0,0.0,false,,true,2026-08-11 07:10:00.000,2026-08-11 04:10:40.936,2026-08-11 04:10:40.936
"01cb7ba6-c473-43f5-9fa2-099e1f87ce72",fd2b5a2d-f9dd-4293-83c7-76ea00b396ff,"657aca88-207c-474c-9abc-1af2429cad74",caa49a56-ddf2-499a-b1f8-bd27e6379b49,CHECK_IN,0.0,0.0,false,,true,2026-08-11 07:10:00.000,2026-08-11 04:10:48.617,2026-08-11 04:10:48.617
"746f525d-80c8-408a-b8b5-5062d0cbc0c4","75f4f67c-1b34-4b4e-8986-ec8b9a4b3da7","657aca88-207c-474c-9abc-1af2429cad74",caa49a56-ddf2-499a-b1f8-bd27e6379b49,CHECK_IN,0.0,0.0,false,,true,2026-08-11 07:11:00.000,2026-08-11 04:11:00.842,2026-08-11 04:11:00.842
"84c771ad-d0c2-48d8-bde0-aab4bf0e9839",dc9e1c44-0d57-43ff-9533-ced7467c7556,"657aca88-207c-474c-9abc-1af2429cad74",caa49a56-ddf2-499a-b1f8-bd27e6379b49,CHECK_IN,0.0,0.0,false,,true,2026-08-11 07:11:00.000,2026-08-11 04:11:10.875,2026-08-11 04:11:10.875
"3515c667-f4a6-4069-8616-b1a3d4ea19b7",d57e8f02-ab66-46e8-a97e-13d52ef44b1b,"657aca88-207c-474c-9abc-1af2429cad74",caa49a56-ddf2-499a-b1f8-bd27e6379b49,CHECK_IN,0.0,0.0,false,,true,2026-08-11 07:14:00.000,2026-08-11 04:14:06.358,2026-08-11 04:14:06.358
"3fbb2e74-bb01-43bd-a9a9-36400512d3f6","1b3d636b-7b18-47e4-a9ea-32ce33378b37","657aca88-207c-474c-9abc-1af2429cad74",caa49a56-ddf2-499a-b1f8-bd27e6379b49,CHECK_IN,0.0,0.0,false,,true,2026-08-11 07:14:00.000,2026-08-11 04:14:18.551,2026-08-11 04:14:18.551
a0bcc9dc-7ad3-4682-9500-2bfb3ec8be50,"1b3d636b-7b18-47e4-a9ea-32ce33378b37","657aca88-207c-474c-9abc-1af2429cad74",caa49a56-ddf2-499a-b1f8-bd27e6379b49,CHECK_OUT,0.0,0.0,false,,true,2026-08-11 07:14:00.000,2026-08-11 04:14:19.170,2026-08-11 04:14:19.170
"74c8738c-b511-4b81-bb6d-35e2c3883fd3","602d9323-f5c4-4df1-b6c4-84604b161a27","657aca88-207c-474c-9abc-1af2429cad74",caa49a56-ddf2-499a-b1f8-bd27e6379b49,CHECK_IN,0.0,0.0,false,,true,2026-08-11 07:16:00.000,2026-08-11 04:16:15.007,2026-08-11 04:16:15.007
"78fcea95-980e-40e3-9559-f9f40a51db29","5e8263c0-8db9-4084-810f-7317368bd919","657aca88-207c-474c-9abc-1af2429cad74",caa49a56-ddf2-499a-b1f8-bd27e6379b49,CHECK_IN,0.0,0.0,false,,true,2026-08-11 07:16:00.000,2026-08-11 04:16:25.511,2026-08-11 04:16:25.511
d06c88bd-ab83-43aa-bac4-7265cd55bb7e,e5a36817-048f-4868-929a-d1cf32fc6258,"657aca88-207c-474c-9abc-1af2429cad74",caa49a56-ddf2-499a-b1f8-bd27e6379b49,CHECK_IN,0.0,0.0,false,,true,2026-08-11 07:18:00.000,2026-08-11 04:18:20.762,2026-08-11 04:18:20.762
"6fe8fe32-c45f-492c-b4a8-596b874cf066","628d40d0-959d-4870-8cf6-9099e8749af9","657aca88-207c-474c-9abc-1af2429cad74",caa49a56-ddf2-499a-b1f8-bd27e6379b49,CHECK_IN,0.0,0.0,false,,true,2026-08-11 07:18:00.000,2026-08-11 04:18:43.242,2026-08-11 04:18:43.242
a2f4ed17-8c48-4c91-9753-366361a7cf61,d0b6501c-1a2c-48d5-8614-41a1ca72be02,"657aca88-207c-474c-9abc-1af2429cad74",caa49a56-ddf2-499a-b1f8-bd27e6379b49,CHECK_IN,0.0,0.0,false,,true,2026-08-11 07:21:00.000,2026-08-11 04:21:38.485,2026-08-11 04:21:38.485
e487ee17-05c7-482a-8230-4c76f35ad9e9,"240bc314-dfdc-41e1-a45f-c4c573a44788","657aca88-207c-474c-9abc-1af2429cad74",caa49a56-ddf2-499a-b1f8-bd27e6379b49,CHECK_IN,0.0,0.0,false,,true,2026-08-11 07:21:00.000,2026-08-11 04:21:47.374,2026-08-11 04:21:47.374
a1de7e67-a237-4b65-82ac-9284f8cce246,"2ecb59a4-bc4c-4784-8741-2f8bcf5c2a65","657aca88-207c-474c-9abc-1af2429cad74",caa49a56-ddf2-499a-b1f8-bd27e6379b49,CHECK_IN,0.0,0.0,false,,true,2026-08-11 07:22:00.000,2026-08-11 04:22:05.832,2026-08-11 04:22:05.832
"887caff5-b149-4ad5-a362-789376226f3c","8a8e1231-da2f-43ae-90a9-21035c93bbc7","657aca88-207c-474c-9abc-1af2429cad74",caa49a56-ddf2-499a-b1f8-bd27e6379b49,CHECK_IN,0.0,0.0,false,,true,2026-08-11 07:23:00.000,2026-08-11 04:23:18.687,2026-08-11 04:23:18.687
"0b03b8f8-9fa6-41eb-b140-5dd1f4f706a8",f721fdd2-47ce-45a6-838e-5ac2aed4cd75,"657aca88-207c-474c-9abc-1af2429cad74",caa49a56-ddf2-499a-b1f8-bd27e6379b49,CHECK_IN,0.0,0.0,false,,true,2026-08-11 07:24:00.000,2026-08-11 04:24:33.947,2026-08-11 04:24:33.947
"90146671-8ee5-4776-9834-4fc76f92f959","926758e5-3a61-4ad6-82b2-34c4816c75b8","657aca88-207c-474c-9abc-1af2429cad74",caa49a56-ddf2-499a-b1f8-bd27e6379b49,CHECK_IN,0.0,0.0,false,,true,2026-08-11 07:24:00.000,2026-08-11 04:24:55.009,2026-08-11 04:24:55.009
"8a9b985b-f780-4530-bb76-656f2b2920b5",aa93b9b6-4dc0-48dc-9614-f0b955445b40,"657aca88-207c-474c-9abc-1af2429cad74",caa49a56-ddf2-499a-b1f8-bd27e6379b49,CHECK_IN,0.0,0.0,false,,true,2026-08-11 07:25:00.000,2026-08-11 04:25:30.060,2026-08-11 04:25:30.060
b3d9b5da-e37f-4ea4-b005-22acf47224c6,"2555d529-ff47-49b6-931f-f2dce830a6fc","657aca88-207c-474c-9abc-1af2429cad74",caa49a56-ddf2-499a-b1f8-bd27e6379b49,CHECK_IN,0.0,0.0,false,,true,2026-08-11 07:25:00.000,2026-08-11 04:25:45.075,2026-08-11 04:25:45.075
"85e89679-3edf-4efb-9a99-e0dbd8f400fc",f71a195c-7f69-46bf-b5bd-711c2beacdc9,"657aca88-207c-474c-9abc-1af2429cad74",caa49a56-ddf2-499a-b1f8-bd27e6379b49,CHECK_IN,0.0,0.0,false,,true,2026-08-11 07:26:00.000,2026-08-11 04:26:17.268,2026-08-11 04:26:17.268
"878aab46-afdf-4b73-9004-145a608002a5","926758e5-3a61-4ad6-82b2-34c4816c75b8","657aca88-207c-474c-9abc-1af2429cad74",,CHECK_OUT,43.194721,23.608585,true,67.0,false,2026-08-11 17:02:39.000,2026-08-11 14:02:58.847,2026-08-11 14:02:58.847
"65feb2a1-62b6-4e7d-84cd-460196da6728","77a6d5e3-909d-4b7f-a456-154344b678f4","657aca88-207c-474c-9abc-1af2429cad74",,CHECK_OUT,43.194721,23.608585,true,74.0,false,2026-08-11 17:04:46.000,2026-08-11 14:04:58.772,2026-08-11 14:04:58.772
"5fd2b201-da4f-4dc4-9c33-6655dc124781",e5a36817-048f-4868-929a-d1cf32fc6258,"657aca88-207c-474c-9abc-1af2429cad74",,CHECK_OUT,43.194721,23.608585,true,67.0,false,2026-08-11 17:04:52.000,2026-08-11 14:04:58.779,2026-08-11 14:04:58.779
"362940b9-d027-43ef-b4c4-7f8c35bd7abe","3d976022-5033-4c30-883d-2bb683c9cfa1","657aca88-207c-474c-9abc-1af2429cad74",,CHECK_OUT,43.194721,23.608585,true,70.0,false,2026-08-11 17:05:04.000,2026-08-11 14:05:28.497,2026-08-11 14:05:28.497
e16c2de5-8111-4669-891d-19e0e52f2f91,"0484267e-2bfb-439a-a69b-d594a1f0970d","657aca88-207c-474c-9abc-1af2429cad74",,CHECK_IN,43.194721,23.608585,true,77.0,false,2026-08-11 17:07:14.000,2026-08-11 14:07:28.625,2026-08-11 14:07:28.625
"9a4d7c97-3265-4cc7-8cfe-de29ed51b73b",b15c0a24-f180-4043-b67a-d5e02a85c89b,"657aca88-207c-474c-9abc-1af2429cad74",,CHECK_OUT,43.1947363,23.6080519,true,58.0,false,2026-08-11 17:13:58.000,2026-08-11 14:14:23.365,2026-08-11 14:14:23.365
"33d2e220-af6a-490b-80d4-66f1278e6adf","602d9323-f5c4-4df1-b6c4-84604b161a27","657aca88-207c-474c-9abc-1af2429cad74",,CHECK_OUT,43.194721,23.608585,true,74.0,false,2026-08-11 17:17:37.000,2026-08-11 14:17:58.711,2026-08-11 14:17:58.711
c064d4a5-ed6e-41a7-9bf4-46039d34e8c2,c5903b81-8b17-49bb-82b3-51a8a5880762,"657aca88-207c-474c-9abc-1af2429cad74",,CHECK_IN,43.194721,23.608585,true,53.0,false,2026-08-11 17:23:19.000,2026-08-11 14:23:28.515,2026-08-11 14:23:28.515
b84029e6-a42d-4826-aa56-af470f9f146d,c5903b81-8b17-49bb-82b3-51a8a5880762,"657aca88-207c-474c-9abc-1af2429cad74",,CHECK_OUT,43.194721,23.608585,true,68.0,false,2026-08-11 17:23:20.000,2026-08-11 14:23:28.518,2026-08-11 14:23:28.518
"02193875-c1a0-4dff-9973-b3620efc9f88",f5f7d765-d2db-4a95-b655-27499c69acf2,"657aca88-207c-474c-9abc-1af2429cad74",,CHECK_OUT,43.194721,23.608585,true,75.0,false,2026-08-11 17:27:35.000,2026-08-11 14:27:58.632,2026-08-11 14:27:58.632
aa114438-7db1-41f2-9d8c-1af68f75ce58,"8a8e1231-da2f-43ae-90a9-21035c93bbc7","657aca88-207c-474c-9abc-1af2429cad74",,CHECK_OUT,43.194721,23.608585,true,57.0,false,2026-08-11 17:27:41.000,2026-08-11 14:27:58.637,2026-08-11 14:27:58.637
ed4d71f8-1865-4a0c-82ce-6c8ff2f5f6c1,"986b9165-20b2-4ea1-b09f-498a58979161",c211b70d-7f1d-43df-a4f0-1e93123ede1d,,CHECK_OUT,43.2027913,23.5557641,true,51.0,false,2026-08-11 18:03:11.000,2026-08-11 15:03:39.701,2026-08-11 15:03:39.701
dc4c3957-3640-41fc-923c-c7202d0aa466,"512f4471-88b5-4ff9-8b20-5996f534a6e3","657aca88-207c-474c-9abc-1af2429cad74",caa49a56-ddf2-499a-b1f8-bd27e6379b49,CHECK_OUT,0.0,0.0,false,,true,2026-08-11 19:49:00.000,2026-08-11 16:49:09.424,2026-08-11 16:49:09.424
"3aa2b718-5ca0-4175-acb1-46352459b73a","1c9f0cce-7d52-4182-9a80-75f87a851a6b","657aca88-207c-474c-9abc-1af2429cad74",caa49a56-ddf2-499a-b1f8-bd27e6379b49,CHECK_OUT,0.0,0.0,false,,true,2026-08-11 19:49:00.000,2026-08-11 16:49:25.465,2026-08-11 16:49:25.465
"2a433dde-c6b6-4203-93b0-6b04d45b0f84",d6b6d84e-0445-43df-9f71-ca5679ce20cd,"657aca88-207c-474c-9abc-1af2429cad74",,CHECK_IN,43.1947043,23.6081113,true,77.0,false,2026-08-10 13:44:21.000,2026-08-10 10:44:31.652,2026-08-10 10:44:31.652
"29c88bb9-884d-45f8-88fe-e50e390fa502",d6b6d84e-0445-43df-9f71-ca5679ce20cd,"657aca88-207c-474c-9abc-1af2429cad74",,CHECK_OUT,43.194721,23.608585,true,75.0,false,2026-08-10 17:12:31.000,2026-08-10 14:12:54.744,2026-08-10 14:12:54.744
"46469ece-9530-4e72-9f00-fe6941231767",d5aed01f-427e-4421-9e35-b8cde6f895a3,"510378d3-8afd-4a13-b553-d65fca89f73e",,CHECK_OUT,43.20289532248466,23.555757671147518,false,,true,2026-08-10 21:00:00.000,2026-08-11 00:01:00.093,2026-08-11 00:01:00.093
ceca9374-8e14-4547-a008-c9dfb61045f0,"0484267e-2bfb-439a-a69b-d594a1f0970d","657aca88-207c-474c-9abc-1af2429cad74",,CHECK_OUT,43.194721,23.608585,true,,true,2026-08-10 18:00:00.000,2026-08-11 00:01:00.100,2026-08-11 00:01:00.100
df6720c2-652a-4c07-993c-c7a8fc9251db,"1c9f0cce-7d52-4182-9a80-75f87a851a6b","657aca88-207c-474c-9abc-1af2429cad74",caa49a56-ddf2-499a-b1f8-bd27e6379b49,CHECK_IN,0.0,0.0,false,,true,2026-08-11 07:28:00.000,2026-08-11 04:28:06.890,2026-08-11 04:28:06.890
"9ec1a3ad-0656-4946-aafd-6de8aa799014","3d976022-5033-4c30-883d-2bb683c9cfa1","657aca88-207c-474c-9abc-1af2429cad74",caa49a56-ddf2-499a-b1f8-bd27e6379b49,CHECK_IN,0.0,0.0,false,,true,2026-08-11 07:28:00.000,2026-08-11 04:28:19.683,2026-08-11 04:28:19.683
"5f3b989d-d918-4336-b42d-d2837031ea24","17e4eb94-d4ab-472a-ad3a-991750ee662a","657aca88-207c-474c-9abc-1af2429cad74",,CHECK_OUT,43.1947394,23.608048,true,73.0,false,2026-08-11 17:03:27.000,2026-08-11 14:03:32.399,2026-08-11 14:03:32.399
"2be442bb-d89e-468c-a275-db7b4a3aa6ac",aa93b9b6-4dc0-48dc-9614-f0b955445b40,"657aca88-207c-474c-9abc-1af2429cad74",,CHECK_OUT,43.194721,23.608585,true,63.0,false,2026-08-11 17:06:19.000,2026-08-11 14:06:28.508,2026-08-11 14:06:28.508
"8e9579f9-9fd0-4ad4-aa03-2ddc76cd5a5a",a467fc90-25a2-4048-a48d-6f5ee1ccee67,"657aca88-207c-474c-9abc-1af2429cad74",,CHECK_IN,43.194721,23.608585,true,71.0,false,2026-08-11 17:22:45.000,2026-08-11 14:22:58.643,2026-08-11 14:22:58.643
"2d960f32-9b30-4c05-9d49-6c8b2ecce64a",a467fc90-25a2-4048-a48d-6f5ee1ccee67,"657aca88-207c-474c-9abc-1af2429cad74",,CHECK_OUT,43.194721,23.608585,true,73.0,false,2026-08-11 17:22:46.000,2026-08-11 14:22:58.655,2026-08-11 14:22:58.655
cc1280c7-b018-47d2-8330-d4ecea2729da,"240bc314-dfdc-41e1-a45f-c4c573a44788","657aca88-207c-474c-9abc-1af2429cad74",,CHECK_OUT,43.194721,23.608585,true,65.0,false,2026-08-11 17:22:54.000,2026-08-11 14:22:58.659,2026-08-11 14:22:58.659
"07f0023a-7406-4a18-ac79-137385fd92cf",f71a195c-7f69-46bf-b5bd-711c2beacdc9,"657aca88-207c-474c-9abc-1af2429cad74",,CHECK_OUT,43.194721,23.608585,true,55.0,false,2026-08-11 17:24:27.000,2026-08-11 14:24:28.688,2026-08-11 14:24:28.688
"2f78e812-4bc1-4a1f-b3ab-8346c614958f",c7e8ca14-c7a8-469e-880d-c0f98cdf485e,"657aca88-207c-474c-9abc-1af2429cad74",,CHECK_OUT,43.194721,23.608585,true,63.0,false,2026-08-11 17:26:20.000,2026-08-11 14:26:28.590,2026-08-11 14:26:28.590
"23ea20b7-6b61-4e4c-89a1-766ff0b32ea5","5ed83e7e-0f5e-4f14-b5ab-03e63b1038bc","657aca88-207c-474c-9abc-1af2429cad74",,CHECK_IN,43.1946582,23.6080285,true,76.0,false,2026-08-11 17:39:34.000,2026-08-11 14:40:03.341,2026-08-11 14:40:03.341
"6c89a6a6-6103-485f-9ff1-7bba6409b7c6","5ed83e7e-0f5e-4f14-b5ab-03e63b1038bc","657aca88-207c-474c-9abc-1af2429cad74",,CHECK_OUT,43.1946115,23.6080041,true,70.0,false,2026-08-11 17:39:35.000,2026-08-11 14:40:03.349,2026-08-11 14:40:03.349
faf00e69-ded1-449d-b86e-d65bb80039fd,"2555d529-ff47-49b6-931f-f2dce830a6fc","657aca88-207c-474c-9abc-1af2429cad74",,CHECK_OUT,43.1946196,23.6079682,true,69.0,false,2026-08-11 17:39:44.000,2026-08-11 14:40:03.353,2026-08-11 14:40:03.353
e0a10311-ab35-4024-9baf-1fb7dbb63b8a,"2555d529-ff47-49b6-931f-f2dce830a6fc","657aca88-207c-474c-9abc-1af2429cad74",,CHECK_IN,43.1946295,23.6079867,true,70.0,false,2026-08-11 17:39:46.000,2026-08-11 14:40:03.360,2026-08-11 14:40:03.360
"7a4dcf78-7f3d-4645-ac2b-efde50a1baf1","2555d529-ff47-49b6-931f-f2dce830a6fc","657aca88-207c-474c-9abc-1af2429cad74",,CHECK_OUT,43.194681,23.6079836,true,71.0,false,2026-08-11 17:39:48.000,2026-08-11 14:40:03.364,2026-08-11 14:40:03.364
"8fa5ac1e-55ba-47c6-bacb-570b489133d3","986b9165-20b2-4ea1-b09f-498a58979161",c211b70d-7f1d-43df-a4f0-1e93123ede1d,,CHECK_IN,43.2027873,23.5557613,true,52.0,false,2026-08-11 17:59:18.000,2026-08-11 14:59:27.589,2026-08-11 14:59:27.589
a51855ec-b051-4bc4-b59e-db1a4c012d43,"5e8263c0-8db9-4084-810f-7317368bd919","657aca88-207c-474c-9abc-1af2429cad74",caa49a56-ddf2-499a-b1f8-bd27e6379b49,CHECK_OUT,0.0,0.0,false,,true,2026-08-11 19:49:00.000,2026-08-11 16:49:03.803,2026-08-11 16:49:03.803
d74153c3-d905-4166-be42-1d1b4dccdcb8,"90570712-1957-4575-9ae0-16d3f2aa5ee9","657aca88-207c-474c-9abc-1af2429cad74",caa49a56-ddf2-499a-b1f8-bd27e6379b49,CHECK_OUT,0.0,0.0,false,,true,2026-08-11 19:49:00.000,2026-08-11 16:49:15.708,2026-08-11 16:49:15.708
"649e334d-c693-478d-a9df-1b333fe96edc","8308ef9d-f2d5-42e7-a7e4-25733136cae0","657aca88-207c-474c-9abc-1af2429cad74",caa49a56-ddf2-499a-b1f8-bd27e6379b49,CHECK_OUT,0.0,0.0,false,,true,2026-08-11 19:49:00.000,2026-08-11 16:49:21.560,2026-08-11 16:49:21.560
"2185b820-5f7a-4bd4-ac72-f9b35a314449","628d40d0-959d-4870-8cf6-9099e8749af9","657aca88-207c-474c-9abc-1af2429cad74",caa49a56-ddf2-499a-b1f8-bd27e6379b49,CHECK_OUT,0.0,0.0,false,,true,2026-08-11 19:49:00.000,2026-08-11 16:49:33.053,2026-08-11 16:49:33.053
cb5be970-dc8c-4e81-a707-b2729a1ef579,"12459722-0311-458f-a320-5d9e4d7cad5c","657aca88-207c-474c-9abc-1af2429cad74",caa49a56-ddf2-499a-b1f8-bd27e6379b49,CHECK_OUT,0.0,0.0,false,,true,2026-08-11 19:49:00.000,2026-08-11 16:49:41.935,2026-08-11 16:49:41.935
a8bb6385-3529-4925-a309-a0e00bb5b2dc,dc9e1c44-0d57-43ff-9533-ced7467c7556,"657aca88-207c-474c-9abc-1af2429cad74",caa49a56-ddf2-499a-b1f8-bd27e6379b49,CHECK_OUT,0.0,0.0,false,,true,2026-08-11 19:49:00.000,2026-08-11 16:49:47.403,2026-08-11 16:49:47.403
"6af921f3-f4f9-447a-953a-3c71bcbdb8a9",f721fdd2-47ce-45a6-838e-5ac2aed4cd75,"657aca88-207c-474c-9abc-1af2429cad74",caa49a56-ddf2-499a-b1f8-bd27e6379b49,CHECK_OUT,0.0,0.0,false,,true,2026-08-11 19:49:00.000,2026-08-11 16:49:51.879,2026-08-11 16:49:51.879
a5f1e56d-6f81-4384-864e-71a0310e41f6,"81b36c11-0d95-4b61-8193-4e59127b7d22","657aca88-207c-474c-9abc-1af2429cad74",caa49a56-ddf2-499a-b1f8-bd27e6379b49,CHECK_OUT,0.0,0.0,false,,true,2026-08-11 19:50:00.000,2026-08-11 16:50:14.605,2026-08-11 16:50:14.605
"81f7dc56-cf88-471f-b40a-61c396a5f4b6",d0b6501c-1a2c-48d5-8614-41a1ca72be02,"657aca88-207c-474c-9abc-1af2429cad74",caa49a56-ddf2-499a-b1f8-bd27e6379b49,CHECK_OUT,0.0,0.0,false,,true,2026-08-11 19:50:00.000,2026-08-11 16:50:18.133,2026-08-11 16:50:18.133
edcb4b38-bbd9-4bf2-b323-33b87e86cd90,"61c76398-dbf7-43bf-830f-6eac33943779","657aca88-207c-474c-9abc-1af2429cad74",caa49a56-ddf2-499a-b1f8-bd27e6379b49,CHECK_OUT,0.0,0.0,false,,true,2026-08-11 19:50:00.000,2026-08-11 16:50:20.855,2026-08-11 16:50:20.855
f8bb6ce3-2c9c-413f-aff7-2017fd3fa9c0,"2ecb59a4-bc4c-4784-8741-2f8bcf5c2a65","657aca88-207c-474c-9abc-1af2429cad74",caa49a56-ddf2-499a-b1f8-bd27e6379b49,CHECK_OUT,0.0,0.0,false,,true,2026-08-11 19:50:00.000,2026-08-11 16:50:24.856,2026-08-11 16:50:24.856
"798ad41e-38ca-4c34-908a-ffc94fa2bbb5","74527f74-35db-4321-b590-e9a72dc32935","657aca88-207c-474c-9abc-1af2429cad74",caa49a56-ddf2-499a-b1f8-bd27e6379b49,CHECK_OUT,0.0,0.0,false,,true,2026-08-11 19:50:00.000,2026-08-11 16:50:27.934,2026-08-11 16:50:27.934
"010ed6b7-73b0-490a-bbe3-0993cb304195","2501fe3b-87b2-4539-b79d-49be6e92cf4d","657aca88-207c-474c-9abc-1af2429cad74",caa49a56-ddf2-499a-b1f8-bd27e6379b49,CHECK_OUT,0.0,0.0,false,,true,2026-08-11 19:50:00.000,2026-08-11 16:50:30.977,2026-08-11 16:50:30.977
"52168b32-20cc-47a1-8eb7-b7745cf9ebff","8218a51e-5a6c-4bde-8519-24df8070b8a9","657aca88-207c-474c-9abc-1af2429cad74",caa49a56-ddf2-499a-b1f8-bd27e6379b49,CHECK_OUT,0.0,0.0,false,,true,2026-08-11 19:50:00.000,2026-08-11 16:50:39.802,2026-08-11 16:50:39.802
"14eb5fe7-69b9-449a-b50d-4fbcd45fa86d",fd2b5a2d-f9dd-4293-83c7-76ea00b396ff,"657aca88-207c-474c-9abc-1af2429cad74",caa49a56-ddf2-499a-b1f8-bd27e6379b49,CHECK_OUT,0.0,0.0,false,,true,2026-08-11 19:50:00.000,2026-08-11 16:50:42.992,2026-08-11 16:50:42.992
"7df52b84-9410-4be4-a46f-1e54e453aaf9","75f4f67c-1b34-4b4e-8986-ec8b9a4b3da7","657aca88-207c-474c-9abc-1af2429cad74",caa49a56-ddf2-499a-b1f8-bd27e6379b49,CHECK_OUT,0.0,0.0,false,,true,2026-08-11 19:50:00.000,2026-08-11 16:50:45.940,2026-08-11 16:50:45.940
d1664b42-aa57-473c-bbff-e19d032d8853,"17a2c2cb-60c8-49e9-9a7d-e5b48980a7f2","657aca88-207c-474c-9abc-1af2429cad74",caa49a56-ddf2-499a-b1f8-bd27e6379b49,CHECK_OUT,0.0,0.0,false,,true,2026-08-11 19:50:00.000,2026-08-11 16:50:48.613,2026-08-11 16:50:48.613
aabb33b3-b81e-4d1b-97a2-d65db9becef7,"1b3d636b-7b18-47e4-a9ea-32ce33378b37","657aca88-207c-474c-9abc-1af2429cad74",,CHECK_OUT,0.0,0.0,false,,true,2026-08-11 18:00:00.000,2026-08-12 00:01:00.082,2026-08-12 00:01:00.082
"5ef0e239-5aad-4ef6-a02a-92a6619258e5","0484267e-2bfb-439a-a69b-d594a1f0970d","657aca88-207c-474c-9abc-1af2429cad74",,CHECK_OUT,43.194721,23.608585,true,,true,2026-08-11 18:00:00.000,2026-08-12 00:01:00.091,2026-08-12 00:01:00.091
fc288dbc-d188-495d-9141-44e570077520,d57e8f02-ab66-46e8-a97e-13d52ef44b1b,"657aca88-207c-474c-9abc-1af2429cad74",,CHECK_IN,43.194721,23.608585,true,51.0,false,2026-08-12 06:50:09.000,2026-08-12 03:50:10.332,2026-08-12 03:50:10.332
afae22ac-b26d-4446-8b3d-b3ecd31dd611,"1b3d636b-7b18-47e4-a9ea-32ce33378b37","657aca88-207c-474c-9abc-1af2429cad74",,CHECK_IN,43.194721,23.608585,true,61.0,false,2026-08-12 06:50:33.000,2026-08-12 03:50:40.370,2026-08-12 03:50:40.370
b1853933-71ca-4fdf-9d93-5605ae1812c7,"61c76398-dbf7-43bf-830f-6eac33943779","657aca88-207c-474c-9abc-1af2429cad74",,CHECK_IN,43.194721,23.608585,true,68.0,false,2026-08-12 06:50:55.000,2026-08-12 03:51:10.302,2026-08-12 03:51:10.302
df9c1bcc-07a4-4e49-bdf9-4f7ac7fad105,"64c97323-158f-4b18-ad45-0fd3cb0cecca","657aca88-207c-474c-9abc-1af2429cad74",,CHECK_IN,43.194721,23.608585,true,65.0,false,2026-08-12 06:51:31.000,2026-08-12 03:51:40.308,2026-08-12 03:51:40.308
"0d48f393-1a43-4490-bed5-53308c1993e7","8218a51e-5a6c-4bde-8519-24df8070b8a9","657aca88-207c-474c-9abc-1af2429cad74",,CHECK_IN,43.194721,23.608585,true,59.0,false,2026-08-12 06:52:37.000,2026-08-12 03:52:40.303,2026-08-12 03:52:40.303
"24fc27d6-e32d-4ca0-8090-cecdb3dae9df",d0b6501c-1a2c-48d5-8614-41a1ca72be02,"657aca88-207c-474c-9abc-1af2429cad74",,CHECK_IN,43.194721,23.608585,true,46.0,false,2026-08-12 06:55:03.000,2026-08-12 03:55:10.561,2026-08-12 03:55:10.561
ce331a2a-0185-4d16-8c3e-e4f1235328af,d6b6d84e-0445-43df-9f71-ca5679ce20cd,"657aca88-207c-474c-9abc-1af2429cad74",,CHECK_IN,43.194721,23.608585,true,63.0,false,2026-08-12 06:55:12.000,2026-08-12 03:55:40.311,2026-08-12 03:55:40.311
"5e663db7-00ad-4027-8234-f83b38b9a93e",b15c0a24-f180-4043-b67a-d5e02a85c89b,"657aca88-207c-474c-9abc-1af2429cad74",,CHECK_IN,43.194721,23.608585,true,62.0,false,2026-08-12 07:00:47.000,2026-08-12 04:01:10.413,2026-08-12 04:01:10.413
fe4c5255-ea58-412a-a513-6c4d5ca98d6d,af4a589c-808d-42ac-b374-59a1883692ae,"657aca88-207c-474c-9abc-1af2429cad74",,CHECK_IN,43.194721,23.608585,true,60.0,false,2026-08-12 07:02:40.000,2026-08-12 04:02:40.413,2026-08-12 04:02:40.413
"463ad866-0d5b-48e1-859f-504245a218b4","512f4471-88b5-4ff9-8b20-5996f534a6e3","657aca88-207c-474c-9abc-1af2429cad74",,CHECK_IN,43.194721,23.608585,true,54.0,false,2026-08-12 07:03:03.000,2026-08-12 04:03:10.309,2026-08-12 04:03:10.309
"654aad38-39c7-4dd0-81e2-dddaf7e02cf7","39e5754e-7c46-4954-8ee2-e32c36bf4e93","657aca88-207c-474c-9abc-1af2429cad74",,CHECK_IN,43.194721,23.608585,true,62.0,false,2026-08-12 07:06:07.000,2026-08-12 04:06:10.424,2026-08-12 04:06:10.424
"5eda292f-814f-42af-b71d-d7a4f805e299","17e4eb94-d4ab-472a-ad3a-991750ee662a","657aca88-207c-474c-9abc-1af2429cad74",,CHECK_IN,43.194721,23.608585,true,70.0,false,2026-08-12 07:09:02.000,2026-08-12 04:09:10.558,2026-08-12 04:09:10.558
df35b6cd-d343-4199-a635-78661325ea03,"926758e5-3a61-4ad6-82b2-34c4816c75b8","657aca88-207c-474c-9abc-1af2429cad74",,CHECK_IN,43.194721,23.608585,true,55.0,false,2026-08-12 07:09:36.000,2026-08-12 04:09:40.355,2026-08-12 04:09:40.355
b5c47bfb-e495-4776-a295-755cf37ff39d,fd2b5a2d-f9dd-4293-83c7-76ea00b396ff,"657aca88-207c-474c-9abc-1af2429cad74",,CHECK_IN,43.194721,23.608585,true,53.0,false,2026-08-12 07:11:04.000,2026-08-12 04:11:10.968,2026-08-12 04:11:10.968
f13ce304-8f7b-4d88-902f-25304d81be03,"90570712-1957-4575-9ae0-16d3f2aa5ee9","657aca88-207c-474c-9abc-1af2429cad74",,CHECK_IN,43.194721,23.608585,true,69.0,false,2026-08-12 07:11:09.000,2026-08-12 04:11:10.973,2026-08-12 04:11:10.973
dfed65c6-9169-4c29-9070-fdd1204e6980,dc9e1c44-0d57-43ff-9533-ced7467c7556,"657aca88-207c-474c-9abc-1af2429cad74",,CHECK_IN,43.194721,23.608585,true,53.0,false,2026-08-12 07:11:19.000,2026-08-12 04:11:40.335,2026-08-12 04:11:40.335
"53d711b6-1d21-475f-8bf9-08528934e7c8","75f4f67c-1b34-4b4e-8986-ec8b9a4b3da7","657aca88-207c-474c-9abc-1af2429cad74",,CHECK_IN,43.194721,23.608585,true,56.0,false,2026-08-12 07:11:27.000,2026-08-12 04:11:40.338,2026-08-12 04:11:40.338
"58639fcf-d2fc-4bed-97de-29533b3d03c4","5ed83e7e-0f5e-4f14-b5ab-03e63b1038bc","657aca88-207c-474c-9abc-1af2429cad74",,CHECK_IN,43.194721,23.608585,true,58.0,false,2026-08-12 07:12:08.000,2026-08-12 04:12:10.314,2026-08-12 04:12:10.314
"55b5396e-9787-49f8-9303-87cd7595f943","81b36c11-0d95-4b61-8193-4e59127b7d22","657aca88-207c-474c-9abc-1af2429cad74",,CHECK_IN,43.194721,23.608585,true,50.0,false,2026-08-12 07:12:28.000,2026-08-12 04:12:40.398,2026-08-12 04:12:40.398
"952de912-794f-4a26-9cd8-33e29da13405","12459722-0311-458f-a320-5d9e4d7cad5c","657aca88-207c-474c-9abc-1af2429cad74",,CHECK_IN,43.194721,23.608585,true,67.0,false,2026-08-12 07:12:43.000,2026-08-12 04:13:10.308,2026-08-12 04:13:10.308
"784b5006-9c1b-4895-8a94-d62075978005","74527f74-35db-4321-b590-e9a72dc32935","657aca88-207c-474c-9abc-1af2429cad74",,CHECK_IN,43.194721,23.608585,true,52.0,false,2026-08-12 07:13:02.000,2026-08-12 04:13:10.311,2026-08-12 04:13:10.311
d9751072-2ff4-41c9-ba71-b2373326eb87,"8308ef9d-f2d5-42e7-a7e4-25733136cae0","657aca88-207c-474c-9abc-1af2429cad74",,CHECK_IN,43.194721,23.608585,true,51.0,false,2026-08-12 07:13:11.000,2026-08-12 04:13:40.311,2026-08-12 04:13:40.311
a392db8d-fb44-4653-ab9e-3d85f15762c6,"17a2c2cb-60c8-49e9-9a7d-e5b48980a7f2","657aca88-207c-474c-9abc-1af2429cad74",,CHECK_IN,43.194721,23.608585,true,55.0,false,2026-08-12 07:13:30.000,2026-08-12 04:13:40.321,2026-08-12 04:13:40.321
"0a41f5aa-d7a9-4929-bc2c-de43f318401c","5e8263c0-8db9-4084-810f-7317368bd919","657aca88-207c-474c-9abc-1af2429cad74",,CHECK_IN,43.194721,23.608585,true,60.0,false,2026-08-12 07:17:16.000,2026-08-12 04:17:40.423,2026-08-12 04:17:40.423
"1b185633-5aa7-4e79-9605-a4a65f1ffc34","628d40d0-959d-4870-8cf6-9099e8749af9","657aca88-207c-474c-9abc-1af2429cad74",,CHECK_IN,43.194721,23.608585,true,56.0,false,2026-08-12 07:20:44.000,2026-08-12 04:21:10.593,2026-08-12 04:21:10.593
"27b74f9c-a600-4eda-9cbd-873ddd207e5c","3d976022-5033-4c30-883d-2bb683c9cfa1","657aca88-207c-474c-9abc-1af2429cad74",,CHECK_IN,43.194721,23.608585,true,59.0,false,2026-08-12 07:21:05.000,2026-08-12 04:21:10.597,2026-08-12 04:21:10.597
daf46480-da8f-4810-95c0-f4958a8e98f3,"2555d529-ff47-49b6-931f-f2dce830a6fc","657aca88-207c-474c-9abc-1af2429cad74",,CHECK_IN,43.194721,23.608585,true,53.0,false,2026-08-12 07:21:40.000,2026-08-12 04:21:40.329,2026-08-12 04:21:40.329
"76e6479d-4654-4783-8a7b-e69560ba48ca","2ecb59a4-bc4c-4784-8741-2f8bcf5c2a65","657aca88-207c-474c-9abc-1af2429cad74",,CHECK_IN,43.194721,23.608585,true,62.0,false,2026-08-12 07:22:13.000,2026-08-12 04:22:40.321,2026-08-12 04:22:40.321
a5226ec1-e3a4-4735-8ee9-b49a0f394431,"1c9f0cce-7d52-4182-9a80-75f87a851a6b","657aca88-207c-474c-9abc-1af2429cad74",,CHECK_IN,43.194721,23.608585,true,54.0,false,2026-08-12 07:22:39.000,2026-08-12 04:22:40.323,2026-08-12 04:22:40.323
"952cecd9-4bb9-4ec1-98a8-69239538f104",f5f7d765-d2db-4a95-b655-27499c69acf2,"657aca88-207c-474c-9abc-1af2429cad74",,CHECK_IN,43.194721,23.608585,true,55.0,false,2026-08-12 07:24:30.000,2026-08-12 04:24:40.433,2026-08-12 04:24:40.433
"365ac5b9-5936-4127-8438-c2836e22d867","8a8e1231-da2f-43ae-90a9-21035c93bbc7","657aca88-207c-474c-9abc-1af2429cad74",,CHECK_IN,43.194721,23.608585,true,61.0,false,2026-08-12 07:25:01.000,2026-08-12 04:25:10.325,2026-08-12 04:25:10.325
"756b2a2a-8db9-47d4-bbce-b2b3d226a00f",e5a36817-048f-4868-929a-d1cf32fc6258,"657aca88-207c-474c-9abc-1af2429cad74",,CHECK_IN,43.194721,23.608585,true,47.0,false,2026-08-12 07:25:48.000,2026-08-12 04:26:10.321,2026-08-12 04:26:10.321
"264476d8-f76d-4011-b05d-675a71f79d62",f71a195c-7f69-46bf-b5bd-711c2beacdc9,"657aca88-207c-474c-9abc-1af2429cad74",,CHECK_IN,43.194721,23.608585,true,47.0,false,2026-08-12 07:29:09.000,2026-08-12 04:29:10.561,2026-08-12 04:29:10.561
"35019e9d-9fa9-4b3b-a35e-222f02b4bf68","602d9323-f5c4-4df1-b6c4-84604b161a27","657aca88-207c-474c-9abc-1af2429cad74",,CHECK_IN,43.194721,23.608585,true,51.0,false,2026-08-12 07:33:57.000,2026-08-12 04:34:10.529,2026-08-12 04:34:10.529
b08c01f0-575b-4592-be7f-22cff98db75a,"240bc314-dfdc-41e1-a45f-c4c573a44788","657aca88-207c-474c-9abc-1af2429cad74",,CHECK_IN,43.194721,23.608585,true,50.0,false,2026-08-12 07:34:25.000,2026-08-12 04:34:40.342,2026-08-12 04:34:40.342
e5be140c-9035-44a4-a3ee-9f77c343b068,a467fc90-25a2-4048-a48d-6f5ee1ccee67,"657aca88-207c-474c-9abc-1af2429cad74",,CHECK_IN,43.194721,23.608585,true,66.0,false,2026-08-12 07:34:42.000,2026-08-12 04:35:10.363,2026-08-12 04:35:10.363
"6c82f3a4-dded-4b4c-bed8-b7213f00fc21",c5903b81-8b17-49bb-82b3-51a8a5880762,"657aca88-207c-474c-9abc-1af2429cad74",,CHECK_IN,43.194721,23.608585,true,63.0,false,2026-08-12 07:34:55.000,2026-08-12 04:35:10.367,2026-08-12 04:35:10.367
"4ba4aa6d-a890-4007-b096-97323c92a7ac","2eca8bc8-65a5-4298-870f-0615602aef91","657aca88-207c-474c-9abc-1af2429cad74",,CHECK_IN,43.194721,23.608585,true,52.0,false,2026-08-12 07:36:58.000,2026-08-12 04:37:10.548,2026-08-12 04:37:10.548
c903a7cb-7457-4af3-9afb-b0dcec49bc7b,f721fdd2-47ce-45a6-838e-5ac2aed4cd75,"657aca88-207c-474c-9abc-1af2429cad74",,CHECK_IN,43.194721,23.608585,true,63.0,false,2026-08-12 07:37:06.000,2026-08-12 04:37:10.551,2026-08-12 04:37:10.551
"677ba90a-80dc-4dc2-9380-8e38c83f2bed","77a6d5e3-909d-4b7f-a456-154344b678f4","657aca88-207c-474c-9abc-1af2429cad74",,CHECK_IN,43.194721,23.608585,true,53.0,false,2026-08-12 07:39:55.000,2026-08-12 04:40:10.514,2026-08-12 04:40:10.514
"7eb1021b-afe5-4a6e-9dd1-58bf31c9cd37","2501fe3b-87b2-4539-b79d-49be6e92cf4d","657aca88-207c-474c-9abc-1af2429cad74",,CHECK_IN,43.194721,23.608585,true,51.0,false,2026-08-12 07:48:28.000,2026-08-12 04:48:40.441,2026-08-12 04:48:40.441
"9137c4aa-0c16-423f-be3c-4fa5ac9157c7","17e4eb94-d4ab-472a-ad3a-991750ee662a","657aca88-207c-474c-9abc-1af2429cad74",,CHECK_OUT,43.1947261,23.6081932,true,72.0,false,2026-08-12 17:09:12.000,2026-08-12 14:09:42.191,2026-08-12 14:09:42.191
b699495e-614f-4ca5-a3bd-0df18177a929,d57e8f02-ab66-46e8-a97e-13d52ef44b1b,"657aca88-207c-474c-9abc-1af2429cad74",,CHECK_OUT,43.1947181,23.6081847,true,57.0,false,2026-08-12 17:09:18.000,2026-08-12 14:09:42.197,2026-08-12 14:09:42.197
"9a961a12-4aab-419c-a07b-818512f5f47d",f721fdd2-47ce-45a6-838e-5ac2aed4cd75,"657aca88-207c-474c-9abc-1af2429cad74",,CHECK_OUT,43.1947169,23.6081894,true,69.0,false,2026-08-12 17:09:22.000,2026-08-12 14:09:42.201,2026-08-12 14:09:42.201
"27b46fd0-3217-43e2-85c6-34f6c4bb7cb8","77a6d5e3-909d-4b7f-a456-154344b678f4","657aca88-207c-474c-9abc-1af2429cad74",,CHECK_OUT,43.1947087,23.6081994,true,71.0,false,2026-08-12 17:09:26.000,2026-08-12 14:09:42.204,2026-08-12 14:09:42.204
bd66fecb-16fe-4d0a-abef-6d01006c1fa4,"3d976022-5033-4c30-883d-2bb683c9cfa1","657aca88-207c-474c-9abc-1af2429cad74",,CHECK_OUT,43.1947027,23.6082061,true,64.0,false,2026-08-12 17:09:31.000,2026-08-12 14:09:42.207,2026-08-12 14:09:42.207
"9f5f21a5-345d-42f5-be70-6248dd2cf564",f5f7d765-d2db-4a95-b655-27499c69acf2,"657aca88-207c-474c-9abc-1af2429cad74",,CHECK_OUT,43.1946969,23.6082117,true,52.0,false,2026-08-12 17:09:35.000,2026-08-12 14:09:42.209,2026-08-12 14:09:42.209
c5f48466-8835-4739-8983-c19a9065685a,"1b3d636b-7b18-47e4-a9ea-32ce33378b37","657aca88-207c-474c-9abc-1af2429cad74",,CHECK_OUT,43.1947327,23.6080629,true,65.0,false,2026-08-12 17:10:43.000,2026-08-12 14:11:03.031,2026-08-12 14:11:03.031
"15efadf5-28d8-4f45-afea-403f723c5e4c",d6b6d84e-0445-43df-9f71-ca5679ce20cd,"657aca88-207c-474c-9abc-1af2429cad74",,CHECK_OUT,43.1947437,23.6080587,true,77.0,false,2026-08-12 17:10:46.000,2026-08-12 14:11:03.037,2026-08-12 14:11:03.037
cb6324ea-2a23-4f54-bf98-6ed7421f22ce,f71a195c-7f69-46bf-b5bd-711c2beacdc9,"657aca88-207c-474c-9abc-1af2429cad74",,CHECK_OUT,43.1946956,23.6080109,true,55.0,false,2026-08-12 17:11:56.000,2026-08-12 14:12:02.691,2026-08-12 14:12:02.691
"509d6d61-3ec9-4bf0-9882-721296fc16d4","8a8e1231-da2f-43ae-90a9-21035c93bbc7","657aca88-207c-474c-9abc-1af2429cad74",,CHECK_OUT,43.1947352,23.6080514,true,74.0,false,2026-08-12 17:13:40.000,2026-08-12 14:13:42.051,2026-08-12 14:13:42.051
"382980d1-1ea9-4d1b-b8a6-cdd031ca72a9",af4a589c-808d-42ac-b374-59a1883692ae,"657aca88-207c-474c-9abc-1af2429cad74",,CHECK_OUT,43.1947357,23.608052,true,58.0,false,2026-08-12 17:21:15.000,2026-08-12 14:21:31.195,2026-08-12 14:21:31.195
"5a099ac8-2fac-44d2-8f61-4edf3a8892fd",dc9e1c44-0d57-43ff-9533-ced7467c7556,"657aca88-207c-474c-9abc-1af2429cad74",,CHECK_OUT,43.1947093,23.6080809,true,52.0,false,2026-08-12 17:22:02.000,2026-08-12 14:22:31.182,2026-08-12 14:22:31.182
e6958f55-c33f-4816-b46f-e276aa1083e7,"75f4f67c-1b34-4b4e-8986-ec8b9a4b3da7","657aca88-207c-474c-9abc-1af2429cad74",,CHECK_OUT,43.1947125,23.6080956,true,67.0,false,2026-08-12 17:22:07.000,2026-08-12 14:22:31.185,2026-08-12 14:22:31.185
"7652a339-289c-4b71-a8ff-ceea3d8b6eac",a467fc90-25a2-4048-a48d-6f5ee1ccee67,"657aca88-207c-474c-9abc-1af2429cad74",,CHECK_OUT,43.1947486,23.6081221,true,75.0,false,2026-08-12 17:23:51.000,2026-08-12 14:24:01.175,2026-08-12 14:24:01.175
cf9ecb08-d719-4eb6-add4-f761daa0abe0,b15c0a24-f180-4043-b67a-d5e02a85c89b,"657aca88-207c-474c-9abc-1af2429cad74",,CHECK_OUT,43.194747,23.608116,true,67.0,false,2026-08-12 17:23:59.000,2026-08-12 14:24:01.183,2026-08-12 14:24:01.183
"58ecfc1d-5f90-41ae-bbba-07b5da2edd2b","602d9323-f5c4-4df1-b6c4-84604b161a27","657aca88-207c-474c-9abc-1af2429cad74",,CHECK_OUT,43.1947311,23.6081213,true,81.0,false,2026-08-12 17:26:08.000,2026-08-12 14:26:31.712,2026-08-12 14:26:31.713
"40601532-206a-41ad-b39b-c79a2c4c5d93","240bc314-dfdc-41e1-a45f-c4c573a44788","657aca88-207c-474c-9abc-1af2429cad74",,CHECK_OUT,43.1947354,23.6080524,true,55.0,false,2026-08-12 17:33:15.000,2026-08-12 14:33:34.091,2026-08-12 14:33:34.091
acbb0c10-b662-4f69-8fae-722d989e178f,c5903b81-8b17-49bb-82b3-51a8a5880762,"657aca88-207c-474c-9abc-1af2429cad74",,CHECK_OUT,43.1947354,23.6080524,true,76.0,false,2026-08-12 17:33:18.000,2026-08-12 14:33:34.095,2026-08-12 14:33:34.095
"09f89a79-13a5-4001-91e4-1d0fb5f7a8d2","54d75f40-4e80-447c-9ee0-c1975dfc2af5","657aca88-207c-474c-9abc-1af2429cad74",,CHECK_IN,43.194721,23.608585,true,88.0,false,2026-08-12 17:38:57.000,2026-08-12 14:39:17.651,2026-08-12 14:39:17.651
a41e3dd4-38a6-4eee-b919-e6aa59917fc7,"61c76398-dbf7-43bf-830f-6eac33943779","657aca88-207c-474c-9abc-1af2429cad74",,CHECK_OUT,43.194721,23.608585,true,,true,2026-08-12 18:00:00.000,2026-08-13 00:01:00.108,2026-08-13 00:01:00.108
"5bdf3003-3663-49ff-8cb0-d4f55755a8b6","64c97323-158f-4b18-ad45-0fd3cb0cecca","657aca88-207c-474c-9abc-1af2429cad74",,CHECK_OUT,43.194721,23.608585,true,,true,2026-08-12 18:00:00.000,2026-08-13 00:01:00.128,2026-08-13 00:01:00.128
"8f006f41-e113-464f-8419-a53523c0f91b","8218a51e-5a6c-4bde-8519-24df8070b8a9","657aca88-207c-474c-9abc-1af2429cad74",,CHECK_OUT,43.194721,23.608585,true,,true,2026-08-12 18:00:00.000,2026-08-13 00:01:00.132,2026-08-13 00:01:00.132
"674822f9-0327-4324-94c5-dd9e8da32441",d0b6501c-1a2c-48d5-8614-41a1ca72be02,"657aca88-207c-474c-9abc-1af2429cad74",,CHECK_OUT,43.194721,23.608585,true,,true,2026-08-12 18:00:00.000,2026-08-13 00:01:00.135,2026-08-13 00:01:00.135
"91511e23-b746-443f-957b-ca117be82df7","512f4471-88b5-4ff9-8b20-5996f534a6e3","657aca88-207c-474c-9abc-1af2429cad74",,CHECK_OUT,43.194721,23.608585,true,,true,2026-08-12 18:00:00.000,2026-08-13 00:01:00.138,2026-08-13 00:01:00.138
"47cc0a1f-3bbf-44d4-882f-73c9e65237f7","39e5754e-7c46-4954-8ee2-e32c36bf4e93","657aca88-207c-474c-9abc-1af2429cad74",,CHECK_OUT,43.194721,23.608585,true,,true,2026-08-12 18:00:00.000,2026-08-13 00:01:00.140,2026-08-13 00:01:00.140
"826bc37c-7131-47bd-a188-9074d76b57ef","926758e5-3a61-4ad6-82b2-34c4816c75b8","657aca88-207c-474c-9abc-1af2429cad74",,CHECK_OUT,43.194721,23.608585,true,,true,2026-08-12 18:00:00.000,2026-08-13 00:01:00.143,2026-08-13 00:01:00.143
"940d021a-5e38-4897-ab9d-ed59138b11f2",fd2b5a2d-f9dd-4293-83c7-76ea00b396ff,"657aca88-207c-474c-9abc-1af2429cad74",,CHECK_OUT,43.194721,23.608585,true,,true,2026-08-12 18:00:00.000,2026-08-13 00:01:00.145,2026-08-13 00:01:00.145
"1c35fadb-0c99-4cf2-aa03-88d716c5196f","90570712-1957-4575-9ae0-16d3f2aa5ee9","657aca88-207c-474c-9abc-1af2429cad74",,CHECK_OUT,43.194721,23.608585,true,,true,2026-08-12 18:00:00.000,2026-08-13 00:01:00.147,2026-08-13 00:01:00.147
"77f36dc9-feb2-4ad6-bafc-06482456783d","5ed83e7e-0f5e-4f14-b5ab-03e63b1038bc","657aca88-207c-474c-9abc-1af2429cad74",,CHECK_OUT,43.194721,23.608585,true,,true,2026-08-12 18:00:00.000,2026-08-13 00:01:00.149,2026-08-13 00:01:00.149
"713b4033-9490-4c50-858a-02b0bb3d9547","81b36c11-0d95-4b61-8193-4e59127b7d22","657aca88-207c-474c-9abc-1af2429cad74",,CHECK_OUT,43.194721,23.608585,true,,true,2026-08-12 18:00:00.000,2026-08-13 00:01:00.151,2026-08-13 00:01:00.151
"07319b8e-29af-41e5-a46f-2adeca70a440","12459722-0311-458f-a320-5d9e4d7cad5c","657aca88-207c-474c-9abc-1af2429cad74",,CHECK_OUT,43.194721,23.608585,true,,true,2026-08-12 18:00:00.000,2026-08-13 00:01:00.153,2026-08-13 00:01:00.153
"4496d408-d851-449c-b005-45066ea36b21","74527f74-35db-4321-b590-e9a72dc32935","657aca88-207c-474c-9abc-1af2429cad74",,CHECK_OUT,43.194721,23.608585,true,,true,2026-08-12 18:00:00.000,2026-08-13 00:01:00.155,2026-08-13 00:01:00.155
"983dcac2-3eff-409f-a250-9e3d2a88f004","8308ef9d-f2d5-42e7-a7e4-25733136cae0","657aca88-207c-474c-9abc-1af2429cad74",,CHECK_OUT,43.194721,23.608585,true,,true,2026-08-12 18:00:00.000,2026-08-13 00:01:00.156,2026-08-13 00:01:00.156
"1eb58d97-a8c9-419c-aca5-3c4a4eacd7c8","17a2c2cb-60c8-49e9-9a7d-e5b48980a7f2","657aca88-207c-474c-9abc-1af2429cad74",,CHECK_OUT,43.194721,23.608585,true,,true,2026-08-12 18:00:00.000,2026-08-13 00:01:00.158,2026-08-13 00:01:00.158
"60d22a31-005e-43a5-b17f-0d542b14ef6a","5e8263c0-8db9-4084-810f-7317368bd919","657aca88-207c-474c-9abc-1af2429cad74",,CHECK_OUT,43.194721,23.608585,true,,true,2026-08-12 18:00:00.000,2026-08-13 00:01:00.160,2026-08-13 00:01:00.160
"070cb55c-91e8-47e5-bde2-5edeb67c5eee","628d40d0-959d-4870-8cf6-9099e8749af9","657aca88-207c-474c-9abc-1af2429cad74",,CHECK_OUT,43.194721,23.608585,true,,true,2026-08-12 18:00:00.000,2026-08-13 00:01:00.162,2026-08-13 00:01:00.162
f99f8a95-9e9b-411d-92b1-aaa4fda40605,"2555d529-ff47-49b6-931f-f2dce830a6fc","657aca88-207c-474c-9abc-1af2429cad74",,CHECK_OUT,43.194721,23.608585,true,,true,2026-08-12 18:00:00.000,2026-08-13 00:01:00.163,2026-08-13 00:01:00.163
"3b7698a8-10ff-449a-9259-4a979668023b","2ecb59a4-bc4c-4784-8741-2f8bcf5c2a65","657aca88-207c-474c-9abc-1af2429cad74",,CHECK_OUT,43.194721,23.608585,true,,true,2026-08-12 18:00:00.000,2026-08-13 00:01:00.165,2026-08-13 00:01:00.165
"4c8ad273-a3ff-4c2e-8471-ee3619a0ecf5","1c9f0cce-7d52-4182-9a80-75f87a851a6b","657aca88-207c-474c-9abc-1af2429cad74",,CHECK_OUT,43.194721,23.608585,true,,true,2026-08-12 18:00:00.000,2026-08-13 00:01:00.167,2026-08-13 00:01:00.167
"8d2e32ef-0325-4ce2-b5d5-bf4894a1fe75",e5a36817-048f-4868-929a-d1cf32fc6258,"657aca88-207c-474c-9abc-1af2429cad74",,CHECK_OUT,43.194721,23.608585,true,,true,2026-08-12 18:00:00.000,2026-08-13 00:01:00.168,2026-08-13 00:01:00.168
"03624dc5-7211-4c93-bdd0-a5fbd75a4857","2eca8bc8-65a5-4298-870f-0615602aef91","657aca88-207c-474c-9abc-1af2429cad74",,CHECK_OUT,43.194721,23.608585,true,,true,2026-08-12 18:00:00.000,2026-08-13 00:01:00.170,2026-08-13 00:01:00.170
"3fa9df52-ad1d-44a0-b07b-2bff252751d1","2501fe3b-87b2-4539-b79d-49be6e92cf4d","657aca88-207c-474c-9abc-1af2429cad74",,CHECK_OUT,43.194721,23.608585,true,,true,2026-08-12 18:00:00.000,2026-08-13 00:01:00.172,2026-08-13 00:01:00.172
b67a171e-697b-4e66-bd3d-dd1e3b16e569,"54d75f40-4e80-447c-9ee0-c1975dfc2af5","657aca88-207c-474c-9abc-1af2429cad74",,CHECK_OUT,43.194721,23.608585,true,,true,2026-08-12 18:00:00.000,2026-08-13 00:01:00.173,2026-08-13 00:01:00.173
"0326fd1a-577f-4ed6-a424-1add16ddc043",d57e8f02-ab66-46e8-a97e-13d52ef44b1b,"657aca88-207c-474c-9abc-1af2429cad74",,CHECK_IN,43.194720999999994,23.608585,true,55.0,false,2026-08-13 06:47:16.000,2026-08-13 03:47:19.777,2026-08-13 03:47:19.777
"1b46135f-c36f-4ee0-b582-768391727dd6",d6b6d84e-0445-43df-9f71-ca5679ce20cd,"657aca88-207c-474c-9abc-1af2429cad74",,CHECK_IN,43.194720999999994,23.608585,true,67.0,false,2026-08-13 06:47:25.000,2026-08-13 03:47:49.656,2026-08-13 03:47:49.656
"0e9beeb2-c6f9-442c-bbf3-2781b143a053","1b3d636b-7b18-47e4-a9ea-32ce33378b37","657aca88-207c-474c-9abc-1af2429cad74",,CHECK_IN,43.194720999999994,23.608585,true,51.0,false,2026-08-13 06:47:58.000,2026-08-13 03:48:19.653,2026-08-13 03:48:19.653
d8cfc95c-c0d1-4c5d-a064-cf37503a2f6b,"61c76398-dbf7-43bf-830f-6eac33943779","657aca88-207c-474c-9abc-1af2429cad74",,CHECK_IN,43.194720999999994,23.608585,true,70.0,false,2026-08-13 06:48:03.000,2026-08-13 03:48:19.656,2026-08-13 03:48:19.656
"3d2b5a67-c12a-49b4-aa35-2b6a504e91e1","8218a51e-5a6c-4bde-8519-24df8070b8a9","657aca88-207c-474c-9abc-1af2429cad74",,CHECK_IN,43.194720999999994,23.608585,true,64.0,false,2026-08-13 06:48:10.000,2026-08-13 03:48:19.659,2026-08-13 03:48:19.659
"696d1de7-1eb8-41d5-955b-1c79bf3e1024","64c97323-158f-4b18-ad45-0fd3cb0cecca","657aca88-207c-474c-9abc-1af2429cad74",,CHECK_IN,43.194720999999994,23.608585,true,65.0,false,2026-08-13 06:48:33.000,2026-08-13 03:48:49.654,2026-08-13 03:48:49.654
"3225dddb-2dcd-400d-a278-8babc94342d1","2555d529-ff47-49b6-931f-f2dce830a6fc","657aca88-207c-474c-9abc-1af2429cad74",,CHECK_IN,43.194720999999994,23.608585,true,56.0,false,2026-08-13 06:49:04.000,2026-08-13 03:49:19.651,2026-08-13 03:49:19.651
"804aabae-9290-4ab5-8d38-35b890470c0d","512f4471-88b5-4ff9-8b20-5996f534a6e3","657aca88-207c-474c-9abc-1af2429cad74",,CHECK_IN,43.194720999999994,23.608585,true,55.0,false,2026-08-13 06:49:18.000,2026-08-13 03:49:19.653,2026-08-13 03:49:19.653
"4c12e697-7312-41a8-b189-d4efa99c6e6f",f71a195c-7f69-46bf-b5bd-711c2beacdc9,"657aca88-207c-474c-9abc-1af2429cad74",,CHECK_IN,43.194720999999994,23.608585,true,49.0,false,2026-08-13 06:50:01.000,2026-08-13 03:50:19.772,2026-08-13 03:50:19.772
fe8cc3a7-5eac-42d3-b127-3243e45f022b,"17e4eb94-d4ab-472a-ad3a-991750ee662a","657aca88-207c-474c-9abc-1af2429cad74",,CHECK_IN,43.194720999999994,23.608585,true,70.0,false,2026-08-13 07:02:04.000,2026-08-13 04:02:19.811,2026-08-13 04:02:19.811
"65b03cdc-feab-46dd-a272-97a287605c92","7860e321-c5e3-4a88-ad81-8a870011ede0","657aca88-207c-474c-9abc-1af2429cad74",,CHECK_IN,43.194721,23.608585,true,89.0,false,2026-08-13 07:04:31.000,2026-08-13 04:04:45.801,2026-08-13 04:04:45.801
c7a26390-1069-4928-baa9-acc4b267c25d,b15c0a24-f180-4043-b67a-d5e02a85c89b,"657aca88-207c-474c-9abc-1af2429cad74",,CHECK_IN,43.194721,23.608585,true,65.0,false,2026-08-13 07:05:33.000,2026-08-13 04:05:45.876,2026-08-13 04:05:45.876
ba5269d7-fb32-4627-b0e5-6f35b5efcc03,af4a589c-808d-42ac-b374-59a1883692ae,"657aca88-207c-474c-9abc-1af2429cad74",,CHECK_IN,43.194721,23.608585,true,60.0,false,2026-08-13 07:05:44.000,2026-08-13 04:05:45.880,2026-08-13 04:05:45.880
"80d51a06-6bd2-451c-8dd5-cbbf5dcced2b","90570712-1957-4575-9ae0-16d3f2aa5ee9","657aca88-207c-474c-9abc-1af2429cad74",,CHECK_IN,43.194721,23.608585,true,60.0,false,2026-08-13 07:07:24.000,2026-08-13 04:07:46.008,2026-08-13 04:07:46.008
"6249acd5-26ea-49d8-bc26-db258b815286",fd2b5a2d-f9dd-4293-83c7-76ea00b396ff,"657aca88-207c-474c-9abc-1af2429cad74",,CHECK_IN,43.194721,23.608585,true,60.0,false,2026-08-13 07:07:32.000,2026-08-13 04:07:46.011,2026-08-13 04:07:46.011
e956cabf-ba5f-4783-89aa-0849f4c78968,dc9e1c44-0d57-43ff-9533-ced7467c7556,"657aca88-207c-474c-9abc-1af2429cad74",,CHECK_IN,43.194721,23.608585,true,45.0,false,2026-08-13 07:07:45.000,2026-08-13 04:07:46.013,2026-08-13 04:07:46.013
f722ad1f-9840-402f-b2a7-d24479ec738e,"75f4f67c-1b34-4b4e-8986-ec8b9a4b3da7","657aca88-207c-474c-9abc-1af2429cad74",,CHECK_IN,43.194721,23.608585,true,51.0,false,2026-08-13 07:07:57.000,2026-08-13 04:08:15.802,2026-08-13 04:08:15.802
b7c224d6-5319-49eb-aec5-2b4cf6fb161e,"17a2c2cb-60c8-49e9-9a7d-e5b48980a7f2","657aca88-207c-474c-9abc-1af2429cad74",,CHECK_IN,43.194721,23.608585,true,60.0,false,2026-08-13 07:08:12.000,2026-08-13 04:08:15.804,2026-08-13 04:08:15.804
"2abab09d-49f4-47d0-b9dd-b8545e6fdf42",f5f7d765-d2db-4a95-b655-27499c69acf2,"657aca88-207c-474c-9abc-1af2429cad74",,CHECK_IN,43.194721,23.608585,true,62.0,false,2026-08-13 07:11:15.000,2026-08-13 04:11:16.032,2026-08-13 04:11:16.032
"8b959318-db20-41af-b8c3-8e2aad93aee5","628d40d0-959d-4870-8cf6-9099e8749af9","657aca88-207c-474c-9abc-1af2429cad74",,CHECK_IN,43.194721,23.608585,true,55.0,false,2026-08-13 07:15:52.000,2026-08-13 04:16:15.964,2026-08-13 04:16:15.964
f15947e9-5524-4841-b9c1-813d2ed98dff,"5e8263c0-8db9-4084-810f-7317368bd919","657aca88-207c-474c-9abc-1af2429cad74",,CHECK_IN,43.194721,23.608585,true,61.0,false,2026-08-13 07:16:13.000,2026-08-13 04:16:15.967,2026-08-13 04:16:15.967
"65e3dbcf-8ac2-4407-8c6b-d138e26a50e5","39e5754e-7c46-4954-8ee2-e32c36bf4e93","657aca88-207c-474c-9abc-1af2429cad74",,CHECK_IN,43.194721,23.608585,true,50.0,false,2026-08-13 07:16:39.000,2026-08-13 04:16:45.804,2026-08-13 04:16:45.804
"0b53244b-b0a6-4942-bdc0-e6b8f8f14828",f721fdd2-47ce-45a6-838e-5ac2aed4cd75,"657aca88-207c-474c-9abc-1af2429cad74",,CHECK_IN,43.194721,23.608585,true,47.0,false,2026-08-13 07:18:47.000,2026-08-13 04:19:15.905,2026-08-13 04:19:15.905
b1bb22b5-7180-4fca-90d1-77b87a6251f9,"8a8e1231-da2f-43ae-90a9-21035c93bbc7","657aca88-207c-474c-9abc-1af2429cad74",,CHECK_IN,43.194721,23.608585,true,58.0,false,2026-08-13 07:21:32.000,2026-08-13 04:21:45.925,2026-08-13 04:21:45.925
"48ea9969-791b-472b-a606-fdd36bf0827a",a467fc90-25a2-4048-a48d-6f5ee1ccee67,"657aca88-207c-474c-9abc-1af2429cad74",,CHECK_IN,43.194721,23.608585,true,61.0,false,2026-08-13 07:21:40.000,2026-08-13 04:21:45.927,2026-08-13 04:21:45.927
"8c00eb08-3e62-4016-acb0-7869d487849a","240bc314-dfdc-41e1-a45f-c4c573a44788","657aca88-207c-474c-9abc-1af2429cad74",,CHECK_IN,43.194721,23.608585,true,52.0,false,2026-08-13 07:21:57.000,2026-08-13 04:22:15.826,2026-08-13 04:22:15.826
"708d20de-b6ab-46d7-b3d8-7129594f9cd9","3d976022-5033-4c30-883d-2bb683c9cfa1","657aca88-207c-474c-9abc-1af2429cad74",,CHECK_IN,43.194721,23.608585,true,62.0,false,2026-08-13 07:22:17.000,2026-08-13 04:22:45.818,2026-08-13 04:22:45.818
"12b5c276-1d2d-477c-b652-513734347258","5e8263c0-8db9-4084-810f-7317368bd919","657aca88-207c-474c-9abc-1af2429cad74",,CHECK_OUT,43.1949117,23.60785,true,52.0,false,2026-08-13 07:24:35.000,2026-08-13 04:24:44.695,2026-08-13 04:24:44.695
"2bebf8b1-0a9c-45f3-a501-ea73dd9836cf","12459722-0311-458f-a320-5d9e4d7cad5c","657aca88-207c-474c-9abc-1af2429cad74",,CHECK_IN,43.1949198,23.6078408,true,65.0,false,2026-08-13 07:24:53.000,2026-08-13 04:25:14.360,2026-08-13 04:25:14.360
"5cad69dc-d2c5-4c85-be27-a5e331075b85","2ecb59a4-bc4c-4784-8741-2f8bcf5c2a65","657aca88-207c-474c-9abc-1af2429cad74",,CHECK_IN,43.194721,23.608585,true,60.0,false,2026-08-13 07:25:03.000,2026-08-13 04:25:15.996,2026-08-13 04:25:15.996
"413bda4b-3652-4eb0-affd-0b9da6419f59","2eca8bc8-65a5-4298-870f-0615602aef91","657aca88-207c-474c-9abc-1af2429cad74",,CHECK_IN,43.194721,23.608585,true,51.0,false,2026-08-13 07:25:34.000,2026-08-13 04:25:45.839,2026-08-13 04:25:45.839
ac81c640-3296-4bf0-9b39-6e48cc1d7b78,"74527f74-35db-4321-b590-e9a72dc32935","657aca88-207c-474c-9abc-1af2429cad74",,CHECK_IN,43.1950583,23.6078533,true,55.0,false,2026-08-13 07:25:55.000,2026-08-13 04:26:14.452,2026-08-13 04:26:14.452
"2f1fcbf9-f324-47b3-b497-2c933e691151",aa93b9b6-4dc0-48dc-9614-f0b955445b40,"657aca88-207c-474c-9abc-1af2429cad74",,CHECK_IN,43.194721,23.608585,true,60.0,false,2026-08-13 07:27:02.000,2026-08-13 04:27:16.185,2026-08-13 04:27:16.185
"6336b876-a76a-42a4-9345-cd014e03470b",e5a36817-048f-4868-929a-d1cf32fc6258,"657aca88-207c-474c-9abc-1af2429cad74",,CHECK_IN,43.194721,23.608585,true,57.0,false,2026-08-13 07:31:00.000,2026-08-13 04:31:16.065,2026-08-13 04:31:16.065
"9872fd09-e06e-4ce0-b0f8-14a18f8e8b0c","77a6d5e3-909d-4b7f-a456-154344b678f4","657aca88-207c-474c-9abc-1af2429cad74",,CHECK_IN,43.194721,23.608585,true,66.0,false,2026-08-13 07:31:37.000,2026-08-13 04:31:45.811,2026-08-13 04:31:45.811
"66eebfd8-5b8b-4a34-b812-3a4cc6811ab3","1e0cfcc4-0a5c-4457-8811-3e370c4f260f","657aca88-207c-474c-9abc-1af2429cad74",,CHECK_IN,43.194721,23.608585,true,65.0,false,2026-08-13 07:33:20.000,2026-08-13 04:33:46.150,2026-08-13 04:33:46.150
"2e3cfbd2-dd44-47a8-bc61-ab7ddbd48676","602d9323-f5c4-4df1-b6c4-84604b161a27","657aca88-207c-474c-9abc-1af2429cad74",,CHECK_IN,43.194721,23.608585,true,67.0,false,2026-08-13 07:33:42.000,2026-08-13 04:33:46.153,2026-08-13 04:33:46.153
e2635022-8bfc-48b2-98d8-aca0ac555bbf,"2cd576ec-0a8f-4f92-9d4b-436e16b4101a","657aca88-207c-474c-9abc-1af2429cad74",,CHECK_IN,43.194721,23.608585,true,51.0,false,2026-08-13 07:40:41.000,2026-08-13 04:40:46.033,2026-08-13 04:40:46.033
"8531eedb-23cb-40f5-a994-e33e4e03d173","1c9f0cce-7d52-4182-9a80-75f87a851a6b","657aca88-207c-474c-9abc-1af2429cad74",,CHECK_IN,43.194721,23.608585,true,53.0,false,2026-08-13 07:41:04.000,2026-08-13 04:41:15.831,2026-08-13 04:41:15.831
"236edf09-a250-4149-84a6-6fb2568d81ba",c5903b81-8b17-49bb-82b3-51a8a5880762,"657aca88-207c-474c-9abc-1af2429cad74",,CHECK_IN,43.194721,23.608585,true,55.0,false,2026-08-13 07:43:49.000,2026-08-13 04:44:16.019,2026-08-13 04:44:16.019
dd6dda9c-abd0-4a93-95b6-8fd1a4af08ad,"2501fe3b-87b2-4539-b79d-49be6e92cf4d","657aca88-207c-474c-9abc-1af2429cad74",,CHECK_IN,43.194721,23.608585,true,71.0,false,2026-08-13 07:58:32.000,2026-08-13 04:58:45.970,2026-08-13 04:58:45.970
ed5ab3bd-05ac-432d-84f6-286173298067,"986b9165-20b2-4ea1-b09f-498a58979161",c211b70d-7f1d-43df-a4f0-1e93123ede1d,,CHECK_IN,42.88947,23.9211417,false,,true,2026-08-13 08:29:41.000,2026-08-13 05:30:08.868,2026-08-13 05:30:08.868
"4cc7eec7-af5b-4864-8bf4-833978cde51a","2eca8bc8-65a5-4298-870f-0615602aef91","657aca88-207c-474c-9abc-1af2429cad74",,CHECK_OUT,43.1945795,23.6075391,true,66.0,false,2026-08-12 17:42:57.000,2026-08-13 06:18:17.838,2026-08-13 06:18:17.838
"84146a74-dbc6-4420-b447-6ae635075670","926758e5-3a61-4ad6-82b2-34c4816c75b8","657aca88-207c-474c-9abc-1af2429cad74",,CHECK_IN,43.1943251,23.6067748,true,46.0,false,2026-08-13 09:18:42.000,2026-08-13 06:18:47.806,2026-08-13 06:18:47.806
"40b6d1ad-5174-47c8-8d0b-cd59c2d7831f","986b9165-20b2-4ea1-b09f-498a58979161",c211b70d-7f1d-43df-a4f0-1e93123ede1d,,CHECK_OUT,42.8987183,23.907755,false,,true,2026-08-13 11:06:42.000,2026-08-13 08:06:56.489,2026-08-13 08:06:56.489
"3dbbf6be-136e-4d72-bd29-a881a9b684a3","5e8263c0-8db9-4084-810f-7317368bd919","33266b3b-cdf4-4609-bfe1-7308e8e8b75a",,CHECK_IN,42.8906845,23.921837,true,68.0,false,2026-08-13 11:58:41.000,2026-08-13 08:59:11.654,2026-08-13 08:59:11.654
"860fcf03-3119-48f4-9ec4-0625e902a6da","2eca8bc8-65a5-4298-870f-0615602aef91","657aca88-207c-474c-9abc-1af2429cad74",,CHECK_OUT,43.1947324,23.6080555,true,56.0,false,2026-08-13 17:00:28.000,2026-08-13 14:00:43.683,2026-08-13 14:00:43.683
"7887377d-e3fe-4680-8585-65a839eb59dd","1b3d636b-7b18-47e4-a9ea-32ce33378b37","657aca88-207c-474c-9abc-1af2429cad74",,CHECK_OUT,43.1947492,23.6081095,true,47.0,false,2026-08-13 17:00:58.000,2026-08-13 14:01:10.281,2026-08-13 14:01:10.281
"0ecb8d3a-c908-42f0-b488-1526f87bb63a","926758e5-3a61-4ad6-82b2-34c4816c75b8","657aca88-207c-474c-9abc-1af2429cad74",,CHECK_OUT,43.1948944,23.6080678,true,69.0,false,2026-08-13 17:02:13.000,2026-08-13 14:02:17.420,2026-08-13 14:02:17.420
"79103921-c2c7-4771-b33a-9e060bd66a65","77a6d5e3-909d-4b7f-a456-154344b678f4","657aca88-207c-474c-9abc-1af2429cad74",,CHECK_OUT,43.194871,23.6081406,true,79.0,false,2026-08-13 17:02:23.000,2026-08-13 14:02:47.313,2026-08-13 14:02:47.313
"9829df59-4600-45da-bed3-0c8e7812c261",d57e8f02-ab66-46e8-a97e-13d52ef44b1b,"657aca88-207c-474c-9abc-1af2429cad74",,CHECK_OUT,43.1948312,23.608081,true,47.0,false,2026-08-13 17:03:04.000,2026-08-13 14:03:17.320,2026-08-13 14:03:17.320
"89a8175a-6ef1-42ad-bd90-5099a5483a5f",f5f7d765-d2db-4a95-b655-27499c69acf2,"657aca88-207c-474c-9abc-1af2429cad74",,CHECK_OUT,43.1948317,23.6080854,true,73.0,false,2026-08-13 17:03:15.000,2026-08-13 14:03:17.323,2026-08-13 14:03:17.323
"061f0369-dc18-4ae8-89b1-ce3068d8d6ee","2501fe3b-87b2-4539-b79d-49be6e92cf4d","657aca88-207c-474c-9abc-1af2429cad74",,CHECK_OUT,43.1947378,23.6080534,true,80.0,false,2026-08-13 17:04:30.000,2026-08-13 14:04:41.292,2026-08-13 14:04:41.292
"84a8ba8e-0eac-4534-a9d8-8920bb834d16",aa93b9b6-4dc0-48dc-9614-f0b955445b40,"657aca88-207c-474c-9abc-1af2429cad74",,CHECK_OUT,43.1947383,23.6080371,true,81.0,false,2026-08-13 17:06:40.000,2026-08-13 14:07:28.976,2026-08-13 14:07:28.976
"4f092f09-b9ed-4ee6-a41e-ef0a3afac7b2",b15c0a24-f180-4043-b67a-d5e02a85c89b,"657aca88-207c-474c-9abc-1af2429cad74",,CHECK_OUT,43.1947397,23.6080505,true,71.0,false,2026-08-13 17:07:33.000,2026-08-13 14:07:41.983,2026-08-13 14:07:41.983
c7269470-c6cc-4733-afb9-e91317ac84df,"17e4eb94-d4ab-472a-ad3a-991750ee662a","657aca88-207c-474c-9abc-1af2429cad74",,CHECK_OUT,43.1947374,23.6080532,true,46.0,false,2026-08-13 17:08:02.000,2026-08-13 14:08:17.726,2026-08-13 14:08:17.726
c64e4946-7c68-47e8-a783-600d546a7a27,"3d976022-5033-4c30-883d-2bb683c9cfa1","657aca88-207c-474c-9abc-1af2429cad74",,CHECK_OUT,43.1947258,23.6080623,true,63.0,false,2026-08-13 17:08:13.000,2026-08-13 14:08:17.729,2026-08-13 14:08:17.729
"5f7a1c4e-8b86-4151-a3bc-3905487bc996",d6b6d84e-0445-43df-9f71-ca5679ce20cd,"657aca88-207c-474c-9abc-1af2429cad74",,CHECK_OUT,43.1947416,23.6080496,true,74.0,false,2026-08-13 17:09:24.000,2026-08-13 14:09:27.137,2026-08-13 14:09:27.137
"4797ca11-326b-49e9-bbc1-ca90eec6bfe5","1c9f0cce-7d52-4182-9a80-75f87a851a6b","657aca88-207c-474c-9abc-1af2429cad74",,CHECK_OUT,43.1947656,23.6080797,true,63.0,false,2026-08-13 17:09:46.000,2026-08-13 14:09:57.072,2026-08-13 14:09:57.072
"1a4f3032-4bea-47bf-8650-848827da639c",e5a36817-048f-4868-929a-d1cf32fc6258,"657aca88-207c-474c-9abc-1af2429cad74",,CHECK_OUT,43.1947399,23.6081762,true,48.0,false,2026-08-13 17:09:51.000,2026-08-13 14:09:57.075,2026-08-13 14:09:57.075
"333232e1-0a7f-484e-b79f-7bf661d7a930",af4a589c-808d-42ac-b374-59a1883692ae,"657aca88-207c-474c-9abc-1af2429cad74",,CHECK_OUT,43.1947451,23.6081856,true,70.0,false,2026-08-13 17:10:36.000,2026-08-13 14:10:45.536,2026-08-13 14:10:45.536
"03073b3c-a65f-4fc6-ae29-30a4fd3fd79a","602d9323-f5c4-4df1-b6c4-84604b161a27","657aca88-207c-474c-9abc-1af2429cad74",,CHECK_OUT,43.1947383,23.6080536,true,80.0,false,2026-08-13 17:12:26.000,2026-08-13 14:12:48.932,2026-08-13 14:12:48.932
f820cfbe-99ad-4ef4-82d5-ae5c185147c8,"2ecb59a4-bc4c-4784-8741-2f8bcf5c2a65","657aca88-207c-474c-9abc-1af2429cad74",,CHECK_OUT,43.1947389,23.6080519,true,76.0,false,2026-08-13 17:14:31.000,2026-08-13 14:14:49.975,2026-08-13 14:14:49.975
"13ff6fd2-5e08-4525-851b-35b7c0718692","5e8263c0-8db9-4084-810f-7317368bd919","657aca88-207c-474c-9abc-1af2429cad74",,CHECK_OUT,42.89476,23.9229183,false,66.0,false,2026-08-13 17:16:29.000,2026-08-13 14:16:39.282,2026-08-13 14:16:39.282
"61fce451-a7ba-4cd1-a89a-d4155e9a3e6a","12459722-0311-458f-a320-5d9e4d7cad5c","657aca88-207c-474c-9abc-1af2429cad74",,CHECK_OUT,42.89476,23.9229183,false,47.0,false,2026-08-13 17:16:38.000,2026-08-13 14:16:40.034,2026-08-13 14:16:40.034
"3ab8c42c-0af9-42c8-922a-944131c16fbb","8308ef9d-f2d5-42e7-a7e4-25733136cae0","657aca88-207c-474c-9abc-1af2429cad74",,CHECK_IN,42.89476,23.9229183,false,48.0,false,2026-08-13 17:16:49.000,2026-08-13 14:17:09.245,2026-08-13 14:17:09.245
f5aee35f-88ec-4806-a852-a4d1b72232d4,"74527f74-35db-4321-b590-e9a72dc32935","657aca88-207c-474c-9abc-1af2429cad74",,CHECK_OUT,42.89476,23.9229183,false,61.0,false,2026-08-13 17:17:30.000,2026-08-13 14:17:39.114,2026-08-13 14:17:39.114
d50d8016-9f71-4df5-b46d-2ea49569ec00,"8308ef9d-f2d5-42e7-a7e4-25733136cae0","657aca88-207c-474c-9abc-1af2429cad74",,CHECK_OUT,42.89477,23.9229133,false,55.0,false,2026-08-13 17:17:55.000,2026-08-13 14:18:09.227,2026-08-13 14:18:09.227
"6a41aee5-699e-4804-a901-960cdb94a991","8a8e1231-da2f-43ae-90a9-21035c93bbc7","657aca88-207c-474c-9abc-1af2429cad74",,CHECK_OUT,43.1947371,23.6080503,true,76.0,false,2026-08-13 17:18:15.000,2026-08-13 14:18:34.747,2026-08-13 14:18:34.747
c087e75a-84f7-4bbd-8c30-15cedc565190,"5e8263c0-8db9-4084-810f-7317368bd919","657aca88-207c-474c-9abc-1af2429cad74",,CHECK_IN,42.8963716,23.9192722,false,52.0,false,2026-08-13 17:21:19.000,2026-08-13 14:21:30.047,2026-08-13 14:21:30.047
c2746a6b-5815-4ec5-bc97-66c2a27b1b81,c5903b81-8b17-49bb-82b3-51a8a5880762,"657aca88-207c-474c-9abc-1af2429cad74",,CHECK_OUT,43.1947152,23.6080015,true,77.0,false,2026-08-13 17:18:34.000,2026-08-13 14:22:12.544,2026-08-13 14:22:12.544
"752b2860-afa7-4d5b-9b23-b92617277195",a467fc90-25a2-4048-a48d-6f5ee1ccee67,"657aca88-207c-474c-9abc-1af2429cad74",,CHECK_OUT,43.19473,23.6080271,true,60.0,false,2026-08-13 17:18:40.000,2026-08-13 14:22:12.549,2026-08-13 14:22:12.549
"7e476f7f-91d4-49ee-9cb7-3008a35b771a","240bc314-dfdc-41e1-a45f-c4c573a44788","657aca88-207c-474c-9abc-1af2429cad74",,CHECK_OUT,43.1947318,23.6080455,true,56.0,false,2026-08-13 17:18:46.000,2026-08-13 14:22:12.552,2026-08-13 14:22:12.552
efd05167-1b1c-4719-b304-cb846a790623,f71a195c-7f69-46bf-b5bd-711c2beacdc9,"657aca88-207c-474c-9abc-1af2429cad74",,CHECK_OUT,43.1947335,23.6080376,true,68.0,false,2026-08-13 17:18:55.000,2026-08-13 14:22:12.557,2026-08-13 14:22:12.557
"2779d0ac-9bb2-4c82-812c-6cd08de605a8","5e8263c0-8db9-4084-810f-7317368bd919","657aca88-207c-474c-9abc-1af2429cad74",caa49a56-ddf2-499a-b1f8-bd27e6379b49,CHECK_OUT,0.0,0.0,false,,true,2026-08-13 17:25:00.000,2026-08-13 14:25:34.117,2026-08-13 14:25:34.117
"28d87e40-a75b-4f8a-974c-b26ff2e8b334","54d75f40-4e80-447c-9ee0-c1975dfc2af5","657aca88-207c-474c-9abc-1af2429cad74",,CHECK_IN,43.194737,23.6081654,true,56.0,false,2026-08-13 17:27:43.000,2026-08-13 14:34:46.805,2026-08-13 14:34:46.805
"0cb0c8bf-6658-4d49-92e6-8102c8b8084d",dc9e1c44-0d57-43ff-9533-ced7467c7556,"657aca88-207c-474c-9abc-1af2429cad74",,CHECK_OUT,43.1947517,23.6081621,true,48.0,false,2026-08-13 17:35:38.000,2026-08-13 14:35:56.545,2026-08-13 14:35:56.545
"86e8491b-e9c5-4513-8f7d-d0b943100521",fd2b5a2d-f9dd-4293-83c7-76ea00b396ff,"657aca88-207c-474c-9abc-1af2429cad74",,CHECK_OUT,43.1947459,23.6081611,true,65.0,false,2026-08-13 17:35:44.000,2026-08-13 14:35:56.549,2026-08-13 14:35:56.549
"7969b42c-bd2f-4356-8d5f-456adec2ce87","75f4f67c-1b34-4b4e-8986-ec8b9a4b3da7","657aca88-207c-474c-9abc-1af2429cad74",,CHECK_OUT,43.1947451,23.6081613,true,64.0,false,2026-08-13 17:35:49.000,2026-08-13 14:35:56.551,2026-08-13 14:35:56.552
ec4e1d4b-ba02-42b5-9c21-32d5aed982e2,d0b6501c-1a2c-48d5-8614-41a1ca72be02,"33266b3b-cdf4-4609-bfe1-7308e8e8b75a",,CHECK_IN,43.1947429,23.6080517,false,50.0,false,2026-08-13 07:20:47.000,2026-08-13 04:21:14.410,2026-08-13 04:21:14.410
"89ee88e6-eb83-4601-ae52-d0369f61ba51",d0b6501c-1a2c-48d5-8614-41a1ca72be02,"33266b3b-cdf4-4609-bfe1-7308e8e8b75a",,CHECK_OUT,42.89476,23.9229183,true,48.0,false,2026-08-13 17:16:19.000,2026-08-13 14:16:39.274,2026-08-13 14:16:39.274
"5bdbd45d-da26-4938-9b7c-4745f0dc5842","81b36c11-0d95-4b61-8193-4e59127b7d22","33266b3b-cdf4-4609-bfe1-7308e8e8b75a",,CHECK_IN,42.89476,23.9229183,true,46.0,false,2026-08-13 17:17:07.000,2026-08-13 14:17:09.250,2026-08-13 14:17:09.250
"6b8ffb4b-de01-4238-8692-d313f3e18e74","81b36c11-0d95-4b61-8193-4e59127b7d22","33266b3b-cdf4-4609-bfe1-7308e8e8b75a",,CHECK_OUT,42.89476,23.9229183,true,52.0,false,2026-08-13 17:17:43.000,2026-08-13 14:18:09.219,2026-08-13 14:18:09.219
b2f64574-d559-4595-96a0-80b11ea22a94,"61c76398-dbf7-43bf-830f-6eac33943779","657aca88-207c-474c-9abc-1af2429cad74",,CHECK_OUT,43.194720999999994,23.608585,true,,true,2026-08-13 18:00:00.000,2026-08-14 00:01:00.070,2026-08-14 00:01:00.070
"0ca8a9ef-0ff8-4d31-886e-23641ba3e58f","8218a51e-5a6c-4bde-8519-24df8070b8a9","657aca88-207c-474c-9abc-1af2429cad74",,CHECK_OUT,43.194720999999994,23.608585,true,,true,2026-08-13 18:00:00.000,2026-08-14 00:01:00.084,2026-08-14 00:01:00.085
b5040c19-565d-424b-91d0-7223e9387ed7,"64c97323-158f-4b18-ad45-0fd3cb0cecca","657aca88-207c-474c-9abc-1af2429cad74",,CHECK_OUT,43.194720999999994,23.608585,true,,true,2026-08-13 18:00:00.000,2026-08-14 00:01:00.091,2026-08-14 00:01:00.091
cc7d45f1-1529-4123-bfa0-fea1e72d9d59,"2555d529-ff47-49b6-931f-f2dce830a6fc","657aca88-207c-474c-9abc-1af2429cad74",,CHECK_OUT,43.194720999999994,23.608585,true,,true,2026-08-13 18:00:00.000,2026-08-14 00:01:00.094,2026-08-14 00:01:00.094
"19fc49b6-83b3-4982-b466-af6e33c4b0ff","512f4471-88b5-4ff9-8b20-5996f534a6e3","657aca88-207c-474c-9abc-1af2429cad74",,CHECK_OUT,43.194720999999994,23.608585,true,,true,2026-08-13 18:00:00.000,2026-08-14 00:01:00.097,2026-08-14 00:01:00.097
"41ab0cae-e109-47d4-90a9-6059acf72454","7860e321-c5e3-4a88-ad81-8a870011ede0","657aca88-207c-474c-9abc-1af2429cad74",,CHECK_OUT,43.194721,23.608585,true,,true,2026-08-13 18:00:00.000,2026-08-14 00:01:00.099,2026-08-14 00:01:00.099
"4536ccfd-1c14-422a-a6ae-c4036e449b09","90570712-1957-4575-9ae0-16d3f2aa5ee9","657aca88-207c-474c-9abc-1af2429cad74",,CHECK_OUT,43.194721,23.608585,true,,true,2026-08-13 18:00:00.000,2026-08-14 00:01:00.101,2026-08-14 00:01:00.101
"8120032c-3725-4ed3-aea2-da337bc1cf2f","17a2c2cb-60c8-49e9-9a7d-e5b48980a7f2","657aca88-207c-474c-9abc-1af2429cad74",,CHECK_OUT,43.194721,23.608585,true,,true,2026-08-13 18:00:00.000,2026-08-14 00:01:00.103,2026-08-14 00:01:00.103
"583be15a-402b-4a73-9f8d-b7c2e625b777","628d40d0-959d-4870-8cf6-9099e8749af9","657aca88-207c-474c-9abc-1af2429cad74",,CHECK_OUT,43.194721,23.608585,true,,true,2026-08-13 18:00:00.000,2026-08-14 00:01:00.106,2026-08-14 00:01:00.106
e31cd569-1b4e-469c-bd60-d08e36d45857,"39e5754e-7c46-4954-8ee2-e32c36bf4e93","657aca88-207c-474c-9abc-1af2429cad74",,CHECK_OUT,43.194721,23.608585,true,,true,2026-08-13 18:00:00.000,2026-08-14 00:01:00.108,2026-08-14 00:01:00.108
bfd7272e-383e-499a-b030-77ef9dc6a030,f721fdd2-47ce-45a6-838e-5ac2aed4cd75,"657aca88-207c-474c-9abc-1af2429cad74",,CHECK_OUT,43.194721,23.608585,true,,true,2026-08-13 18:00:00.000,2026-08-14 00:01:00.109,2026-08-14 00:01:00.109
"7ecb85f8-c635-4d29-b2d4-c307fd26b24d","1e0cfcc4-0a5c-4457-8811-3e370c4f260f","657aca88-207c-474c-9abc-1af2429cad74",,CHECK_OUT,43.194721,23.608585,true,,true,2026-08-13 18:00:00.000,2026-08-14 00:01:00.111,2026-08-14 00:01:00.111
cdf522bc-89ef-4c99-8f8f-c748836d0171,"2cd576ec-0a8f-4f92-9d4b-436e16b4101a","657aca88-207c-474c-9abc-1af2429cad74",,CHECK_OUT,43.194721,23.608585,true,,true,2026-08-13 18:00:00.000,2026-08-14 00:01:00.114,2026-08-14 00:01:00.114
"2b5e0898-be19-4324-a01e-75d94874e3c3","5e8263c0-8db9-4084-810f-7317368bd919","33266b3b-cdf4-4609-bfe1-7308e8e8b75a",,CHECK_OUT,42.8906845,23.921837,true,,true,2026-08-13 18:00:00.000,2026-08-14 00:01:00.116,2026-08-14 00:01:00.116
"698d2028-d6b8-44d5-a4f4-2b2362d512fa","54d75f40-4e80-447c-9ee0-c1975dfc2af5","657aca88-207c-474c-9abc-1af2429cad74",,CHECK_OUT,43.194737,23.6081654,true,,true,2026-08-13 18:00:00.000,2026-08-14 00:01:00.119,2026-08-14 00:01:00.119
"938aac21-2b21-44d6-82b1-68a5ac3c7c60",f71a195c-7f69-46bf-b5bd-711c2beacdc9,"657aca88-207c-474c-9abc-1af2429cad74",,CHECK_IN,43.1947394,23.6080521,true,55.0,false,2026-08-14 06:40:20.000,2026-08-14 03:40:30.754,2026-08-14 03:40:30.754
"031aac48-fe38-443a-bbf5-84d735a2d8ff",d6b6d84e-0445-43df-9f71-ca5679ce20cd,"657aca88-207c-474c-9abc-1af2429cad74",,CHECK_IN,43.194721,23.608585,true,69.0,false,2026-08-14 06:41:36.000,2026-08-14 03:41:47.938,2026-08-14 03:41:47.938
"584f6bf5-83c6-47cd-a418-a5c2297f9487",d57e8f02-ab66-46e8-a97e-13d52ef44b1b,"657aca88-207c-474c-9abc-1af2429cad74",,CHECK_IN,43.194721,23.608585,true,62.0,false,2026-08-14 06:42:02.000,2026-08-14 03:42:18.030,2026-08-14 03:42:18.030
"53d3eedd-6c22-4163-a6c3-30add36eb6e9","1b3d636b-7b18-47e4-a9ea-32ce33378b37","657aca88-207c-474c-9abc-1af2429cad74",,CHECK_IN,43.194721,23.608585,true,69.0,false,2026-08-14 06:42:14.000,2026-08-14 03:42:18.033,2026-08-14 03:42:18.033
"12459c99-0a0e-4df9-9cff-63e4dfbf3d78","61c76398-dbf7-43bf-830f-6eac33943779","657aca88-207c-474c-9abc-1af2429cad74",,CHECK_IN,43.194721,23.608585,true,64.0,false,2026-08-14 06:42:23.000,2026-08-14 03:42:47.894,2026-08-14 03:42:47.894
"699a4858-5055-44ee-890f-568064a24a42","8218a51e-5a6c-4bde-8519-24df8070b8a9","657aca88-207c-474c-9abc-1af2429cad74",,CHECK_IN,43.194721,23.608585,true,69.0,false,2026-08-14 06:42:30.000,2026-08-14 03:42:47.897,2026-08-14 03:42:47.897
aba2d052-fd73-4762-aa8a-c70f9f1d6a78,"2eca8bc8-65a5-4298-870f-0615602aef91","657aca88-207c-474c-9abc-1af2429cad74",,CHECK_IN,43.194721,23.608585,true,59.0,false,2026-08-14 06:50:01.000,2026-08-14 03:50:18.199,2026-08-14 03:50:18.199
"7ceeda68-da7e-45ba-89d3-92dce1bbd6c1",c5903b81-8b17-49bb-82b3-51a8a5880762,"657aca88-207c-474c-9abc-1af2429cad74",,CHECK_IN,43.194721,23.608585,true,63.0,false,2026-08-14 06:51:04.000,2026-08-14 03:51:17.845,2026-08-14 03:51:17.845
"6f1d65ea-8740-42fc-ab06-ee7fe31210a3",f5f7d765-d2db-4a95-b655-27499c69acf2,"657aca88-207c-474c-9abc-1af2429cad74",,CHECK_IN,43.194720999999994,23.608585,true,66.0,false,2026-08-14 06:52:47.000,2026-08-14 03:52:47.979,2026-08-14 03:52:47.979
"89529225-c124-449a-8fcd-0707b224df8f","64c97323-158f-4b18-ad45-0fd3cb0cecca","657aca88-207c-474c-9abc-1af2429cad74",,CHECK_IN,43.194720999999994,23.608585,true,59.0,false,2026-08-14 06:55:29.000,2026-08-14 03:55:47.975,2026-08-14 03:55:47.975
"54195180-165f-44b2-ad33-8005e7983f57","7860e321-c5e3-4a88-ad81-8a870011ede0","657aca88-207c-474c-9abc-1af2429cad74",,CHECK_IN,43.194720999999994,23.608585,true,75.0,false,2026-08-14 06:58:33.000,2026-08-14 03:58:48.708,2026-08-14 03:58:48.708
ceffa011-70a1-4eef-9eef-c89600f3781a,af4a589c-808d-42ac-b374-59a1883692ae,"657aca88-207c-474c-9abc-1af2429cad74",,CHECK_IN,43.194720999999994,23.608585,true,70.0,false,2026-08-14 06:58:56.000,2026-08-14 03:59:17.953,2026-08-14 03:59:17.953
"2491cdef-b3e2-4d83-8ab5-45c949f1d09e",b15c0a24-f180-4043-b67a-d5e02a85c89b,"657aca88-207c-474c-9abc-1af2429cad74",,CHECK_IN,43.194720999999994,23.608585,true,65.0,false,2026-08-14 06:59:24.000,2026-08-14 03:59:47.887,2026-08-14 03:59:47.887
c7886660-097b-43d2-88f2-b96f8149ed45,"2555d529-ff47-49b6-931f-f2dce830a6fc","657aca88-207c-474c-9abc-1af2429cad74",,CHECK_IN,43.194720999999994,23.608585,true,57.0,false,2026-08-14 07:06:17.000,2026-08-14 04:06:18.038,2026-08-14 04:06:18.038
dc83ab1f-b98f-464b-a886-2d0506be9638,dc9e1c44-0d57-43ff-9533-ced7467c7556,"657aca88-207c-474c-9abc-1af2429cad74",,CHECK_IN,43.194720999999994,23.608585,true,52.0,false,2026-08-14 07:09:44.000,2026-08-14 04:09:48.072,2026-08-14 04:09:48.072
d65b01bd-81ab-4224-a4a7-c136958070c0,fd2b5a2d-f9dd-4293-83c7-76ea00b396ff,"657aca88-207c-474c-9abc-1af2429cad74",,CHECK_IN,43.194720999999994,23.608585,true,60.0,false,2026-08-14 07:11:05.000,2026-08-14 04:11:18.302,2026-08-14 04:11:18.302
b5326681-9b7e-466a-abeb-b81247add6bb,"75f4f67c-1b34-4b4e-8986-ec8b9a4b3da7","657aca88-207c-474c-9abc-1af2429cad74",,CHECK_IN,43.194720999999994,23.608585,true,54.0,false,2026-08-14 07:11:11.000,2026-08-14 04:11:18.305,2026-08-14 04:11:18.305
"1e7b9da9-3143-4b4d-9ad7-0cf30c563c05","17a2c2cb-60c8-49e9-9a7d-e5b48980a7f2","657aca88-207c-474c-9abc-1af2429cad74",,CHECK_IN,43.194720999999994,23.608585,true,56.0,false,2026-08-14 07:12:51.000,2026-08-14 04:13:17.952,2026-08-14 04:13:17.952
b77da4c0-3e07-46d3-a7b7-1edd47d51e2b,f721fdd2-47ce-45a6-838e-5ac2aed4cd75,"657aca88-207c-474c-9abc-1af2429cad74",,CHECK_IN,43.194720999999994,23.608585,true,73.0,false,2026-08-14 07:19:33.000,2026-08-14 04:19:48.033,2026-08-14 04:19:48.033
d4d7b62d-5dc2-4de7-8d2d-e0875bf0839f,"8308ef9d-f2d5-42e7-a7e4-25733136cae0","657aca88-207c-474c-9abc-1af2429cad74",,CHECK_IN,43.194720999999994,23.608585,true,53.0,false,2026-08-14 07:20:27.000,2026-08-14 04:20:47.850,2026-08-14 04:20:47.850
"3466c397-20b3-4e70-88fa-355156dd042b","5e8263c0-8db9-4084-810f-7317368bd919","657aca88-207c-474c-9abc-1af2429cad74",,CHECK_IN,43.194720999999994,23.608585,true,66.0,false,2026-08-14 07:20:54.000,2026-08-14 04:21:17.909,2026-08-14 04:21:17.909
e42b6dda-f9fb-48ef-b4ed-8b2048ef94b4,"12459722-0311-458f-a320-5d9e4d7cad5c","657aca88-207c-474c-9abc-1af2429cad74",,CHECK_IN,43.194720999999994,23.608585,true,78.0,false,2026-08-14 07:21:01.000,2026-08-14 04:21:17.911,2026-08-14 04:21:17.911
"60e3691e-be52-463e-8724-6a8b019be5d8","74527f74-35db-4321-b590-e9a72dc32935","657aca88-207c-474c-9abc-1af2429cad74",,CHECK_IN,43.194720999999994,23.608585,true,65.0,false,2026-08-14 07:21:08.000,2026-08-14 04:21:17.912,2026-08-14 04:21:17.912
d3a2fcf6-1c11-4370-a481-c92228f275c8,"81b36c11-0d95-4b61-8193-4e59127b7d22","657aca88-207c-474c-9abc-1af2429cad74",,CHECK_IN,43.194720999999994,23.608585,true,62.0,false,2026-08-14 07:21:12.000,2026-08-14 04:21:17.914,2026-08-14 04:21:17.914
"6f174326-b80a-4dc6-a3d4-a4614bf1c492",a467fc90-25a2-4048-a48d-6f5ee1ccee67,"657aca88-207c-474c-9abc-1af2429cad74",,CHECK_IN,43.194720999999994,23.608585,true,64.0,false,2026-08-14 07:21:17.000,2026-08-14 04:21:17.916,2026-08-14 04:21:17.916
d7ddac3f-146b-4ad9-af76-5898260e5094,"8a8e1231-da2f-43ae-90a9-21035c93bbc7","657aca88-207c-474c-9abc-1af2429cad74",,CHECK_IN,43.194720999999994,23.608585,true,72.0,false,2026-08-14 07:22:00.000,2026-08-14 04:22:17.853,2026-08-14 04:22:17.853
"253863bc-9d79-4549-8658-e76cdfb349d0","1e0cfcc4-0a5c-4457-8811-3e370c4f260f","657aca88-207c-474c-9abc-1af2429cad74",,CHECK_IN,43.194720999999994,23.608585,true,65.0,false,2026-08-14 07:22:29.000,2026-08-14 04:22:47.871,2026-08-14 04:22:47.871
"9918b55b-a12b-4930-883d-773537db42b8","2ecb59a4-bc4c-4784-8741-2f8bcf5c2a65","657aca88-207c-474c-9abc-1af2429cad74",,CHECK_IN,43.194720999999994,23.608585,true,62.0,false,2026-08-14 07:22:47.000,2026-08-14 04:22:47.872,2026-08-14 04:22:47.872
"149ae45a-2b27-4125-b7d9-ac6d8cef3ff9","240bc314-dfdc-41e1-a45f-c4c573a44788","657aca88-207c-474c-9abc-1af2429cad74",,CHECK_IN,43.194720999999994,23.608585,true,59.0,false,2026-08-14 07:21:29.000,2026-08-14 04:21:47.869,2026-08-14 04:21:47.869
c04f40c7-eaef-4062-a635-5f4ca8faeab4,"926758e5-3a61-4ad6-82b2-34c4816c75b8","657aca88-207c-474c-9abc-1af2429cad74",,CHECK_IN,43.194720999999994,23.608585,true,50.0,false,2026-08-14 07:23:13.000,2026-08-14 04:23:17.855,2026-08-14 04:23:17.855
e03e5a12-8890-477b-a2f7-502c3b7edba2,e5a36817-048f-4868-929a-d1cf32fc6258,"657aca88-207c-474c-9abc-1af2429cad74",,CHECK_IN,43.194720999999994,23.608585,true,62.0,false,2026-08-14 07:29:15.000,2026-08-14 04:29:38.239,2026-08-14 04:29:38.239
bba5286f-9774-4257-a311-74f2b64d0760,"628d40d0-959d-4870-8cf6-9099e8749af9","657aca88-207c-474c-9abc-1af2429cad74",,CHECK_IN,43.194720999999994,23.608585,true,66.0,false,2026-08-14 07:29:42.000,2026-08-14 04:30:08.009,2026-08-14 04:30:08.009
"03e83b14-5537-4700-8b93-8b0e607936bc",edb99d63-344d-4fb1-bc43-8282f0f35e0c,"657aca88-207c-474c-9abc-1af2429cad74",,CHECK_IN,43.194720999999994,23.608585,true,52.0,false,2026-08-14 07:24:41.000,2026-08-14 04:24:48.110,2026-08-14 04:24:48.110
f36e603f-8fd8-41d1-9cd9-ce9c6d62b192,"38537a2e-18c8-4143-8dff-84861ef3de06","657aca88-207c-474c-9abc-1af2429cad74",,CHECK_IN,43.194721,23.608585,true,84.0,false,2026-08-14 07:26:22.000,2026-08-14 04:26:38.024,2026-08-14 04:26:38.024
d7380ba3-2fbd-44c2-b1d6-60b73feb218b,aa93b9b6-4dc0-48dc-9614-f0b955445b40,"657aca88-207c-474c-9abc-1af2429cad74",,CHECK_IN,43.194720999999994,23.608585,true,66.0,false,2026-08-14 07:26:32.000,2026-08-14 04:26:38.027,2026-08-14 04:26:38.027
"35ee3d47-be2b-4931-965f-2f0a555cae11","1c9f0cce-7d52-4182-9a80-75f87a851a6b","657aca88-207c-474c-9abc-1af2429cad74",,CHECK_IN,43.194720999999994,23.608585,true,46.0,false,2026-08-14 07:30:34.000,2026-08-14 04:30:38.162,2026-08-14 04:30:38.162
"2df1a1c5-a92c-4f8a-b298-60c5fc3d09ea","3d976022-5033-4c30-883d-2bb683c9cfa1","657aca88-207c-474c-9abc-1af2429cad74",,CHECK_IN,43.194720999999994,23.608585,true,56.0,false,2026-08-14 07:32:49.000,2026-08-14 04:33:08.159,2026-08-14 04:33:08.159
"5f21dbbb-792f-4c13-a72f-708a43a7f7d1","562cde06-dc4e-4e5d-bcdd-8178aa60c296","657aca88-207c-474c-9abc-1af2429cad74",,CHECK_IN,43.194721,23.608585,true,74.0,false,2026-08-14 07:33:57.000,2026-08-14 04:34:14.714,2026-08-14 04:34:14.714
f7d7e8a4-b311-4b80-bb2c-24cf1c647666,"77a6d5e3-909d-4b7f-a456-154344b678f4","657aca88-207c-474c-9abc-1af2429cad74",,CHECK_IN,43.194721,23.608585,true,64.0,false,2026-08-14 07:34:04.000,2026-08-14 04:34:14.716,2026-08-14 04:34:14.716
"342e0a30-0a9a-4157-875d-9c65c787e640","602d9323-f5c4-4df1-b6c4-84604b161a27","657aca88-207c-474c-9abc-1af2429cad74",,CHECK_IN,43.194720999999994,23.608585,true,68.0,false,2026-08-14 07:37:04.000,2026-08-14 04:37:14.796,2026-08-14 04:37:14.796
"527d3cca-692c-41a0-91f4-e3c3c28d929e","2501fe3b-87b2-4539-b79d-49be6e92cf4d","657aca88-207c-474c-9abc-1af2429cad74",,CHECK_IN,43.194720999999994,23.608585,true,61.0,false,2026-08-14 07:52:26.000,2026-08-14 04:52:44.971,2026-08-14 04:52:44.971
"7593196d-1c07-4b14-9777-6f054a8facf0","17e4eb94-d4ab-472a-ad3a-991750ee662a","657aca88-207c-474c-9abc-1af2429cad74",,CHECK_IN,43.1947383,23.6080528,true,73.0,false,2026-08-14 10:12:49.000,2026-08-14 14:00:03.631,2026-08-14 14:00:03.631
"2d5b6150-ffa6-4e1e-86d2-0bf6c1e1feea","926758e5-3a61-4ad6-82b2-34c4816c75b8","657aca88-207c-474c-9abc-1af2429cad74",,CHECK_OUT,43.1947419,23.6080555,true,64.0,false,2026-08-14 17:00:16.000,2026-08-14 14:00:33.767,2026-08-14 14:00:33.767
e777f835-a75f-4b6c-8237-3aa944723dbb,"2ecb59a4-bc4c-4784-8741-2f8bcf5c2a65","657aca88-207c-474c-9abc-1af2429cad74",,CHECK_OUT,43.194721,23.608585,true,55.0,false,2026-08-14 17:01:30.000,2026-08-14 14:01:49.700,2026-08-14 14:01:49.700
e08328ed-45c6-4cf5-bebf-db1b05fea602,"1b3d636b-7b18-47e4-a9ea-32ce33378b37","657aca88-207c-474c-9abc-1af2429cad74",,CHECK_OUT,43.194721,23.608585,true,57.0,false,2026-08-14 17:01:38.000,2026-08-14 14:01:49.703,2026-08-14 14:01:49.703
f706ff0d-bf14-4409-9a68-8c56264b71c8,"3d976022-5033-4c30-883d-2bb683c9cfa1","657aca88-207c-474c-9abc-1af2429cad74",,CHECK_OUT,43.194721,23.608585,true,65.0,false,2026-08-14 17:01:48.000,2026-08-14 14:01:49.705,2026-08-14 14:01:49.705
e4c8ffe0-843c-43f7-bd23-3332c2f4bfbc,"2501fe3b-87b2-4539-b79d-49be6e92cf4d","657aca88-207c-474c-9abc-1af2429cad74",,CHECK_OUT,43.194721,23.608585,true,51.0,false,2026-08-14 17:01:56.000,2026-08-14 14:02:03.730,2026-08-14 14:02:03.730
"7ce5ff1a-3cd0-411a-9d3f-4a0b3232a3b5","17e4eb94-d4ab-472a-ad3a-991750ee662a","657aca88-207c-474c-9abc-1af2429cad74",,CHECK_OUT,43.194721,23.608585,true,70.0,false,2026-08-14 17:02:48.000,2026-08-14 14:03:16.792,2026-08-14 14:03:16.792
e7500804-b7c4-4eb2-9162-84bf85e6986a,"77a6d5e3-909d-4b7f-a456-154344b678f4","657aca88-207c-474c-9abc-1af2429cad74",,CHECK_OUT,43.194721,23.608585,true,78.0,false,2026-08-14 17:03:19.000,2026-08-14 14:03:46.640,2026-08-14 14:03:46.640
"354c2835-bc6e-4a5f-b009-eea5effed28f",aa93b9b6-4dc0-48dc-9614-f0b955445b40,"657aca88-207c-474c-9abc-1af2429cad74",,CHECK_OUT,43.194721,23.608585,true,56.0,false,2026-08-14 17:04:02.000,2026-08-14 14:04:16.683,2026-08-14 14:04:16.683
"51680b5c-1d38-445e-a417-4968bea204d6",d6b6d84e-0445-43df-9f71-ca5679ce20cd,"657aca88-207c-474c-9abc-1af2429cad74",,CHECK_OUT,43.194721,23.608585,true,55.0,false,2026-08-14 17:04:20.000,2026-08-14 14:04:46.678,2026-08-14 14:04:46.678
f358bc26-24cf-4a73-8f18-0e7eee318cf2,d57e8f02-ab66-46e8-a97e-13d52ef44b1b,"657aca88-207c-474c-9abc-1af2429cad74",,CHECK_OUT,43.194721,23.608585,true,56.0,false,2026-08-14 17:04:31.000,2026-08-14 14:04:46.680,2026-08-14 14:04:46.680
"74f2d273-21fb-46c6-87f4-f18212d2962f",b15c0a24-f180-4043-b67a-d5e02a85c89b,"657aca88-207c-474c-9abc-1af2429cad74",,CHECK_OUT,43.194721,23.608585,true,62.0,false,2026-08-14 17:06:42.000,2026-08-14 14:06:54.933,2026-08-14 14:06:54.933
b1f57aff-de31-489b-8476-69eb4301b957,af4a589c-808d-42ac-b374-59a1883692ae,"657aca88-207c-474c-9abc-1af2429cad74",,CHECK_OUT,43.194721,23.608585,true,59.0,false,2026-08-14 17:08:01.000,2026-08-14 14:08:25.338,2026-08-14 14:08:25.338
"62859d6a-ea40-4d0d-b6a6-0b35842512cf","602d9323-f5c4-4df1-b6c4-84604b161a27","657aca88-207c-474c-9abc-1af2429cad74",,CHECK_OUT,43.194721,23.608585,true,60.0,false,2026-08-14 17:08:11.000,2026-08-14 14:08:25.341,2026-08-14 14:08:25.341
"8710dc95-0cfc-4d27-a646-a2d5794ac270","0484267e-2bfb-439a-a69b-d594a1f0970d","657aca88-207c-474c-9abc-1af2429cad74",,CHECK_IN,43.194721,23.608585,true,63.0,false,2026-08-14 17:09:43.000,2026-08-14 14:09:55.084,2026-08-14 14:09:55.084
"21d74950-5838-4c7a-9a0f-df9755a976e8",f71a195c-7f69-46bf-b5bd-711c2beacdc9,"657aca88-207c-474c-9abc-1af2429cad74",,CHECK_OUT,43.194721,23.608585,true,59.0,false,2026-08-14 17:10:34.000,2026-08-14 14:10:54.970,2026-08-14 14:10:54.970
d3646d16-a9f2-4a04-b344-4cf794a96068,"8a8e1231-da2f-43ae-90a9-21035c93bbc7","657aca88-207c-474c-9abc-1af2429cad74",,CHECK_OUT,43.194721,23.608585,true,71.0,false,2026-08-14 17:14:07.000,2026-08-14 14:14:25.049,2026-08-14 14:14:25.049
ca6e2d7e-13e5-4e35-980c-f2e5ba32bfbb,a467fc90-25a2-4048-a48d-6f5ee1ccee67,"657aca88-207c-474c-9abc-1af2429cad74",,CHECK_OUT,43.194721,23.608585,true,75.0,false,2026-08-14 17:15:06.000,2026-08-14 14:15:25.067,2026-08-14 14:15:25.068
fbb0a17b-19ef-404a-9a3f-cdbd187d9f9d,"240bc314-dfdc-41e1-a45f-c4c573a44788","657aca88-207c-474c-9abc-1af2429cad74",,CHECK_OUT,43.194721,23.608585,true,54.0,false,2026-08-14 17:15:11.000,2026-08-14 14:15:25.070,2026-08-14 14:15:25.070
"872fdc20-9197-4511-aa75-24609b695659","75f4f67c-1b34-4b4e-8986-ec8b9a4b3da7","657aca88-207c-474c-9abc-1af2429cad74",,CHECK_OUT,43.194721,23.608585,true,55.0,false,2026-08-14 17:19:29.000,2026-08-14 14:19:55.124,2026-08-14 14:19:55.124
"043eb8b3-f3df-48d1-85f7-9cdc8074d862",fd2b5a2d-f9dd-4293-83c7-76ea00b396ff,"657aca88-207c-474c-9abc-1af2429cad74",,CHECK_OUT,43.194721,23.608585,true,48.0,false,2026-08-14 17:19:53.000,2026-08-14 14:19:55.126,2026-08-14 14:19:55.126
c7feba5e-7bb3-4e2a-956a-3b45ac454158,"1c9f0cce-7d52-4182-9a80-75f87a851a6b","657aca88-207c-474c-9abc-1af2429cad74",,CHECK_OUT,43.194721,23.608585,true,54.0,false,2026-08-14 17:20:01.000,2026-08-14 14:20:25.858,2026-08-14 14:20:25.858
b75c84b9-6251-41f9-bcfd-a90c37c759cd,dc9e1c44-0d57-43ff-9533-ced7467c7556,"657aca88-207c-474c-9abc-1af2429cad74",,CHECK_OUT,43.194721,23.608585,true,49.0,false,2026-08-14 17:20:10.000,2026-08-14 14:20:25.860,2026-08-14 14:20:25.860
"7f9adfda-0a9b-4a92-8b20-87e929f00527",c5903b81-8b17-49bb-82b3-51a8a5880762,"657aca88-207c-474c-9abc-1af2429cad74",,CHECK_OUT,43.1947331,23.6080561,true,78.0,false,2026-08-14 17:24:01.000,2026-08-14 14:24:20.793,2026-08-14 14:24:20.793
c935def5-1134-4d69-8737-77b331fe0dfa,"61c76398-dbf7-43bf-830f-6eac33943779","657aca88-207c-474c-9abc-1af2429cad74",,CHECK_OUT,43.194721,23.608585,true,,true,2026-08-14 18:00:00.000,2026-08-15 00:01:00.040,2026-08-15 00:01:00.040
"371c050b-3922-4dfc-b37f-6b7abf790420","8218a51e-5a6c-4bde-8519-24df8070b8a9","657aca88-207c-474c-9abc-1af2429cad74",,CHECK_OUT,43.194721,23.608585,true,,true,2026-08-14 18:00:00.000,2026-08-15 00:01:00.048,2026-08-15 00:01:00.048
ba293b50-8b4b-45c9-9fc6-3d7543f8303c,"2eca8bc8-65a5-4298-870f-0615602aef91","657aca88-207c-474c-9abc-1af2429cad74",,CHECK_OUT,43.194721,23.608585,true,,true,2026-08-14 18:00:00.000,2026-08-15 00:01:00.050,2026-08-15 00:01:00.050
"5ff9b7c7-5992-4549-8c9b-51b07cc621aa",f5f7d765-d2db-4a95-b655-27499c69acf2,"657aca88-207c-474c-9abc-1af2429cad74",,CHECK_OUT,43.194720999999994,23.608585,true,,true,2026-08-14 18:00:00.000,2026-08-15 00:01:00.053,2026-08-15 00:01:00.053
"17988aa8-1bda-4d62-a747-c805aafe0b1a","64c97323-158f-4b18-ad45-0fd3cb0cecca","657aca88-207c-474c-9abc-1af2429cad74",,CHECK_OUT,43.194720999999994,23.608585,true,,true,2026-08-14 18:00:00.000,2026-08-15 00:01:00.055,2026-08-15 00:01:00.055
"41c4c3d2-0f5b-406b-b6b3-2a5e8333ef3e","7860e321-c5e3-4a88-ad81-8a870011ede0","657aca88-207c-474c-9abc-1af2429cad74",,CHECK_OUT,43.194720999999994,23.608585,true,,true,2026-08-14 18:00:00.000,2026-08-15 00:01:00.058,2026-08-15 00:01:00.058
"0e7dc934-ff77-4a75-99d9-4baa79023515","2555d529-ff47-49b6-931f-f2dce830a6fc","657aca88-207c-474c-9abc-1af2429cad74",,CHECK_OUT,43.194720999999994,23.608585,true,,true,2026-08-14 18:00:00.000,2026-08-15 00:01:00.062,2026-08-15 00:01:00.062
"42fa5195-5a89-4968-bd7c-59a4a38074db","17a2c2cb-60c8-49e9-9a7d-e5b48980a7f2","657aca88-207c-474c-9abc-1af2429cad74",,CHECK_OUT,43.194720999999994,23.608585,true,,true,2026-08-14 18:00:00.000,2026-08-15 00:01:00.065,2026-08-15 00:01:00.065
"6d06d05f-5e71-4e61-a237-fd6f8d503762",f721fdd2-47ce-45a6-838e-5ac2aed4cd75,"657aca88-207c-474c-9abc-1af2429cad74",,CHECK_OUT,43.194720999999994,23.608585,true,,true,2026-08-14 18:00:00.000,2026-08-15 00:01:00.068,2026-08-15 00:01:00.068
"602d394e-3cc5-4c5e-9be4-ecb376a1a518","8308ef9d-f2d5-42e7-a7e4-25733136cae0","657aca88-207c-474c-9abc-1af2429cad74",,CHECK_OUT,43.194720999999994,23.608585,true,,true,2026-08-14 18:00:00.000,2026-08-15 00:01:00.071,2026-08-15 00:01:00.071
"75db53b5-611f-4913-a743-127288797c87","5e8263c0-8db9-4084-810f-7317368bd919","657aca88-207c-474c-9abc-1af2429cad74",,CHECK_OUT,43.194720999999994,23.608585,true,,true,2026-08-14 18:00:00.000,2026-08-15 00:01:00.073,2026-08-15 00:01:00.073
a1d87c8a-df29-4c8d-94b1-4986bbe7dd00,"12459722-0311-458f-a320-5d9e4d7cad5c","657aca88-207c-474c-9abc-1af2429cad74",,CHECK_OUT,43.194720999999994,23.608585,true,,true,2026-08-14 18:00:00.000,2026-08-15 00:01:00.075,2026-08-15 00:01:00.075
"9a87c558-7964-4c39-966b-f3e2a04b36e7","74527f74-35db-4321-b590-e9a72dc32935","657aca88-207c-474c-9abc-1af2429cad74",,CHECK_OUT,43.194720999999994,23.608585,true,,true,2026-08-14 18:00:00.000,2026-08-15 00:01:00.077,2026-08-15 00:01:00.077
efed4a15-1c49-46dd-bf0c-f287200ef5e8,"81b36c11-0d95-4b61-8193-4e59127b7d22","657aca88-207c-474c-9abc-1af2429cad74",,CHECK_OUT,43.194720999999994,23.608585,true,,true,2026-08-14 18:00:00.000,2026-08-15 00:01:00.079,2026-08-15 00:01:00.079
"48efb692-4507-41c8-b1f2-6bad8b93284a","1e0cfcc4-0a5c-4457-8811-3e370c4f260f","657aca88-207c-474c-9abc-1af2429cad74",,CHECK_OUT,43.194720999999994,23.608585,true,,true,2026-08-14 18:00:00.000,2026-08-15 00:01:00.081,2026-08-15 00:01:00.081
be01aff5-100d-436c-88f2-2da512f67514,e5a36817-048f-4868-929a-d1cf32fc6258,"657aca88-207c-474c-9abc-1af2429cad74",,CHECK_OUT,43.194720999999994,23.608585,true,,true,2026-08-14 18:00:00.000,2026-08-15 00:01:00.083,2026-08-15 00:01:00.083
"54147def-1256-412b-86a9-234974973b0c","628d40d0-959d-4870-8cf6-9099e8749af9","657aca88-207c-474c-9abc-1af2429cad74",,CHECK_OUT,43.194720999999994,23.608585,true,,true,2026-08-14 18:00:00.000,2026-08-15 00:01:00.086,2026-08-15 00:01:00.086
"04b74aaf-77e4-45d9-bae3-a1a9a474310e",edb99d63-344d-4fb1-bc43-8282f0f35e0c,"657aca88-207c-474c-9abc-1af2429cad74",,CHECK_OUT,43.194720999999994,23.608585,true,,true,2026-08-14 18:00:00.000,2026-08-15 00:01:00.089,2026-08-15 00:01:00.089
a5249e45-4f4d-4e58-9bd3-9a893eea34ec,"38537a2e-18c8-4143-8dff-84861ef3de06","657aca88-207c-474c-9abc-1af2429cad74",,CHECK_OUT,43.194721,23.608585,true,,true,2026-08-14 18:00:00.000,2026-08-15 00:01:00.091,2026-08-15 00:01:00.091
eedb2652-a134-4a38-9a23-f71d4ebda8a3,"562cde06-dc4e-4e5d-bcdd-8178aa60c296","657aca88-207c-474c-9abc-1af2429cad74",,CHECK_OUT,43.194721,23.608585,true,,true,2026-08-14 18:00:00.000,2026-08-15 00:01:00.094,2026-08-15 00:01:00.094
"9415afb4-3da4-4a71-8132-8e806140d3f3","0484267e-2bfb-439a-a69b-d594a1f0970d","657aca88-207c-474c-9abc-1af2429cad74",,CHECK_OUT,43.194721,23.608585,true,,true,2026-08-14 18:00:00.000,2026-08-15 00:01:00.100,2026-08-15 00:01:00.100
"85d589a2-551b-4b8c-bffc-509238852b3f",d57e8f02-ab66-46e8-a97e-13d52ef44b1b,"657aca88-207c-474c-9abc-1af2429cad74",,CHECK_IN,43.1947309,23.6081254,true,45.0,false,2026-08-17 06:44:53.000,2026-08-17 03:44:53.489,2026-08-17 03:44:53.489
"810daf19-1e24-4374-b30c-3ac940514064","8218a51e-5a6c-4bde-8519-24df8070b8a9","657aca88-207c-474c-9abc-1af2429cad74",,CHECK_IN,43.194721,23.608585,true,67.0,false,2026-08-17 06:45:17.000,2026-08-17 03:45:17.904,2026-08-17 03:45:17.904
f026261e-6096-4281-a63c-a7fa80a6a0e0,"2555d529-ff47-49b6-931f-f2dce830a6fc","657aca88-207c-474c-9abc-1af2429cad74",,CHECK_IN,43.194721,23.608585,true,57.0,false,2026-08-17 06:45:59.000,2026-08-17 03:46:17.915,2026-08-17 03:46:17.915
"42ea28de-aee0-49d1-abf2-49cee544d93b","17e4eb94-d4ab-472a-ad3a-991750ee662a","657aca88-207c-474c-9abc-1af2429cad74",caa49a56-ddf2-499a-b1f8-bd27e6379b49,CHECK_IN,0.0,0.0,false,,true,2026-08-17 06:46:00.000,2026-08-17 03:46:31.303,2026-08-17 03:46:31.303
b51f9050-8280-4a27-8796-49b2c5cb8ac5,"602d9323-f5c4-4df1-b6c4-84604b161a27","657aca88-207c-474c-9abc-1af2429cad74",caa49a56-ddf2-499a-b1f8-bd27e6379b49,CHECK_IN,0.0,0.0,false,,true,2026-08-17 06:46:00.000,2026-08-17 03:46:39.677,2026-08-17 03:46:39.678
f57eec6b-e78c-452d-a709-48cb510721bf,d6b6d84e-0445-43df-9f71-ca5679ce20cd,"657aca88-207c-474c-9abc-1af2429cad74",,CHECK_IN,43.194721,23.608585,true,68.0,false,2026-08-17 06:48:45.000,2026-08-17 03:48:48.040,2026-08-17 03:48:48.040
e3464af9-15d1-465c-9022-b90ab29b92b5,"1b3d636b-7b18-47e4-a9ea-32ce33378b37","657aca88-207c-474c-9abc-1af2429cad74",,CHECK_IN,43.194721,23.608585,true,53.0,false,2026-08-17 06:50:34.000,2026-08-17 03:50:48.145,2026-08-17 03:50:48.145
de42e554-d013-407f-a980-6735e2d3b25f,edb99d63-344d-4fb1-bc43-8282f0f35e0c,"657aca88-207c-474c-9abc-1af2429cad74",,CHECK_IN,43.194721,23.608585,true,46.0,false,2026-08-17 06:50:59.000,2026-08-17 03:51:17.911,2026-08-17 03:51:17.911
"1e02fbfb-6a81-439c-aaf3-a15e391bb716","61c76398-dbf7-43bf-830f-6eac33943779","657aca88-207c-474c-9abc-1af2429cad74",,CHECK_IN,43.194721,23.608585,true,61.0,false,2026-08-17 06:51:33.000,2026-08-17 03:51:47.912,2026-08-17 03:51:47.912
"2ab3de01-82fc-4d6a-87f2-3f517b2daa95","64c97323-158f-4b18-ad45-0fd3cb0cecca","657aca88-207c-474c-9abc-1af2429cad74",,CHECK_IN,43.194721,23.608585,true,66.0,false,2026-08-17 06:52:00.000,2026-08-17 03:52:17.908,2026-08-17 03:52:17.908
"2554384b-937a-4f3a-bc0f-56f2f69ea7fd",c5903b81-8b17-49bb-82b3-51a8a5880762,"657aca88-207c-474c-9abc-1af2429cad74",,CHECK_IN,43.194721,23.608585,true,49.0,false,2026-08-17 06:52:34.000,2026-08-17 03:52:47.902,2026-08-17 03:52:47.902
afaad6e5-5467-40b9-803f-87da4c680085,d0b6501c-1a2c-48d5-8614-41a1ca72be02,"657aca88-207c-474c-9abc-1af2429cad74",,CHECK_IN,43.194721,23.608585,true,46.0,false,2026-08-17 06:53:08.000,2026-08-17 03:53:17.900,2026-08-17 03:53:17.900
"7ac2125f-3cb3-4413-b647-decf62304b25",f5f7d765-d2db-4a95-b655-27499c69acf2,"657aca88-207c-474c-9abc-1af2429cad74",,CHECK_IN,43.194721,23.608585,true,55.0,false,2026-08-17 06:53:44.000,2026-08-17 03:53:47.905,2026-08-17 03:53:47.905
d6fa2781-fd77-499e-bd6b-7cba8bed07d6,"39e5754e-7c46-4954-8ee2-e32c36bf4e93","657aca88-207c-474c-9abc-1af2429cad74",,CHECK_IN,43.194721,23.608585,true,67.0,false,2026-08-17 06:54:12.000,2026-08-17 03:54:18.035,2026-08-17 03:54:18.035
"6f8bcabb-1cb9-45d4-ad2a-6773f71171c9","512f4471-88b5-4ff9-8b20-5996f534a6e3","657aca88-207c-474c-9abc-1af2429cad74",,CHECK_IN,43.194721,23.608585,true,47.0,false,2026-08-17 06:56:06.000,2026-08-17 03:56:18.126,2026-08-17 03:56:18.126
"68446b74-fb78-4b8b-8d45-e130d333406c","12459722-0311-458f-a320-5d9e4d7cad5c","657aca88-207c-474c-9abc-1af2429cad74",,CHECK_IN,43.194721,23.608585,true,71.0,false,2026-08-17 06:56:14.000,2026-08-17 03:56:18.129,2026-08-17 03:56:18.129
cdeaa8ee-d3fd-45f8-bf52-17b01f480457,dc9e1c44-0d57-43ff-9533-ced7467c7556,"657aca88-207c-474c-9abc-1af2429cad74",,CHECK_IN,43.194721,23.608585,true,51.0,false,2026-08-17 06:56:20.000,2026-08-17 03:56:47.916,2026-08-17 03:56:47.916
"972d5cb6-4cb5-4d83-83ac-d742bf9e9bd4",fd2b5a2d-f9dd-4293-83c7-76ea00b396ff,"657aca88-207c-474c-9abc-1af2429cad74",,CHECK_IN,43.194721,23.608585,true,60.0,false,2026-08-17 06:56:27.000,2026-08-17 03:56:47.918,2026-08-17 03:56:47.918
ccc0eacb-3027-4946-9393-05cf0c5ff32c,fd2b5a2d-f9dd-4293-83c7-76ea00b396ff,"657aca88-207c-474c-9abc-1af2429cad74",,CHECK_OUT,43.194721,23.608585,true,59.0,false,2026-08-17 06:56:27.000,2026-08-17 03:56:47.920,2026-08-17 03:56:47.920
cc070dc2-1b29-4447-974f-9280e5a0fe85,fd2b5a2d-f9dd-4293-83c7-76ea00b396ff,"657aca88-207c-474c-9abc-1af2429cad74",,CHECK_IN,43.194721,23.608585,true,59.0,false,2026-08-17 06:56:28.000,2026-08-17 03:56:47.921,2026-08-17 03:56:47.921
df150afc-6d8c-4fc2-9df5-7fa585ec912b,"75f4f67c-1b34-4b4e-8986-ec8b9a4b3da7","657aca88-207c-474c-9abc-1af2429cad74",,CHECK_IN,43.194721,23.608585,true,56.0,false,2026-08-17 06:56:43.000,2026-08-17 03:56:47.923,2026-08-17 03:56:47.923
"8ea3c2f8-471b-433c-93db-44cbeb3befbd","74527f74-35db-4321-b590-e9a72dc32935","657aca88-207c-474c-9abc-1af2429cad74",,CHECK_IN,43.194721,23.608585,true,52.0,false,2026-08-17 06:56:53.000,2026-08-17 03:57:17.913,2026-08-17 03:57:17.913
aafa1f09-e3e2-4677-9052-9aa8f32fdac6,"8308ef9d-f2d5-42e7-a7e4-25733136cae0","657aca88-207c-474c-9abc-1af2429cad74",,CHECK_IN,43.194721,23.608585,true,49.0,false,2026-08-17 06:57:17.000,2026-08-17 03:57:47.923,2026-08-17 03:57:47.923
"8d090ad9-c2cb-407f-97d3-2a9f544d5968","81b36c11-0d95-4b61-8193-4e59127b7d22","657aca88-207c-474c-9abc-1af2429cad74",,CHECK_IN,43.194721,23.608585,true,64.0,false,2026-08-17 06:57:25.000,2026-08-17 03:57:47.928,2026-08-17 03:57:47.928
"6dbd6a44-13f2-4c13-b075-fc6d7d39d173","5e8263c0-8db9-4084-810f-7317368bd919","657aca88-207c-474c-9abc-1af2429cad74",,CHECK_IN,43.194721,23.608585,true,51.0,false,2026-08-17 06:58:54.000,2026-08-17 03:59:18.113,2026-08-17 03:59:18.113
"16bfd062-dd92-4611-8683-bdd1c210b5ac","7860e321-c5e3-4a88-ad81-8a870011ede0","657aca88-207c-474c-9abc-1af2429cad74",,CHECK_IN,43.194721,23.608585,true,75.0,false,2026-08-17 07:02:46.000,2026-08-17 04:02:48.040,2026-08-17 04:02:48.040
d4f7ca57-1282-406a-b386-2d0acd88c423,cf88db0c-4e6b-4fb1-ba0b-4fb634733eb5,"657aca88-207c-474c-9abc-1af2429cad74",,CHECK_IN,43.1946688,23.6082866,true,61.0,false,2026-08-17 07:02:08.000,2026-08-17 04:04:37.809,2026-08-17 04:04:37.809
"49694a75-a377-4d65-a2da-37593bd07ad2","2112a5d6-1663-442a-a32b-1ef34b46c97c","657aca88-207c-474c-9abc-1af2429cad74",,CHECK_IN,43.194721,23.608585,true,51.0,false,2026-08-17 07:05:29.000,2026-08-17 04:05:48.035,2026-08-17 04:05:48.035
"15491e55-99f2-4514-83c4-cca9307167d3","17a2c2cb-60c8-49e9-9a7d-e5b48980a7f2","657aca88-207c-474c-9abc-1af2429cad74",,CHECK_IN,43.194721,23.608585,true,58.0,false,2026-08-17 07:06:42.000,2026-08-17 04:06:47.927,2026-08-17 04:06:47.927
a6591edc-e5ea-49d9-8038-dc48eba68ac9,f721fdd2-47ce-45a6-838e-5ac2aed4cd75,"657aca88-207c-474c-9abc-1af2429cad74",,CHECK_IN,43.194721,23.608585,true,60.0,false,2026-08-17 07:10:21.000,2026-08-17 04:10:48.043,2026-08-17 04:10:48.043
fc82cc86-b932-41a0-a42b-ed33ad50f749,"2cd576ec-0a8f-4f92-9d4b-436e16b4101a","657aca88-207c-474c-9abc-1af2429cad74",,CHECK_IN,43.194721,23.608585,true,63.0,false,2026-08-17 07:10:35.000,2026-08-17 04:10:48.046,2026-08-17 04:10:48.046
"849ec9cb-380c-4c6c-adf6-c5a817ef6270","926758e5-3a61-4ad6-82b2-34c4816c75b8","657aca88-207c-474c-9abc-1af2429cad74",,CHECK_IN,43.194721,23.608585,true,47.0,false,2026-08-17 07:11:20.000,2026-08-17 04:11:47.929,2026-08-17 04:11:47.929
"2a270adc-cb8e-4e8a-b52f-b5dfdd0b03d9",af4a589c-808d-42ac-b374-59a1883692ae,"657aca88-207c-474c-9abc-1af2429cad74",,CHECK_IN,43.194721,23.608585,true,57.0,false,2026-08-17 07:11:41.000,2026-08-17 04:11:47.932,2026-08-17 04:11:47.932
"22e31ea9-4808-4eb5-956a-59c7a3af6259",b15c0a24-f180-4043-b67a-d5e02a85c89b,"657aca88-207c-474c-9abc-1af2429cad74",,CHECK_IN,43.194721,23.608585,true,56.0,false,2026-08-17 07:13:12.000,2026-08-17 04:13:18.033,2026-08-17 04:13:18.033
da1db81c-d61a-45e2-a673-ce0e32b7a9f5,"5ed83e7e-0f5e-4f14-b5ab-03e63b1038bc","657aca88-207c-474c-9abc-1af2429cad74",,CHECK_IN,43.194721,23.608585,true,56.0,false,2026-08-17 07:13:36.000,2026-08-17 04:13:47.970,2026-08-17 04:13:47.970
"0e756779-6898-4365-9cdc-ab440049f465","602d9323-f5c4-4df1-b6c4-84604b161a27","657aca88-207c-474c-9abc-1af2429cad74",,CHECK_IN,43.194721,23.608585,true,52.0,false,2026-08-17 07:15:50.000,2026-08-17 04:16:18.036,2026-08-17 04:16:18.036
"0a007e6e-2e31-4d9d-b566-c491f1c4ab5f","628d40d0-959d-4870-8cf6-9099e8749af9","657aca88-207c-474c-9abc-1af2429cad74",,CHECK_IN,43.194721,23.608585,true,59.0,false,2026-08-17 07:20:58.000,2026-08-17 04:21:18.150,2026-08-17 04:21:18.150
f456ad2e-fb58-40e7-9623-66fd3e095316,ff75470c-6a3a-4e5d-877d-74e99a17fe9d,"657aca88-207c-474c-9abc-1af2429cad74",,CHECK_IN,43.194721,23.608585,true,61.0,false,2026-08-17 07:21:07.000,2026-08-17 04:21:18.153,2026-08-17 04:21:18.153
"05456d49-741b-4a02-9be8-dc79ba6747e4",aa93b9b6-4dc0-48dc-9614-f0b955445b40,"657aca88-207c-474c-9abc-1af2429cad74",,CHECK_IN,43.194721,23.608585,true,64.0,false,2026-08-17 07:21:34.000,2026-08-17 04:21:47.931,2026-08-17 04:21:47.931
e4c15956-be4e-4e20-81c1-40013767a0e8,"8a8e1231-da2f-43ae-90a9-21035c93bbc7","657aca88-207c-474c-9abc-1af2429cad74",,CHECK_IN,43.194721,23.608585,true,52.0,false,2026-08-17 07:23:52.000,2026-08-17 04:24:18.104,2026-08-17 04:24:18.104
"1448f67b-fbd0-47db-a717-664b97fa42e9","7c210434-f215-428c-8d5a-6ed3d95ae8c5","657aca88-207c-474c-9abc-1af2429cad74",,CHECK_IN,43.194721,23.608585,true,62.0,false,2026-08-17 07:24:41.000,2026-08-17 04:24:47.937,2026-08-17 04:24:47.937
b3779fec-026e-49a3-8bdb-19ae22d7c72e,"2ecb59a4-bc4c-4784-8741-2f8bcf5c2a65","657aca88-207c-474c-9abc-1af2429cad74",,CHECK_IN,43.194721,23.608585,true,62.0,false,2026-08-17 07:26:08.000,2026-08-17 04:26:18.034,2026-08-17 04:26:18.034
"93dd2ebd-3ba6-424d-bdb4-c08748a3f10a","240bc314-dfdc-41e1-a45f-c4c573a44788","657aca88-207c-474c-9abc-1af2429cad74",,CHECK_IN,43.194721,23.608585,true,45.0,false,2026-08-17 07:26:38.000,2026-08-17 04:26:47.923,2026-08-17 04:26:47.923
"4b65850f-ede1-403b-b7b9-bb68c45416e9",a467fc90-25a2-4048-a48d-6f5ee1ccee67,"657aca88-207c-474c-9abc-1af2429cad74",,CHECK_IN,43.194721,23.608585,true,64.0,false,2026-08-17 07:27:01.000,2026-08-17 04:27:17.931,2026-08-17 04:27:17.931
c4e95d4a-7c7f-43f9-bc3f-9dfd7867a680,"3d976022-5033-4c30-883d-2bb683c9cfa1","657aca88-207c-474c-9abc-1af2429cad74",,CHECK_IN,43.194721,23.608585,true,60.0,false,2026-08-17 07:27:19.000,2026-08-17 04:27:47.934,2026-08-17 04:27:47.934
a471e64f-eba3-45ca-904b-42b6e2f96de0,"1e0cfcc4-0a5c-4457-8811-3e370c4f260f","657aca88-207c-474c-9abc-1af2429cad74",,CHECK_IN,43.194721,23.608585,true,61.0,false,2026-08-17 07:27:43.000,2026-08-17 04:27:47.936,2026-08-17 04:27:47.936
d3f4451c-a3ba-40ab-9026-805ccc6d3c52,"77a6d5e3-909d-4b7f-a456-154344b678f4","657aca88-207c-474c-9abc-1af2429cad74",,CHECK_IN,43.194721,23.608585,true,47.0,false,2026-08-17 07:30:23.000,2026-08-17 04:30:48.046,2026-08-17 04:30:48.046
a9a9f2c4-5f2a-47ab-ad3c-d02178324a35,"2eca8bc8-65a5-4298-870f-0615602aef91","657aca88-207c-474c-9abc-1af2429cad74",,CHECK_IN,43.194721,23.608585,true,50.0,false,2026-08-17 07:31:20.000,2026-08-17 04:31:47.950,2026-08-17 04:31:47.950
dee5a695-68bb-4ecd-a1da-5906eaf0acb4,"1c9f0cce-7d52-4182-9a80-75f87a851a6b","657aca88-207c-474c-9abc-1af2429cad74",,CHECK_IN,43.194721,23.608585,true,46.0,false,2026-08-17 07:38:35.000,2026-08-17 04:38:48.396,2026-08-17 04:38:48.396
b8e83703-b4f9-48a6-b0ba-3775dc52acc6,e5a36817-048f-4868-929a-d1cf32fc6258,"657aca88-207c-474c-9abc-1af2429cad74",,CHECK_IN,43.194721,23.608585,true,53.0,false,2026-08-17 07:38:57.000,2026-08-17 04:39:17.948,2026-08-17 04:39:17.948
c520c758-1c2f-4d57-870f-788accc6d726,"2501fe3b-87b2-4539-b79d-49be6e92cf4d","657aca88-207c-474c-9abc-1af2429cad74",,CHECK_IN,43.194721,23.608585,true,65.0,false,2026-08-17 08:08:37.000,2026-08-17 05:08:48.168,2026-08-17 05:08:48.168
da20b63d-a2ba-4a88-ad18-d4b309b0d1ea,"24f1944a-6409-43e5-86b4-a2cb61fbf850","657aca88-207c-474c-9abc-1af2429cad74",,CHECK_IN,43.1946843,23.6081287,true,82.0,false,2026-08-17 07:04:58.000,2026-08-17 14:03:45.470,2026-08-17 14:03:45.470
"364cf0d8-1713-496d-bbca-f313bdd66d67","926758e5-3a61-4ad6-82b2-34c4816c75b8","657aca88-207c-474c-9abc-1af2429cad74",,CHECK_OUT,43.1947396,23.6080536,true,68.0,false,2026-08-17 17:04:04.000,2026-08-17 14:04:12.916,2026-08-17 14:04:12.916
b98dff0c-6898-4c07-aa4f-3a600888324a,"1b3d636b-7b18-47e4-a9ea-32ce33378b37","657aca88-207c-474c-9abc-1af2429cad74",,CHECK_OUT,43.1947383,23.6080482,true,57.0,false,2026-08-17 17:04:09.000,2026-08-17 14:04:12.919,2026-08-17 14:04:12.919
"3a91dd6c-3865-49e6-8fdf-bd2beafbfd1e","2501fe3b-87b2-4539-b79d-49be6e92cf4d","657aca88-207c-474c-9abc-1af2429cad74",,CHECK_OUT,43.1947357,23.6080517,true,74.0,false,2026-08-17 17:04:16.000,2026-08-17 14:04:38.665,2026-08-17 14:04:38.665
"63744ce0-9803-46c7-a8a3-e3c68cdd57d0","17e4eb94-d4ab-472a-ad3a-991750ee662a","657aca88-207c-474c-9abc-1af2429cad74",,CHECK_OUT,43.1947486,23.6080843,true,75.0,false,2026-08-17 17:04:41.000,2026-08-17 14:04:43.143,2026-08-17 14:04:43.143
"0e953ad6-6601-4a6e-ae46-bacf1cb98add",aa93b9b6-4dc0-48dc-9614-f0b955445b40,"657aca88-207c-474c-9abc-1af2429cad74",,CHECK_OUT,43.194721,23.608585,true,69.0,false,2026-08-17 17:08:17.000,2026-08-17 14:08:26.588,2026-08-17 14:08:26.588
c9332192-b336-4753-ac93-41783c36d49e,"3d976022-5033-4c30-883d-2bb683c9cfa1","657aca88-207c-474c-9abc-1af2429cad74",,CHECK_OUT,43.194721,23.608585,true,64.0,false,2026-08-17 17:11:07.000,2026-08-17 14:11:26.608,2026-08-17 14:11:26.608
b994bbb5-1fb8-4119-9a08-b135898455e1,"77a6d5e3-909d-4b7f-a456-154344b678f4","657aca88-207c-474c-9abc-1af2429cad74",,CHECK_OUT,43.194721,23.608585,true,81.0,false,2026-08-17 17:11:15.000,2026-08-17 14:11:26.610,2026-08-17 14:11:26.610
"91ca8e22-2238-48e0-8cee-eb20fae5aeed","7c210434-f215-428c-8d5a-6ed3d95ae8c5","657aca88-207c-474c-9abc-1af2429cad74",,CHECK_OUT,43.194721,23.608585,true,68.0,false,2026-08-17 17:11:30.000,2026-08-17 14:11:56.583,2026-08-17 14:11:56.583
"449f220a-6c24-4622-8dba-493edf5840d0",d57e8f02-ab66-46e8-a97e-13d52ef44b1b,"657aca88-207c-474c-9abc-1af2429cad74",,CHECK_OUT,43.194721,23.608585,true,66.0,false,2026-08-17 17:11:41.000,2026-08-17 14:11:56.586,2026-08-17 14:11:56.586
"2bf6ff00-bfc4-4465-b0a9-b2e5693d8665","1c9f0cce-7d52-4182-9a80-75f87a851a6b","657aca88-207c-474c-9abc-1af2429cad74",,CHECK_OUT,43.194721,23.608585,true,65.0,false,2026-08-17 17:12:03.000,2026-08-17 14:12:26.611,2026-08-17 14:12:26.611
"00cd5be1-e42a-4df4-a0b6-c651030aa7be","2ecb59a4-bc4c-4784-8741-2f8bcf5c2a65","657aca88-207c-474c-9abc-1af2429cad74",,CHECK_OUT,43.194721,23.608585,true,69.0,false,2026-08-17 17:12:14.000,2026-08-17 14:12:26.613,2026-08-17 14:12:26.613
"2d1d3dac-e1e2-437e-9d65-011f9231f6c3",e5a36817-048f-4868-929a-d1cf32fc6258,"657aca88-207c-474c-9abc-1af2429cad74",,CHECK_OUT,43.194721,23.608585,true,70.0,false,2026-08-17 17:13:03.000,2026-08-17 14:13:26.540,2026-08-17 14:13:26.540
e7a8dc6d-af0f-4f4d-8b45-21ce92a246be,"8a8e1231-da2f-43ae-90a9-21035c93bbc7","657aca88-207c-474c-9abc-1af2429cad74",,CHECK_OUT,43.194721,23.608585,true,69.0,false,2026-08-17 17:15:41.000,2026-08-17 14:15:56.751,2026-08-17 14:15:56.751
"7cea7c57-0f4d-42e8-aa4d-95c8f1e94bf7",b15c0a24-f180-4043-b67a-d5e02a85c89b,"657aca88-207c-474c-9abc-1af2429cad74",,CHECK_OUT,43.194721,23.608585,true,71.0,false,2026-08-17 17:16:11.000,2026-08-17 14:16:26.581,2026-08-17 14:16:26.581
"416e15da-c589-4031-83de-3cb62810977e",af4a589c-808d-42ac-b374-59a1883692ae,"657aca88-207c-474c-9abc-1af2429cad74",,CHECK_OUT,43.194721,23.608585,true,57.0,false,2026-08-17 17:17:22.000,2026-08-17 14:17:26.552,2026-08-17 14:17:26.552
"33deb129-8583-4369-91ad-f6d7b1639661",d6b6d84e-0445-43df-9f71-ca5679ce20cd,"657aca88-207c-474c-9abc-1af2429cad74",,CHECK_OUT,43.194721,23.608585,true,61.0,false,2026-08-17 17:17:31.000,2026-08-17 14:17:56.625,2026-08-17 14:17:56.625
"52d6493f-26f3-43bb-8cff-696f6b7aca61","602d9323-f5c4-4df1-b6c4-84604b161a27","657aca88-207c-474c-9abc-1af2429cad74",,CHECK_OUT,43.194721,23.608585,true,79.0,false,2026-08-17 17:18:43.000,2026-08-17 14:18:56.601,2026-08-17 14:18:56.601
ed136994-ee4f-4eb1-81c3-b4bf60aea8ba,"2eca8bc8-65a5-4298-870f-0615602aef91","657aca88-207c-474c-9abc-1af2429cad74",,CHECK_OUT,43.194721,23.608585,true,64.0,false,2026-08-17 17:28:45.000,2026-08-17 14:28:57.032,2026-08-17 14:28:57.032
"881a8088-92da-48bf-9525-bf9653795e80",f5f7d765-d2db-4a95-b655-27499c69acf2,"657aca88-207c-474c-9abc-1af2429cad74",,CHECK_OUT,43.194721,23.608585,true,77.0,false,2026-08-17 17:28:57.000,2026-08-17 14:29:26.925,2026-08-17 14:29:26.925
ab4271d3-e8ca-4055-9a10-81c6dd4a4d4a,a467fc90-25a2-4048-a48d-6f5ee1ccee67,"657aca88-207c-474c-9abc-1af2429cad74",,CHECK_OUT,43.194721,23.608585,true,70.0,false,2026-08-17 17:30:35.000,2026-08-17 14:30:57.024,2026-08-17 14:30:57.024
"244a89cd-3166-4f75-a591-2b6981989db6","240bc314-dfdc-41e1-a45f-c4c573a44788","657aca88-207c-474c-9abc-1af2429cad74",,CHECK_OUT,43.194721,23.608585,true,59.0,false,2026-08-17 17:30:43.000,2026-08-17 14:30:57.028,2026-08-17 14:30:57.028
c82da933-db3b-4444-a987-3268535ca6c7,c5903b81-8b17-49bb-82b3-51a8a5880762,"657aca88-207c-474c-9abc-1af2429cad74",,CHECK_OUT,43.194721,23.608585,true,69.0,false,2026-08-17 17:30:51.000,2026-08-17 14:30:57.030,2026-08-17 14:30:57.030
"168c86fa-49d9-4ac9-b157-56f388115d22",dc9e1c44-0d57-43ff-9533-ced7467c7556,"657aca88-207c-474c-9abc-1af2429cad74",,CHECK_OUT,43.194721,23.608585,true,63.0,false,2026-08-17 17:33:29.000,2026-08-17 14:33:57.055,2026-08-17 14:33:57.055
"4263f153-0ea0-47fa-be60-6c1f54670502","75f4f67c-1b34-4b4e-8986-ec8b9a4b3da7","657aca88-207c-474c-9abc-1af2429cad74",,CHECK_OUT,43.194721,23.608585,true,54.0,false,2026-08-17 17:33:58.000,2026-08-17 14:36:25.657,2026-08-17 14:36:25.657
d968d54d-c644-4222-946d-e914f715689d,fd2b5a2d-f9dd-4293-83c7-76ea00b396ff,"657aca88-207c-474c-9abc-1af2429cad74",,CHECK_OUT,43.194721,23.608585,true,62.0,false,2026-08-17 17:34:09.000,2026-08-17 14:36:25.660,2026-08-17 14:36:25.660
a3170cbb-06af-4af2-9e34-f2f9eba801b6,"8218a51e-5a6c-4bde-8519-24df8070b8a9","657aca88-207c-474c-9abc-1af2429cad74",,CHECK_OUT,43.194721,23.608585,true,,true,2026-08-17 18:00:00.000,2026-08-18 00:01:00.081,2026-08-18 00:01:00.081
"423e67b4-47ab-4a96-b7bc-21e620ba5579","2555d529-ff47-49b6-931f-f2dce830a6fc","657aca88-207c-474c-9abc-1af2429cad74",,CHECK_OUT,43.194721,23.608585,true,,true,2026-08-17 18:00:00.000,2026-08-18 00:01:00.095,2026-08-18 00:01:00.095
"2d26ec00-9a4c-4041-9101-37fc4360fb42",edb99d63-344d-4fb1-bc43-8282f0f35e0c,"657aca88-207c-474c-9abc-1af2429cad74",,CHECK_OUT,43.194721,23.608585,true,,true,2026-08-17 18:00:00.000,2026-08-18 00:01:00.098,2026-08-18 00:01:00.098
"66e3bbb5-4c8d-49b5-86c3-0ff75c5dc739","61c76398-dbf7-43bf-830f-6eac33943779","657aca88-207c-474c-9abc-1af2429cad74",,CHECK_OUT,43.194721,23.608585,true,,true,2026-08-17 18:00:00.000,2026-08-18 00:01:00.100,2026-08-18 00:01:00.100
"6b207779-60db-43a3-b585-03b929da1591","64c97323-158f-4b18-ad45-0fd3cb0cecca","657aca88-207c-474c-9abc-1af2429cad74",,CHECK_OUT,43.194721,23.608585,true,,true,2026-08-17 18:00:00.000,2026-08-18 00:01:00.102,2026-08-18 00:01:00.102
"2ccaaab9-18f6-43b1-aac1-0b1315939ba6",d0b6501c-1a2c-48d5-8614-41a1ca72be02,"657aca88-207c-474c-9abc-1af2429cad74",,CHECK_OUT,43.194721,23.608585,true,,true,2026-08-17 18:00:00.000,2026-08-18 00:01:00.104,2026-08-18 00:01:00.104
"2c8d2712-e3e7-49d5-b22b-86f30f8e741d","39e5754e-7c46-4954-8ee2-e32c36bf4e93","657aca88-207c-474c-9abc-1af2429cad74",,CHECK_OUT,43.194721,23.608585,true,,true,2026-08-17 18:00:00.000,2026-08-18 00:01:00.105,2026-08-18 00:01:00.105
d7c00180-966f-4378-926f-a28ad72285d2,"512f4471-88b5-4ff9-8b20-5996f534a6e3","657aca88-207c-474c-9abc-1af2429cad74",,CHECK_OUT,43.194721,23.608585,true,,true,2026-08-17 18:00:00.000,2026-08-18 00:01:00.108,2026-08-18 00:01:00.108
"49ccd4f0-424e-459e-a7e2-a21f8dec483e","12459722-0311-458f-a320-5d9e4d7cad5c","657aca88-207c-474c-9abc-1af2429cad74",,CHECK_OUT,43.194721,23.608585,true,,true,2026-08-17 18:00:00.000,2026-08-18 00:01:00.110,2026-08-18 00:01:00.110
"478426a9-2377-4ba0-87d8-5eb927b25254","74527f74-35db-4321-b590-e9a72dc32935","657aca88-207c-474c-9abc-1af2429cad74",,CHECK_OUT,43.194721,23.608585,true,,true,2026-08-17 18:00:00.000,2026-08-18 00:01:00.111,2026-08-18 00:01:00.111
"6dd2a160-53ca-4545-a331-ddee1eb8b1f9","8308ef9d-f2d5-42e7-a7e4-25733136cae0","657aca88-207c-474c-9abc-1af2429cad74",,CHECK_OUT,43.194721,23.608585,true,,true,2026-08-17 18:00:00.000,2026-08-18 00:01:00.114,2026-08-18 00:01:00.114
d532225c-f7f5-4c44-bd97-b74cddf5134e,"81b36c11-0d95-4b61-8193-4e59127b7d22","657aca88-207c-474c-9abc-1af2429cad74",,CHECK_OUT,43.194721,23.608585,true,,true,2026-08-17 18:00:00.000,2026-08-18 00:01:00.115,2026-08-18 00:01:00.115
"34b3a811-b7cb-411a-a4db-d16e8d481ab2","5e8263c0-8db9-4084-810f-7317368bd919","657aca88-207c-474c-9abc-1af2429cad74",,CHECK_OUT,43.194721,23.608585,true,,true,2026-08-17 18:00:00.000,2026-08-18 00:01:00.117,2026-08-18 00:01:00.117
"2412e1b7-a17d-40ae-872c-7abb6ab2b93a","7860e321-c5e3-4a88-ad81-8a870011ede0","657aca88-207c-474c-9abc-1af2429cad74",,CHECK_OUT,43.194721,23.608585,true,,true,2026-08-17 18:00:00.000,2026-08-18 00:01:00.119,2026-08-18 00:01:00.119
"21aed14f-5395-41ca-a6c8-5094a7dfb5f9",cf88db0c-4e6b-4fb1-ba0b-4fb634733eb5,"657aca88-207c-474c-9abc-1af2429cad74",,CHECK_OUT,43.1946688,23.6082866,true,,true,2026-08-17 18:00:00.000,2026-08-18 00:01:00.120,2026-08-18 00:01:00.120
f2007017-cdfc-4d7e-a191-f4f07ed121b9,"2112a5d6-1663-442a-a32b-1ef34b46c97c","657aca88-207c-474c-9abc-1af2429cad74",,CHECK_OUT,43.194721,23.608585,true,,true,2026-08-17 18:00:00.000,2026-08-18 00:01:00.122,2026-08-18 00:01:00.122
"60de93d6-ee4a-43de-a950-06be3558cd19","17a2c2cb-60c8-49e9-9a7d-e5b48980a7f2","657aca88-207c-474c-9abc-1af2429cad74",,CHECK_OUT,43.194721,23.608585,true,,true,2026-08-17 18:00:00.000,2026-08-18 00:01:00.123,2026-08-18 00:01:00.123
"17f709fa-24b1-4b96-aff7-f98cad5e3e5e",f721fdd2-47ce-45a6-838e-5ac2aed4cd75,"657aca88-207c-474c-9abc-1af2429cad74",,CHECK_OUT,43.194721,23.608585,true,,true,2026-08-17 18:00:00.000,2026-08-18 00:01:00.125,2026-08-18 00:01:00.125
"3719f044-06f3-49f2-934f-e673a6ae4579","2cd576ec-0a8f-4f92-9d4b-436e16b4101a","657aca88-207c-474c-9abc-1af2429cad74",,CHECK_OUT,43.194721,23.608585,true,,true,2026-08-17 18:00:00.000,2026-08-18 00:01:00.126,2026-08-18 00:01:00.126
bb4b67ec-d403-4490-a655-c10551a5a076,"5ed83e7e-0f5e-4f14-b5ab-03e63b1038bc","657aca88-207c-474c-9abc-1af2429cad74",,CHECK_OUT,43.194721,23.608585,true,,true,2026-08-17 18:00:00.000,2026-08-18 00:01:00.127,2026-08-18 00:01:00.127
"6621cb31-54a9-4452-8633-104dce1d7310","628d40d0-959d-4870-8cf6-9099e8749af9","657aca88-207c-474c-9abc-1af2429cad74",,CHECK_OUT,43.194721,23.608585,true,,true,2026-08-17 18:00:00.000,2026-08-18 00:01:00.129,2026-08-18 00:01:00.129
"8cad8184-4719-4910-a707-1bd2298c24e5",ff75470c-6a3a-4e5d-877d-74e99a17fe9d,"657aca88-207c-474c-9abc-1af2429cad74",,CHECK_OUT,43.194721,23.608585,true,,true,2026-08-17 18:00:00.000,2026-08-18 00:01:00.131,2026-08-18 00:01:00.131
"582d17b2-d19c-4e88-ac25-31be9d271737","1e0cfcc4-0a5c-4457-8811-3e370c4f260f","657aca88-207c-474c-9abc-1af2429cad74",,CHECK_OUT,43.194721,23.608585,true,,true,2026-08-17 18:00:00.000,2026-08-18 00:01:00.132,2026-08-18 00:01:00.132
"3cc51c5f-29e6-4fb4-8b40-ce5f45ffeac1","24f1944a-6409-43e5-86b4-a2cb61fbf850","657aca88-207c-474c-9abc-1af2429cad74",,CHECK_OUT,43.1946843,23.6081287,true,,true,2026-08-17 18:00:00.000,2026-08-18 00:01:00.134,2026-08-18 00:01:00.134
"00b78895-becc-4964-a188-07c70e2c7a80",d57e8f02-ab66-46e8-a97e-13d52ef44b1b,"657aca88-207c-474c-9abc-1af2429cad74",,CHECK_IN,43.194721,23.608585,true,50.0,false,2026-08-18 06:42:43.000,2026-08-18 03:43:00.354,2026-08-18 03:43:00.354
d6adaa9f-e837-455e-b543-f0c31520ca8c,"1b3d636b-7b18-47e4-a9ea-32ce33378b37","657aca88-207c-474c-9abc-1af2429cad74",,CHECK_IN,43.194721,23.608585,true,56.0,false,2026-08-18 06:43:04.000,2026-08-18 03:43:30.339,2026-08-18 03:43:30.339
"6a2bbccf-0981-464b-9b96-3aa83da02004",d6b6d84e-0445-43df-9f71-ca5679ce20cd,"657aca88-207c-474c-9abc-1af2429cad74",,CHECK_IN,43.194721,23.608585,true,68.0,false,2026-08-18 06:43:26.000,2026-08-18 03:43:30.341,2026-08-18 03:43:30.341
"58815dab-d502-4d67-ab65-3ca425bac99d","61c76398-dbf7-43bf-830f-6eac33943779","657aca88-207c-474c-9abc-1af2429cad74",,CHECK_IN,43.194721,23.608585,true,56.0,false,2026-08-18 06:43:55.000,2026-08-18 03:44:00.339,2026-08-18 03:44:00.339
cf21fca2-3686-41fd-abcc-6509f66ece85,"8218a51e-5a6c-4bde-8519-24df8070b8a9","657aca88-207c-474c-9abc-1af2429cad74",,CHECK_IN,43.194721,23.608585,true,64.0,false,2026-08-18 06:44:45.000,2026-08-18 03:45:00.353,2026-08-18 03:45:00.353
b8cedb82-4285-4404-bce8-8685bd1fe0da,"2cd576ec-0a8f-4f92-9d4b-436e16b4101a","657aca88-207c-474c-9abc-1af2429cad74",,CHECK_IN,43.194721,23.608585,true,61.0,false,2026-08-18 06:45:50.000,2026-08-18 03:46:00.342,2026-08-18 03:46:00.342
"13ca5dfa-8349-42b3-b233-af72f1ca6e07","64c97323-158f-4b18-ad45-0fd3cb0cecca","657aca88-207c-474c-9abc-1af2429cad74",,CHECK_IN,43.194721,23.608585,true,66.0,false,2026-08-18 06:47:01.000,2026-08-18 03:47:30.454,2026-08-18 03:47:30.454
bb1a7dca-79a8-42cb-8af8-85f180ec2ff6,"7860e321-c5e3-4a88-ad81-8a870011ede0","657aca88-207c-474c-9abc-1af2429cad74",,CHECK_IN,43.194721,23.608585,true,80.0,false,2026-08-18 06:47:32.000,2026-08-18 03:48:00.331,2026-08-18 03:48:00.331
b65c0ce2-cd76-437d-8826-c6960e758bdb,ae52c267-b5a9-409e-8a27-a34706813dee,"657aca88-207c-474c-9abc-1af2429cad74",,CHECK_IN,43.194721,23.608585,true,87.0,false,2026-08-17 17:37:20.000,2026-08-18 03:50:07.364,2026-08-18 03:50:07.364
"059a9199-939d-419d-8003-84c70af8cfaf","7c210434-f215-428c-8d5a-6ed3d95ae8c5","657aca88-207c-474c-9abc-1af2429cad74",caa49a56-ddf2-499a-b1f8-bd27e6379b49,CHECK_IN,0.0,0.0,false,,true,2026-08-18 06:50:00.000,2026-08-18 03:50:24.895,2026-08-18 03:50:24.895
"1aa41a69-4056-448d-8a65-a9eb793b5c1a","17e4eb94-d4ab-472a-ad3a-991750ee662a","657aca88-207c-474c-9abc-1af2429cad74",caa49a56-ddf2-499a-b1f8-bd27e6379b49,CHECK_IN,0.0,0.0,false,,true,2026-08-18 06:50:00.000,2026-08-18 03:50:34.575,2026-08-18 03:50:34.575
d6f0fa88-140b-496e-8a0c-2c5e9dbfa1a5,"512f4471-88b5-4ff9-8b20-5996f534a6e3","657aca88-207c-474c-9abc-1af2429cad74",,CHECK_IN,43.194720999999994,23.608585,true,49.0,false,2026-08-18 06:55:44.000,2026-08-18 03:56:00.495,2026-08-18 03:56:00.495
"5c516c91-6aa0-4ca4-8df5-7007b60df669","7c210434-f215-428c-8d5a-6ed3d95ae8c5","657aca88-207c-474c-9abc-1af2429cad74",,CHECK_IN,43.194720999999994,23.608585,true,61.0,false,2026-08-18 07:00:23.000,2026-08-18 04:00:30.709,2026-08-18 04:00:30.709
f1cd9a7c-e38b-4d67-a4cb-4855d3381bcc,f721fdd2-47ce-45a6-838e-5ac2aed4cd75,"657aca88-207c-474c-9abc-1af2429cad74",,CHECK_IN,43.194720999999994,23.608585,true,59.0,false,2026-08-18 07:04:43.000,2026-08-18 04:05:00.474,2026-08-18 04:05:00.474
"17f9b0a5-abb7-4e6c-a299-bd488e9d0519","17a2c2cb-60c8-49e9-9a7d-e5b48980a7f2","657aca88-207c-474c-9abc-1af2429cad74",,CHECK_IN,43.194720999999994,23.608585,true,58.0,false,2026-08-18 07:04:58.000,2026-08-18 04:05:00.476,2026-08-18 04:05:00.476
"5ddc6e20-3f0f-4fed-a9ac-a583d111ac72","2555d529-ff47-49b6-931f-f2dce830a6fc","657aca88-207c-474c-9abc-1af2429cad74",,CHECK_IN,43.194720999999994,23.608585,true,60.0,false,2026-08-18 07:05:37.000,2026-08-18 04:06:00.378,2026-08-18 04:06:00.378
"3b5662c2-9e99-40a2-a075-6a7dea775af3",f71a195c-7f69-46bf-b5bd-711c2beacdc9,"657aca88-207c-474c-9abc-1af2429cad74",,CHECK_IN,43.194720999999994,23.608585,true,54.0,false,2026-08-18 07:05:47.000,2026-08-18 04:06:00.380,2026-08-18 04:06:00.380
"76ef3c5b-8b9b-4501-b4f4-6d72249987be","3d976022-5033-4c30-883d-2bb683c9cfa1","657aca88-207c-474c-9abc-1af2429cad74",,CHECK_IN,43.194720999999994,23.608585,true,51.0,false,2026-08-18 07:06:02.000,2026-08-18 04:06:30.356,2026-08-18 04:06:30.356
dd0a0892-9930-4975-92f5-f034d080e16d,"75f4f67c-1b34-4b4e-8986-ec8b9a4b3da7","657aca88-207c-474c-9abc-1af2429cad74",,CHECK_IN,43.194720999999994,23.608585,true,56.0,false,2026-08-18 07:06:25.000,2026-08-18 04:06:30.358,2026-08-18 04:06:30.358
f906d9bd-270d-4224-81dd-5cd1a6f42ec9,"8308ef9d-f2d5-42e7-a7e4-25733136cae0","657aca88-207c-474c-9abc-1af2429cad74",,CHECK_IN,43.194720999999994,23.608585,true,49.0,false,2026-08-18 07:06:35.000,2026-08-18 04:07:00.392,2026-08-18 04:07:00.392
"2ee7985a-9ddb-4dda-ae79-6e8fa7de0c2e",fd2b5a2d-f9dd-4293-83c7-76ea00b396ff,"657aca88-207c-474c-9abc-1af2429cad74",,CHECK_IN,43.194720999999994,23.608585,true,56.0,false,2026-08-18 07:06:40.000,2026-08-18 04:07:00.394,2026-08-18 04:07:00.394
"2b552387-b2c6-4f2d-9aea-7cae8492de94",dc9e1c44-0d57-43ff-9533-ced7467c7556,"657aca88-207c-474c-9abc-1af2429cad74",,CHECK_IN,43.194720999999994,23.608585,true,47.0,false,2026-08-18 07:06:48.000,2026-08-18 04:07:00.396,2026-08-18 04:07:00.396
"2a18f7f9-fe62-4b61-a062-5ad24f6dfbf4","74527f74-35db-4321-b590-e9a72dc32935","657aca88-207c-474c-9abc-1af2429cad74",,CHECK_IN,43.194720999999994,23.608585,true,54.0,false,2026-08-18 07:06:54.000,2026-08-18 04:07:00.397,2026-08-18 04:07:00.397
"726d0df7-c71c-4a43-8943-303d48481184","81b36c11-0d95-4b61-8193-4e59127b7d22","657aca88-207c-474c-9abc-1af2429cad74",,CHECK_IN,43.194720999999994,23.608585,true,57.0,false,2026-08-18 07:06:57.000,2026-08-18 04:07:00.398,2026-08-18 04:07:00.398
"666ca7ed-ab05-49ec-b571-dc36e9610401","5e8263c0-8db9-4084-810f-7317368bd919","657aca88-207c-474c-9abc-1af2429cad74",,CHECK_IN,43.194720999999994,23.608585,true,58.0,false,2026-08-18 07:07:03.000,2026-08-18 04:07:30.365,2026-08-18 04:07:30.365
"5dbedb2e-03f1-4914-ae79-e6f08750f079",d0b6501c-1a2c-48d5-8614-41a1ca72be02,"657aca88-207c-474c-9abc-1af2429cad74",,CHECK_IN,43.194720999999994,23.608585,true,49.0,false,2026-08-18 07:07:18.000,2026-08-18 04:07:30.367,2026-08-18 04:07:30.367
cbb1ed15-62b9-4480-b1fb-e580aefe465d,"12459722-0311-458f-a320-5d9e4d7cad5c","657aca88-207c-474c-9abc-1af2429cad74",,CHECK_IN,43.194720999999994,23.608585,true,72.0,false,2026-08-18 07:08:13.000,2026-08-18 04:08:30.365,2026-08-18 04:08:30.365
de832e85-0fdd-4b26-8332-d42890cb0f8c,ff75470c-6a3a-4e5d-877d-74e99a17fe9d,"657aca88-207c-474c-9abc-1af2429cad74",,CHECK_IN,43.194720999999994,23.608585,true,55.0,false,2026-08-18 07:08:45.000,2026-08-18 04:09:00.348,2026-08-18 04:09:00.348
"266325b5-a9a9-4580-9b1c-6710fbdb807e","628d40d0-959d-4870-8cf6-9099e8749af9","657aca88-207c-474c-9abc-1af2429cad74",,CHECK_IN,43.194720999999994,23.608585,true,59.0,false,2026-08-18 07:09:07.000,2026-08-18 04:09:30.345,2026-08-18 04:09:30.345
"02c40d68-4277-4353-9f9a-caa5a879e2f1",af4a589c-808d-42ac-b374-59a1883692ae,"657aca88-207c-474c-9abc-1af2429cad74",,CHECK_IN,43.194720999999994,23.608585,true,55.0,false,2026-08-18 07:11:14.000,2026-08-18 04:11:30.447,2026-08-18 04:11:30.447
"63d91093-60ef-440c-b9cc-622389585b47",b15c0a24-f180-4043-b67a-d5e02a85c89b,"657aca88-207c-474c-9abc-1af2429cad74",,CHECK_IN,43.194720999999994,23.608585,true,63.0,false,2026-08-18 07:11:29.000,2026-08-18 04:11:30.449,2026-08-18 04:11:30.449
"0a4c17d9-872b-4c48-92f8-ad3ac5d71c19",f5f7d765-d2db-4a95-b655-27499c69acf2,"657aca88-207c-474c-9abc-1af2429cad74",,CHECK_IN,43.194720999999994,23.608585,true,63.0,false,2026-08-18 07:11:41.000,2026-08-18 04:12:00.349,2026-08-18 04:12:00.349
d36cb435-e076-48af-ac19-ae9ac99858c4,"926758e5-3a61-4ad6-82b2-34c4816c75b8","657aca88-207c-474c-9abc-1af2429cad74",,CHECK_IN,43.194720999999994,23.608585,true,52.0,false,2026-08-18 07:18:19.000,2026-08-18 04:18:30.659,2026-08-18 04:18:30.659
"7829f7d6-e8d9-4630-b1f4-f74d3283f571",c5903b81-8b17-49bb-82b3-51a8a5880762,"657aca88-207c-474c-9abc-1af2429cad74",,CHECK_IN,43.194720999999994,23.608585,true,51.0,false,2026-08-18 07:20:07.000,2026-08-18 04:20:30.480,2026-08-18 04:20:30.480
"59c794da-3b6e-42d7-87cb-6a728c974bcf",a467fc90-25a2-4048-a48d-6f5ee1ccee67,"657aca88-207c-474c-9abc-1af2429cad74",,CHECK_IN,43.194720999999994,23.608585,true,59.0,false,2026-08-18 07:20:20.000,2026-08-18 04:20:30.482,2026-08-18 04:20:30.482
"17dd8297-77e5-44b9-8e33-e2f446381a97","240bc314-dfdc-41e1-a45f-c4c573a44788","657aca88-207c-474c-9abc-1af2429cad74",,CHECK_IN,43.194720999999994,23.608585,true,46.0,false,2026-08-18 07:20:29.000,2026-08-18 04:20:30.484,2026-08-18 04:20:30.484
e9450210-9a7a-4087-820c-54a6d1f06c47,aa93b9b6-4dc0-48dc-9614-f0b955445b40,"657aca88-207c-474c-9abc-1af2429cad74",,CHECK_IN,43.194720999999994,23.608585,true,48.0,false,2026-08-18 07:20:52.000,2026-08-18 04:21:00.424,2026-08-18 04:21:00.424
"6898e263-a27f-4ffc-aa36-cb5ae21210a5","8a8e1231-da2f-43ae-90a9-21035c93bbc7","657aca88-207c-474c-9abc-1af2429cad74",,CHECK_IN,43.194720999999994,23.608585,true,55.0,false,2026-08-18 07:22:49.000,2026-08-18 04:23:00.464,2026-08-18 04:23:00.464
e8ffc969-03b7-4e7b-9756-43db55293515,e5a36817-048f-4868-929a-d1cf32fc6258,"657aca88-207c-474c-9abc-1af2429cad74",,CHECK_IN,43.194720999999994,23.608585,true,51.0,false,2026-08-18 07:30:03.000,2026-08-18 04:30:30.519,2026-08-18 04:30:30.519
"20957a7a-f7f6-4d57-a999-d7d86c05d5a5","2ecb59a4-bc4c-4784-8741-2f8bcf5c2a65","657aca88-207c-474c-9abc-1af2429cad74",,CHECK_IN,43.194720999999994,23.608585,true,60.0,false,2026-08-18 07:33:54.000,2026-08-18 04:34:00.488,2026-08-18 04:34:00.488
"560589ff-eddb-4e7e-80de-7c74db0b8f4c","77a6d5e3-909d-4b7f-a456-154344b678f4","657aca88-207c-474c-9abc-1af2429cad74",,CHECK_IN,43.194720999999994,23.608585,true,61.0,false,2026-08-18 07:36:54.000,2026-08-18 04:37:00.475,2026-08-18 04:37:00.475
"92548291-fd67-4af3-8a85-cf5ca5c7e7e2","602d9323-f5c4-4df1-b6c4-84604b161a27","657aca88-207c-474c-9abc-1af2429cad74",,CHECK_IN,43.194720999999994,23.608585,true,56.0,false,2026-08-18 07:37:33.000,2026-08-18 04:38:00.367,2026-08-18 04:38:00.367
"20c284da-befb-4ce7-9346-613a086f7ff6","1e0cfcc4-0a5c-4457-8811-3e370c4f260f","657aca88-207c-474c-9abc-1af2429cad74",,CHECK_IN,43.194720999999994,23.608585,true,58.0,false,2026-08-18 07:38:46.000,2026-08-18 04:39:00.447,2026-08-18 04:39:00.447
"470b9590-2cf0-44d9-8ded-b87b1f8bfdd0","2eca8bc8-65a5-4298-870f-0615602aef91","657aca88-207c-474c-9abc-1af2429cad74",,CHECK_IN,43.194720999999994,23.608585,true,52.0,false,2026-08-18 07:40:41.000,2026-08-18 04:41:00.481,2026-08-18 04:41:00.481
"4a741fa8-9584-4a4a-834f-7cc2329ac3de","926758e5-3a61-4ad6-82b2-34c4816c75b8","657aca88-207c-474c-9abc-1af2429cad74",,CHECK_OUT,43.194738,23.6080536,true,77.0,false,2026-08-18 16:50:23.000,2026-08-18 13:53:37.440,2026-08-18 13:53:37.440
a4d1fb32-033d-4443-9c1b-e8fe7aed1ba8,"3e9b8b43-1c54-419f-ad64-260992871d8f","657aca88-207c-474c-9abc-1af2429cad74",,CHECK_IN,43.194721,23.608585,true,85.0,false,2026-08-18 07:57:24.000,2026-08-18 13:57:02.301,2026-08-18 13:57:02.301
e993eac9-5c37-437c-91db-453b5f1c363c,"1b3d636b-7b18-47e4-a9ea-32ce33378b37","657aca88-207c-474c-9abc-1af2429cad74",,CHECK_OUT,43.194721,23.608585,true,59.0,false,2026-08-18 16:57:48.000,2026-08-18 13:58:04.965,2026-08-18 13:58:04.965
fd3cd9f8-c30f-4a1a-a516-a8ba227dc335,"2ecb59a4-bc4c-4784-8741-2f8bcf5c2a65","657aca88-207c-474c-9abc-1af2429cad74",,CHECK_OUT,43.194721,23.608585,true,57.0,false,2026-08-18 16:58:49.000,2026-08-18 13:59:04.929,2026-08-18 13:59:04.929
"7ae87ad2-6c72-43a2-8678-7f9c1dec8ff7","3e9b8b43-1c54-419f-ad64-260992871d8f","657aca88-207c-474c-9abc-1af2429cad74",,CHECK_OUT,43.194721,23.608585,true,55.0,false,2026-08-18 16:58:56.000,2026-08-18 13:59:04.932,2026-08-18 13:59:04.932
aedf9efe-4ee8-471d-b564-273184a8bc54,"17e4eb94-d4ab-472a-ad3a-991750ee662a","657aca88-207c-474c-9abc-1af2429cad74",caa49a56-ddf2-499a-b1f8-bd27e6379b49,CHECK_OUT,0.0,0.0,false,,true,2026-08-18 16:59:00.000,2026-08-18 13:59:41.382,2026-08-18 13:59:41.382
cfba15c6-50af-4873-bb29-76d09d69ab8e,"2555d529-ff47-49b6-931f-f2dce830a6fc","657aca88-207c-474c-9abc-1af2429cad74",,CHECK_OUT,43.194721,23.608585,true,47.0,false,2026-08-18 17:02:29.000,2026-08-18 14:02:40.706,2026-08-18 14:02:40.706
"783a514f-d9ca-46fe-bf7b-62d0c9951521","81b36c11-0d95-4b61-8193-4e59127b7d22","657aca88-207c-474c-9abc-1af2429cad74",,CHECK_OUT,43.194721,23.608585,true,53.0,false,2026-08-18 17:02:40.000,2026-08-18 14:02:40.709,2026-08-18 14:02:40.709
a638475d-d5dc-4a8d-810e-cffb26f70dd0,f71a195c-7f69-46bf-b5bd-711c2beacdc9,"657aca88-207c-474c-9abc-1af2429cad74",,CHECK_OUT,43.194721,23.608585,true,56.0,false,2026-08-18 17:06:50.000,2026-08-18 14:07:10.666,2026-08-18 14:07:10.666
e9481c97-f109-4649-8f9a-355824c84278,aa93b9b6-4dc0-48dc-9614-f0b955445b40,"657aca88-207c-474c-9abc-1af2429cad74",,CHECK_OUT,43.194721,23.608585,true,64.0,false,2026-08-18 17:09:39.000,2026-08-18 14:09:40.966,2026-08-18 14:09:40.966
eed133a6-8498-404a-b143-9938bad47cf0,"1c9f0cce-7d52-4182-9a80-75f87a851a6b","657aca88-207c-474c-9abc-1af2429cad74",,CHECK_IN,43.194721,23.608585,true,68.0,false,2026-08-18 17:05:06.000,2026-08-18 14:05:10.834,2026-08-18 14:05:10.834
"5c200722-d23f-4a2b-a2af-33e026aa2e5c","1c9f0cce-7d52-4182-9a80-75f87a851a6b","657aca88-207c-474c-9abc-1af2429cad74",,CHECK_OUT,43.194721,23.608585,true,70.0,false,2026-08-18 17:05:07.000,2026-08-18 14:05:10.838,2026-08-18 14:05:10.838
"393e6065-26f2-417e-a398-0dc712c7987b","3d976022-5033-4c30-883d-2bb683c9cfa1","657aca88-207c-474c-9abc-1af2429cad74",,CHECK_OUT,43.194721,23.608585,true,48.0,false,2026-08-18 17:06:14.000,2026-08-18 14:06:40.693,2026-08-18 14:06:40.693
"70ce1d4a-3447-4360-a7fb-d0e175e97acc","77a6d5e3-909d-4b7f-a456-154344b678f4","657aca88-207c-474c-9abc-1af2429cad74",,CHECK_OUT,43.194721,23.608585,true,81.0,false,2026-08-18 17:10:19.000,2026-08-18 14:10:40.902,2026-08-18 14:10:40.902
cc7f5d7e-04a8-4a39-a7bb-60729cfa640b,ae52c267-b5a9-409e-8a27-a34706813dee,"657aca88-207c-474c-9abc-1af2429cad74",,CHECK_IN,43.194721,23.608585,true,83.0,false,2026-08-18 17:10:06.000,2026-08-18 14:10:10.658,2026-08-18 14:10:10.658
"9c575294-83b9-4a52-a54e-20e323aba5a3","602d9323-f5c4-4df1-b6c4-84604b161a27","657aca88-207c-474c-9abc-1af2429cad74",,CHECK_OUT,43.194721,23.608585,true,80.0,false,2026-08-18 17:14:54.000,2026-08-18 14:15:11.563,2026-08-18 14:15:11.563
"555bd707-caa4-4f98-8777-3d377cc2f031",d6b6d84e-0445-43df-9f71-ca5679ce20cd,"657aca88-207c-474c-9abc-1af2429cad74",,CHECK_OUT,43.194721,23.608585,true,79.0,false,2026-08-18 17:15:39.000,2026-08-18 14:15:40.949,2026-08-18 14:15:40.949
"6a9c1129-bad0-493b-833a-ac7ea70db0a9","7c210434-f215-428c-8d5a-6ed3d95ae8c5","657aca88-207c-474c-9abc-1af2429cad74",,CHECK_OUT,43.194721,23.608585,true,57.0,false,2026-08-18 17:15:48.000,2026-08-18 14:16:10.665,2026-08-18 14:16:10.665
"5c7d3ab1-4409-430e-be52-b966aa72c6d2","8a8e1231-da2f-43ae-90a9-21035c93bbc7","657aca88-207c-474c-9abc-1af2429cad74",,CHECK_OUT,43.194721,23.608585,true,72.0,false,2026-08-18 17:16:47.000,2026-08-18 14:17:10.713,2026-08-18 14:17:10.713
"2fbb0cb4-71c0-48b2-972a-2aba320e29dc",b15c0a24-f180-4043-b67a-d5e02a85c89b,"657aca88-207c-474c-9abc-1af2429cad74",,CHECK_OUT,43.194721,23.608585,true,53.0,false,2026-08-18 17:21:20.000,2026-08-18 14:21:40.829,2026-08-18 14:21:40.829
"4bf0726b-167a-4008-a479-af8f4375a6ee",e5a36817-048f-4868-929a-d1cf32fc6258,"657aca88-207c-474c-9abc-1af2429cad74",,CHECK_OUT,43.194721,23.608585,true,63.0,false,2026-08-18 17:21:58.000,2026-08-18 14:22:10.676,2026-08-18 14:22:10.676
"307f1d0d-3f18-4a9f-b29f-af77f667a203",af4a589c-808d-42ac-b374-59a1883692ae,"657aca88-207c-474c-9abc-1af2429cad74",,CHECK_OUT,43.194721,23.608585,true,58.0,false,2026-08-18 17:22:20.000,2026-08-18 14:22:40.661,2026-08-18 14:22:40.661
e56c7270-4b84-4864-81a9-d06a153e9fd9,d57e8f02-ab66-46e8-a97e-13d52ef44b1b,"657aca88-207c-474c-9abc-1af2429cad74",,CHECK_OUT,43.1947382,23.6080536,true,67.0,false,2026-08-18 16:53:50.000,2026-08-18 14:32:48.203,2026-08-18 14:32:48.203
de54dbd2-ead2-458f-89b4-7736717dcfdd,"1e0cfcc4-0a5c-4457-8811-3e370c4f260f","657aca88-207c-474c-9abc-1af2429cad74",,CHECK_OUT,43.1948309,23.6078199,true,77.0,false,2026-08-18 17:32:58.000,2026-08-18 14:33:18.666,2026-08-18 14:33:18.666
b20aa923-be42-4cbd-b0a8-5316a119b4c3,f5f7d765-d2db-4a95-b655-27499c69acf2,"657aca88-207c-474c-9abc-1af2429cad74",,CHECK_OUT,43.194721,23.608585,true,72.0,false,2026-08-18 17:47:36.000,2026-08-18 14:47:41.034,2026-08-18 14:47:41.034
"90d01c00-94f2-4066-a4b4-bd0ec2df037e",c5903b81-8b17-49bb-82b3-51a8a5880762,"657aca88-207c-474c-9abc-1af2429cad74",,CHECK_OUT,43.194721,23.608585,true,72.0,false,2026-08-18 17:48:15.000,2026-08-18 14:48:41.604,2026-08-18 14:48:41.604
"1820b3ea-748b-40da-bf87-fb8545199ed7",a467fc90-25a2-4048-a48d-6f5ee1ccee67,"657aca88-207c-474c-9abc-1af2429cad74",,CHECK_OUT,43.194721,23.608585,true,64.0,false,2026-08-18 17:48:21.000,2026-08-18 14:48:41.606,2026-08-18 14:48:41.606
"470d53e4-3365-495a-ba99-892dfd7a6111","240bc314-dfdc-41e1-a45f-c4c573a44788","657aca88-207c-474c-9abc-1af2429cad74",,CHECK_OUT,43.194721,23.608585,true,57.0,false,2026-08-18 17:48:28.000,2026-08-18 14:48:41.608,2026-08-18 14:48:41.608
"272bcbcc-9907-4409-8c3b-58b959237ebc","2cd576ec-0a8f-4f92-9d4b-436e16b4101a","657aca88-207c-474c-9abc-1af2429cad74",,CHECK_OUT,43.194721,23.608585,true,59.0,false,2026-08-18 17:51:51.000,2026-08-18 14:52:10.869,2026-08-18 14:52:10.869
"937aff0b-b00f-4382-a32b-0a1e27c62af6",dc9e1c44-0d57-43ff-9533-ced7467c7556,"657aca88-207c-474c-9abc-1af2429cad74",,CHECK_OUT,43.194721,23.608585,true,57.0,false,2026-08-18 17:52:03.000,2026-08-18 14:52:10.871,2026-08-18 14:52:10.871
"889e301e-8016-4a1a-b858-91356d400523","61c76398-dbf7-43bf-830f-6eac33943779","657aca88-207c-474c-9abc-1af2429cad74",,CHECK_OUT,43.194721,23.608585,true,,true,2026-08-18 18:00:00.000,2026-08-19 00:01:00.105,2026-08-19 00:01:00.105
"828d1aff-d75b-45a6-8f41-129d1de8cfa1","8218a51e-5a6c-4bde-8519-24df8070b8a9","657aca88-207c-474c-9abc-1af2429cad74",,CHECK_OUT,43.194721,23.608585,true,,true,2026-08-18 18:00:00.000,2026-08-19 00:01:00.111,2026-08-19 00:01:00.111
fb6c327f-8de9-4dbe-aec2-00c913f79c84,"64c97323-158f-4b18-ad45-0fd3cb0cecca","657aca88-207c-474c-9abc-1af2429cad74",,CHECK_OUT,43.194721,23.608585,true,,true,2026-08-18 18:00:00.000,2026-08-19 00:01:00.114,2026-08-19 00:01:00.114
"92f8d2f7-2048-4c1b-a4c6-39d04286c025","7860e321-c5e3-4a88-ad81-8a870011ede0","657aca88-207c-474c-9abc-1af2429cad74",,CHECK_OUT,43.194721,23.608585,true,,true,2026-08-18 18:00:00.000,2026-08-19 00:01:00.117,2026-08-19 00:01:00.117
"25e20982-dd4b-47e4-9bd7-b53639395b64",ae52c267-b5a9-409e-8a27-a34706813dee,"657aca88-207c-474c-9abc-1af2429cad74",,CHECK_OUT,43.194721,23.608585,true,,true,2026-08-17 18:00:00.000,2026-08-19 00:01:00.120,2026-08-19 00:01:00.120
d0212026-ba98-40b5-a555-be6b48d0e614,"512f4471-88b5-4ff9-8b20-5996f534a6e3","657aca88-207c-474c-9abc-1af2429cad74",,CHECK_OUT,43.194720999999994,23.608585,true,,true,2026-08-18 18:00:00.000,2026-08-19 00:01:00.122,2026-08-19 00:01:00.122
"90d805b0-cddc-4513-89de-8bf678b7d17e",f721fdd2-47ce-45a6-838e-5ac2aed4cd75,"657aca88-207c-474c-9abc-1af2429cad74",,CHECK_OUT,43.194720999999994,23.608585,true,,true,2026-08-18 18:00:00.000,2026-08-19 00:01:00.123,2026-08-19 00:01:00.123
"1a59c137-49cc-4a0c-b3be-16cfbed29480","17a2c2cb-60c8-49e9-9a7d-e5b48980a7f2","657aca88-207c-474c-9abc-1af2429cad74",,CHECK_OUT,43.194720999999994,23.608585,true,,true,2026-08-18 18:00:00.000,2026-08-19 00:01:00.125,2026-08-19 00:01:00.125
"5945d3a0-e5c6-4e02-a360-bb5ba29b7880","75f4f67c-1b34-4b4e-8986-ec8b9a4b3da7","657aca88-207c-474c-9abc-1af2429cad74",,CHECK_OUT,43.194720999999994,23.608585,true,,true,2026-08-18 18:00:00.000,2026-08-19 00:01:00.128,2026-08-19 00:01:00.128
d786b569-05be-46cf-841c-1c569e3ae89b,"8308ef9d-f2d5-42e7-a7e4-25733136cae0","657aca88-207c-474c-9abc-1af2429cad74",,CHECK_OUT,43.194720999999994,23.608585,true,,true,2026-08-18 18:00:00.000,2026-08-19 00:01:00.129,2026-08-19 00:01:00.129
bc210445-36a3-4606-8966-7204023fe444,fd2b5a2d-f9dd-4293-83c7-76ea00b396ff,"657aca88-207c-474c-9abc-1af2429cad74",,CHECK_OUT,43.194720999999994,23.608585,true,,true,2026-08-18 18:00:00.000,2026-08-19 00:01:00.134,2026-08-19 00:01:00.134
b3548a0f-6d36-4a9e-b5d5-604db4c991a8,"74527f74-35db-4321-b590-e9a72dc32935","657aca88-207c-474c-9abc-1af2429cad74",,CHECK_OUT,43.194720999999994,23.608585,true,,true,2026-08-18 18:00:00.000,2026-08-19 00:01:00.136,2026-08-19 00:01:00.136
"244b7943-4753-481a-a4de-71e75d364e34","5e8263c0-8db9-4084-810f-7317368bd919","657aca88-207c-474c-9abc-1af2429cad74",,CHECK_OUT,43.194720999999994,23.608585,true,,true,2026-08-18 18:00:00.000,2026-08-19 00:01:00.137,2026-08-19 00:01:00.137
"4d703a8e-a5cf-4f88-97cf-fe3f36b81ed1",d0b6501c-1a2c-48d5-8614-41a1ca72be02,"657aca88-207c-474c-9abc-1af2429cad74",,CHECK_OUT,43.194720999999994,23.608585,true,,true,2026-08-18 18:00:00.000,2026-08-19 00:01:00.139,2026-08-19 00:01:00.139
"545d2b4f-20ba-4927-81cb-f689d9e831f7","12459722-0311-458f-a320-5d9e4d7cad5c","657aca88-207c-474c-9abc-1af2429cad74",,CHECK_OUT,43.194720999999994,23.608585,true,,true,2026-08-18 18:00:00.000,2026-08-19 00:01:00.143,2026-08-19 00:01:00.143
c314a333-fba8-4a17-8d90-6b3a4a6f2ee6,ff75470c-6a3a-4e5d-877d-74e99a17fe9d,"657aca88-207c-474c-9abc-1af2429cad74",,CHECK_OUT,43.194720999999994,23.608585,true,,true,2026-08-18 18:00:00.000,2026-08-19 00:01:00.146,2026-08-19 00:01:00.147
"9774c8e7-edbc-4090-b02a-e0f8d15096b6","628d40d0-959d-4870-8cf6-9099e8749af9","657aca88-207c-474c-9abc-1af2429cad74",,CHECK_OUT,43.194720999999994,23.608585,true,,true,2026-08-18 18:00:00.000,2026-08-19 00:01:00.149,2026-08-19 00:01:00.149
f1c27d73-3cdb-414e-af42-691dd530e69a,"2eca8bc8-65a5-4298-870f-0615602aef91","657aca88-207c-474c-9abc-1af2429cad74",,CHECK_OUT,43.194720999999994,23.608585,true,,true,2026-08-18 18:00:00.000,2026-08-19 00:01:00.152,2026-08-19 00:01:00.152
"4b8ae84c-a73b-4281-945e-51e981410e9a",ae52c267-b5a9-409e-8a27-a34706813dee,"657aca88-207c-474c-9abc-1af2429cad74",,CHECK_OUT,43.194721,23.608585,true,,true,2026-08-18 18:00:00.000,2026-08-19 00:01:00.154,2026-08-19 00:01:00.154
ddeb8e48-257f-42e9-9fa2-e600f4137049,d6b6d84e-0445-43df-9f71-ca5679ce20cd,"657aca88-207c-474c-9abc-1af2429cad74",,CHECK_IN,43.194721,23.608585,true,63.0,false,2026-08-19 06:39:54.000,2026-08-19 03:40:02.533,2026-08-19 03:40:02.533
"1a89d7fc-f54c-41ab-8573-6fc8a285d074",d57e8f02-ab66-46e8-a97e-13d52ef44b1b,"657aca88-207c-474c-9abc-1af2429cad74",,CHECK_IN,43.194721,23.608585,true,55.0,false,2026-08-19 06:40:30.000,2026-08-19 03:40:32.456,2026-08-19 03:40:32.456
"45c97832-cedc-45a4-8ebd-50227171847b","75f4f67c-1b34-4b4e-8986-ec8b9a4b3da7","657aca88-207c-474c-9abc-1af2429cad74",,CHECK_OUT,43.194721,23.608585,true,67.0,false,2026-08-18 17:52:16.000,2026-08-19 03:41:17.097,2026-08-19 03:41:17.097
"625c0173-47cc-4be9-97ca-6712a90403dd",fd2b5a2d-f9dd-4293-83c7-76ea00b396ff,"657aca88-207c-474c-9abc-1af2429cad74",,CHECK_OUT,43.194721,23.608585,true,58.0,false,2026-08-18 17:52:29.000,2026-08-19 03:41:17.100,2026-08-19 03:41:17.100
"024c5c61-f962-4b87-8c23-1390f0d3065d","17e4eb94-d4ab-472a-ad3a-991750ee662a","657aca88-207c-474c-9abc-1af2429cad74",caa49a56-ddf2-499a-b1f8-bd27e6379b49,CHECK_IN,0.0,0.0,false,,true,2026-08-19 06:41:00.000,2026-08-19 03:41:36.560,2026-08-19 03:41:36.560
"05f4010b-b363-47a5-b967-ac368b4a41ac","7c210434-f215-428c-8d5a-6ed3d95ae8c5","657aca88-207c-474c-9abc-1af2429cad74",caa49a56-ddf2-499a-b1f8-bd27e6379b49,CHECK_IN,0.0,0.0,false,,true,2026-08-19 06:41:00.000,2026-08-19 03:41:46.326,2026-08-19 03:41:46.326
f677cf3f-1772-4d35-a1e7-c01c56045984,"1b3d636b-7b18-47e4-a9ea-32ce33378b37","657aca88-207c-474c-9abc-1af2429cad74",,CHECK_IN,43.194721,23.608585,true,63.0,false,2026-08-19 06:42:04.000,2026-08-19 03:42:32.540,2026-08-19 03:42:32.540
"51e0fe20-b693-4812-b9e3-8177d3a0106c","2cd576ec-0a8f-4f92-9d4b-436e16b4101a","657aca88-207c-474c-9abc-1af2429cad74",,CHECK_IN,43.194721,23.608585,true,51.0,false,2026-08-19 06:44:53.000,2026-08-19 03:45:02.774,2026-08-19 03:45:02.774
"3078d964-620e-4689-afbe-736cba19ac97","39e5754e-7c46-4954-8ee2-e32c36bf4e93","657aca88-207c-474c-9abc-1af2429cad74",,CHECK_IN,43.194720999999994,23.608585,true,67.0,false,2026-08-19 06:48:00.000,2026-08-19 03:48:02.702,2026-08-19 03:48:02.702
c401e5e2-2a6e-4bb1-a405-e80cf6fe08fd,"7860e321-c5e3-4a88-ad81-8a870011ede0","657aca88-207c-474c-9abc-1af2429cad74",,CHECK_IN,43.194720999999994,23.608585,true,82.0,false,2026-08-19 06:50:39.000,2026-08-19 03:51:03.088,2026-08-19 03:51:03.088
"8284c8ff-b2a4-4660-b677-2f9f47e06ad3","61c76398-dbf7-43bf-830f-6eac33943779","657aca88-207c-474c-9abc-1af2429cad74",,CHECK_IN,43.194720999999994,23.608585,true,64.0,false,2026-08-19 06:50:51.000,2026-08-19 03:51:03.090,2026-08-19 03:51:03.090
"2fd004e8-cea4-40a2-8715-6ce57510bddf","7c210434-f215-428c-8d5a-6ed3d95ae8c5","657aca88-207c-474c-9abc-1af2429cad74",,CHECK_IN,43.194720999999994,23.608585,true,54.0,false,2026-08-19 06:51:07.000,2026-08-19 03:51:32.588,2026-08-19 03:51:32.588
"08cc4a10-25b6-4cd4-9e09-1aa9a660caa8",af4a589c-808d-42ac-b374-59a1883692ae,"657aca88-207c-474c-9abc-1af2429cad74",,CHECK_IN,43.194720999999994,23.608585,true,58.0,false,2026-08-19 06:55:54.000,2026-08-19 03:56:02.593,2026-08-19 03:56:02.593
"87fbe775-b057-4669-b7b1-d545d11bb775","512f4471-88b5-4ff9-8b20-5996f534a6e3","657aca88-207c-474c-9abc-1af2429cad74",,CHECK_IN,43.194720999999994,23.608585,true,56.0,false,2026-08-19 06:57:03.000,2026-08-19 03:57:32.557,2026-08-19 03:57:32.557
"3cea9f30-1714-4d57-af3b-16fcabcb3d49","1e0cfcc4-0a5c-4457-8811-3e370c4f260f","657aca88-207c-474c-9abc-1af2429cad74",,CHECK_IN,43.194720999999994,23.608585,true,56.0,false,2026-08-19 07:00:57.000,2026-08-19 04:01:02.686,2026-08-19 04:01:02.686
"2404f105-db20-4ead-adbd-849ca2b7d3e2",b15c0a24-f180-4043-b67a-d5e02a85c89b,"657aca88-207c-474c-9abc-1af2429cad74",,CHECK_IN,43.194720999999994,23.608585,true,66.0,false,2026-08-19 07:06:08.000,2026-08-19 04:06:32.570,2026-08-19 04:06:32.570
"7ea9106a-a8e6-46a6-bdad-59f2b0a7ef23","17a2c2cb-60c8-49e9-9a7d-e5b48980a7f2","657aca88-207c-474c-9abc-1af2429cad74",,CHECK_IN,43.194720999999994,23.608585,true,56.0,false,2026-08-19 07:11:48.000,2026-08-19 04:12:02.784,2026-08-19 04:12:02.784
"5656dab0-55e1-468d-bc5a-0090c28917e5","628d40d0-959d-4870-8cf6-9099e8749af9","657aca88-207c-474c-9abc-1af2429cad74",,CHECK_IN,43.194720999999994,23.608585,true,58.0,false,2026-08-19 07:13:20.000,2026-08-19 04:13:32.589,2026-08-19 04:13:32.589
"898d8e7e-f9eb-46e3-9045-06a789724829","8308ef9d-f2d5-42e7-a7e4-25733136cae0","657aca88-207c-474c-9abc-1af2429cad74",,CHECK_IN,43.194720999999994,23.608585,true,52.0,false,2026-08-19 07:14:26.000,2026-08-19 04:14:32.591,2026-08-19 04:14:32.591
a3a3a0bb-a9cf-432b-809f-29d889b94111,dc9e1c44-0d57-43ff-9533-ced7467c7556,"657aca88-207c-474c-9abc-1af2429cad74",,CHECK_IN,43.194720999999994,23.608585,true,50.0,false,2026-08-19 07:14:40.000,2026-08-19 04:15:02.463,2026-08-19 04:15:02.463
"2e7f22f6-26d3-47c4-92b5-eb9784c374d4",fd2b5a2d-f9dd-4293-83c7-76ea00b396ff,"657aca88-207c-474c-9abc-1af2429cad74",,CHECK_IN,43.194720999999994,23.608585,true,62.0,false,2026-08-19 07:14:47.000,2026-08-19 04:15:02.474,2026-08-19 04:15:02.474
c80c1480-6917-402c-b761-9e26d0142e6b,"81b36c11-0d95-4b61-8193-4e59127b7d22","657aca88-207c-474c-9abc-1af2429cad74",,CHECK_IN,43.194720999999994,23.608585,true,51.0,false,2026-08-19 07:16:26.000,2026-08-19 04:16:32.544,2026-08-19 04:16:32.544
e0728a5b-61df-4280-a610-3ac8332c9f27,"64c97323-158f-4b18-ad45-0fd3cb0cecca","657aca88-207c-474c-9abc-1af2429cad74",,CHECK_IN,43.194720999999994,23.608585,true,65.0,false,2026-08-19 07:17:11.000,2026-08-19 04:17:32.478,2026-08-19 04:17:32.478
c25b3ee7-331a-481f-8a97-6a80f49a7bea,aa93b9b6-4dc0-48dc-9614-f0b955445b40,"657aca88-207c-474c-9abc-1af2429cad74",,CHECK_IN,43.194720999999994,23.608585,true,57.0,false,2026-08-19 07:20:22.000,2026-08-19 04:20:32.586,2026-08-19 04:20:32.586
f2a809f6-8fc9-459c-a712-e404bff285c2,"5e8263c0-8db9-4084-810f-7317368bd919","657aca88-207c-474c-9abc-1af2429cad74",,CHECK_IN,43.194720999999994,23.608585,true,56.0,false,2026-08-19 07:20:39.000,2026-08-19 04:21:02.465,2026-08-19 04:21:02.465
d491e571-3944-4a85-8c6a-5b84f4f46560,"8a8e1231-da2f-43ae-90a9-21035c93bbc7","657aca88-207c-474c-9abc-1af2429cad74",,CHECK_IN,43.194720999999994,23.608585,true,57.0,false,2026-08-19 07:23:08.000,2026-08-19 04:23:32.664,2026-08-19 04:23:32.664
"14ab7071-2900-49dc-8a31-e2cb99ce81bc","2ecb59a4-bc4c-4784-8741-2f8bcf5c2a65","657aca88-207c-474c-9abc-1af2429cad74",,CHECK_IN,43.194720999999994,23.608585,true,63.0,false,2026-08-19 07:24:42.000,2026-08-19 04:25:02.602,2026-08-19 04:25:02.602
"2d66275d-d286-46b2-a33d-9f57fd3248a6",c5903b81-8b17-49bb-82b3-51a8a5880762,"657aca88-207c-474c-9abc-1af2429cad74",,CHECK_IN,43.194720999999994,23.608585,true,58.0,false,2026-08-19 07:27:38.000,2026-08-19 04:28:02.763,2026-08-19 04:28:02.763
"47fbe484-8d60-4bc1-9ff6-29b18bd1bf63",a467fc90-25a2-4048-a48d-6f5ee1ccee67,"657aca88-207c-474c-9abc-1af2429cad74",,CHECK_IN,43.194720999999994,23.608585,true,60.0,false,2026-08-19 07:28:03.000,2026-08-19 04:28:32.480,2026-08-19 04:28:32.480
"18de9243-9ad7-4afd-8afb-41fdec64ca0f","240bc314-dfdc-41e1-a45f-c4c573a44788","657aca88-207c-474c-9abc-1af2429cad74",,CHECK_IN,43.194720999999994,23.608585,true,53.0,false,2026-08-19 07:28:08.000,2026-08-19 04:28:32.483,2026-08-19 04:28:32.483
"4e6ae199-d90f-40d3-9650-b7c821e67a7e","602d9323-f5c4-4df1-b6c4-84604b161a27","657aca88-207c-474c-9abc-1af2429cad74",,CHECK_IN,43.194720999999994,23.608585,true,65.0,false,2026-08-19 07:31:05.000,2026-08-19 04:31:32.583,2026-08-19 04:31:32.583
dc2ca17e-520b-4288-a809-3659bc24b19c,"1c9f0cce-7d52-4182-9a80-75f87a851a6b","657aca88-207c-474c-9abc-1af2429cad74",,CHECK_IN,43.194720999999994,23.608585,true,61.0,false,2026-08-19 07:32:15.000,2026-08-19 04:32:32.484,2026-08-19 04:32:32.484
cf09c28e-e1f9-4cdf-ace5-30f2ae3ca6f8,"77a6d5e3-909d-4b7f-a456-154344b678f4","657aca88-207c-474c-9abc-1af2429cad74",,CHECK_IN,43.194720999999994,23.608585,true,56.0,false,2026-08-19 07:37:25.000,2026-08-19 04:37:32.598,2026-08-19 04:37:32.598
"83e684a7-cf35-4e53-a3c1-2da6860b5015",f71a195c-7f69-46bf-b5bd-711c2beacdc9,"657aca88-207c-474c-9abc-1af2429cad74",,CHECK_IN,43.194720999999994,23.608585,true,55.0,false,2026-08-19 07:38:01.000,2026-08-19 04:38:02.491,2026-08-19 04:38:02.491
"6fef60d7-3b87-4aac-aa45-7cf2d18dae12","3d976022-5033-4c30-883d-2bb683c9cfa1","657aca88-207c-474c-9abc-1af2429cad74",,CHECK_IN,43.194720999999994,23.608585,true,60.0,false,2026-08-19 07:38:41.000,2026-08-19 04:39:02.505,2026-08-19 04:39:02.505
d6a62a8d-e390-4f9c-b385-1eaa20495b8e,"2501fe3b-87b2-4539-b79d-49be6e92cf4d","657aca88-207c-474c-9abc-1af2429cad74",,CHECK_IN,43.194720999999994,23.608585,true,56.0,false,2026-08-19 07:38:58.000,2026-08-19 04:39:02.517,2026-08-19 04:39:02.517
"6d1ad3aa-522b-48a0-a912-faddbf6cfb20","926758e5-3a61-4ad6-82b2-34c4816c75b8","657aca88-207c-474c-9abc-1af2429cad74",,CHECK_IN,43.194720999999994,23.608585,true,47.0,false,2026-08-19 07:48:13.000,2026-08-19 04:48:32.894,2026-08-19 04:48:32.894
"95b27683-2e9b-4ad1-b5b7-9c66846e75d8","3e9b8b43-1c54-419f-ad64-260992871d8f","657aca88-207c-474c-9abc-1af2429cad74",,CHECK_IN,43.194720999999994,23.608585,true,70.0,false,2026-08-19 07:58:02.000,2026-08-19 04:58:32.604,2026-08-19 04:58:32.604
c598913c-26c6-4233-a1b2-ca742c8a7527,"2eca8bc8-65a5-4298-870f-0615602aef91","657aca88-207c-474c-9abc-1af2429cad74",,CHECK_IN,43.194720999999994,23.608585,true,47.0,false,2026-08-19 08:00:50.000,2026-08-19 05:01:02.667,2026-08-19 05:01:02.667
"54f66bd2-01e0-4228-b81d-3b8b27a575d3",d0b6501c-1a2c-48d5-8614-41a1ca72be02,"33266b3b-cdf4-4609-bfe1-7308e8e8b75a",,CHECK_IN,42.8947422,23.9229316,true,46.0,false,2026-08-19 08:44:24.000,2026-08-19 05:44:54.709,2026-08-19 05:44:54.709
"9a11e14a-ca52-4a50-9635-56bb8f8f021c","233ff4a9-d5ab-45b4-8a0e-966eef3486be","33266b3b-cdf4-4609-bfe1-7308e8e8b75a",,CHECK_IN,42.8946958,23.9229428,true,62.0,false,2026-08-19 08:44:33.000,2026-08-19 05:44:54.712,2026-08-19 05:44:54.712
"7d7ff9b5-18e8-45e3-873b-fff2cb4f1410","81b36c11-0d95-4b61-8193-4e59127b7d22","33266b3b-cdf4-4609-bfe1-7308e8e8b75a",,CHECK_OUT,42.8946983,23.9229433,true,66.0,false,2026-08-19 08:44:46.000,2026-08-19 05:44:54.714,2026-08-19 05:44:54.714
"205507d2-d3b4-46d4-a88e-016322e8eeb8",fa66fdc6-3e94-45df-be01-98b1e5dde64e,"33266b3b-cdf4-4609-bfe1-7308e8e8b75a",,CHECK_IN,42.8946983,23.9229433,true,58.0,false,2026-08-19 08:45:02.000,2026-08-19 05:45:24.777,2026-08-19 05:45:24.777
afd8fe14-934b-4364-8e25-1c80ca59c5fb,"38537a2e-18c8-4143-8dff-84861ef3de06","33266b3b-cdf4-4609-bfe1-7308e8e8b75a",,CHECK_IN,42.894754,23.922946,true,53.0,false,2026-08-19 08:45:30.000,2026-08-19 08:22:07.842,2026-08-19 08:22:07.842
ea7609d2-e7ca-4104-9e5a-20c70771493f,e5a36817-048f-4868-929a-d1cf32fc6258,"657aca88-207c-474c-9abc-1af2429cad74",,CHECK_IN,43.194721,23.608585,true,63.0,false,2026-08-19 10:06:17.000,2026-08-19 09:26:00.118,2026-08-19 09:26:00.118
"5fe5716b-b374-4720-96b9-96fc5fd64f4c","1b3d636b-7b18-47e4-a9ea-32ce33378b37","657aca88-207c-474c-9abc-1af2429cad74",caa49a56-ddf2-499a-b1f8-bd27e6379b49,CHECK_OUT,0.0,0.0,false,,true,2026-08-19 12:26:00.000,2026-08-19 09:26:32.269,2026-08-19 09:26:32.269
e97fa3ab-48f1-4dde-b8e1-2145f05e5334,"52962adb-ebf2-4846-b675-a438ff5e70e6","29fa7641-584a-46b2-bd94-724e2f4ce18c",,CHECK_IN,-15.1314662601626,39.2660322899729,false,73.0,false,2026-08-19 14:59:26.000,2026-08-19 11:59:30.666,2026-08-19 11:59:30.666
c06e1f26-0cd4-4705-8fb3-fd7a68316b3f,"52962adb-ebf2-4846-b675-a438ff5e70e6","29fa7641-584a-46b2-bd94-724e2f4ce18c",,CHECK_OUT,-15.1314662601626,39.2660322899729,false,73.0,false,2026-08-19 14:59:35.000,2026-08-19 11:59:43.080,2026-08-19 11:59:43.080
"0d6546c3-cd1a-4afd-b462-96c9d9687090","52962adb-ebf2-4846-b675-a438ff5e70e6",c321d61e-9697-491d-b353-7d0a833ed6d1,,CHECK_IN,-15.1314662601626,39.2660322899729,false,65.0,false,2026-08-19 15:07:26.000,2026-08-19 12:07:30.149,2026-08-19 12:07:30.149
"8ad4bd2e-bfa9-42be-8b89-21d691d06830","52962adb-ebf2-4846-b675-a438ff5e70e6",c321d61e-9697-491d-b353-7d0a833ed6d1,,CHECK_OUT,-15.1314662601626,39.2660322899729,false,68.0,false,2026-08-19 15:09:34.000,2026-08-19 12:09:35.023,2026-08-19 12:09:35.023
"28c81a2c-03e8-4983-a2d9-3bf87a508738","52962adb-ebf2-4846-b675-a438ff5e70e6",c321d61e-9697-491d-b353-7d0a833ed6d1,,CHECK_IN,-15.1314662601626,39.2660322899729,false,68.0,false,2026-08-19 14:31:41.000,2026-08-19 11:31:48.023,2026-08-19 11:31:48.023
"7710cc74-8b2f-4dcb-bc6f-a7baa0c51ecf","52962adb-ebf2-4846-b675-a438ff5e70e6",c321d61e-9697-491d-b353-7d0a833ed6d1,,CHECK_OUT,-15.1314662601626,39.2660322899729,false,72.0,false,2026-08-19 14:59:21.000,2026-08-19 11:59:30.660,2026-08-19 11:59:30.660
"1da56a51-f340-46d7-8354-53be02ded112","52962adb-ebf2-4846-b675-a438ff5e70e6","29fa7641-584a-46b2-bd94-724e2f4ce18c",,CHECK_IN,-15.1314662601626,39.2660322899729,false,73.0,false,2026-08-19 15:14:54.000,2026-08-19 12:14:57.499,2026-08-19 12:14:57.499
"0730c4b3-a938-47ff-8224-33d9c2f0ae33","52962adb-ebf2-4846-b675-a438ff5e70e6","29fa7641-584a-46b2-bd94-724e2f4ce18c",,CHECK_IN,41.9546316,24.1504749,true,48.0,false,2026-08-19 15:25:15.000,2026-08-19 12:25:43.229,2026-08-19 12:25:43.229
"426a9d7c-df4c-4913-93e8-7fc51f5af059","52962adb-ebf2-4846-b675-a438ff5e70e6","29fa7641-584a-46b2-bd94-724e2f4ce18c",,CHECK_OUT,41.9545018,24.1499895,true,50.0,false,2026-08-19 15:25:38.000,2026-08-19 12:25:43.234,2026-08-19 12:25:43.234
"7dfca91e-bf4d-4f05-aad5-cec5ed1608b2","52962adb-ebf2-4846-b675-a438ff5e70e6","29fa7641-584a-46b2-bd94-724e2f4ce18c",,CHECK_IN,-15.131461152416357,39.26602942379182,false,73.0,false,2026-08-19 15:29:26.000,2026-08-19 12:29:35.706,2026-08-19 12:29:35.706
b8e2d17d-713d-4f52-bb32-46e4576e6fe2,"926758e5-3a61-4ad6-82b2-34c4816c75b8","657aca88-207c-474c-9abc-1af2429cad74",,CHECK_OUT,43.194721,23.608585,true,60.0,false,2026-08-19 17:02:44.000,2026-08-19 14:02:51.276,2026-08-19 14:02:51.276
"285301e9-a8d7-4b4d-9cf4-d958fad5f506","0484267e-2bfb-439a-a69b-d594a1f0970d","657aca88-207c-474c-9abc-1af2429cad74",,CHECK_IN,43.194721,23.608585,true,78.0,false,2026-08-19 17:03:47.000,2026-08-19 14:03:51.297,2026-08-19 14:03:51.297
"10344375-1f3c-425c-a111-7282be570205",aa93b9b6-4dc0-48dc-9614-f0b955445b40,"657aca88-207c-474c-9abc-1af2429cad74",,CHECK_OUT,43.194721,23.608585,true,68.0,false,2026-08-19 17:05:02.000,2026-08-19 14:05:21.419,2026-08-19 14:05:21.419
"80507198-a5fb-4732-8c9f-44b35be8eb8d","2501fe3b-87b2-4539-b79d-49be6e92cf4d","657aca88-207c-474c-9abc-1af2429cad74",,CHECK_OUT,43.194721,23.608585,true,80.0,false,2026-08-19 17:05:09.000,2026-08-19 14:05:21.422,2026-08-19 14:05:21.422
"0f8c4878-4725-4132-9e53-ba9ab03c0119","2ecb59a4-bc4c-4784-8741-2f8bcf5c2a65","657aca88-207c-474c-9abc-1af2429cad74",,CHECK_OUT,43.194721,23.608585,true,62.0,false,2026-08-19 17:05:42.000,2026-08-19 14:05:51.917,2026-08-19 14:05:51.917
ab8d4aa4-08f3-4ad0-b9de-99acb4bf0294,d6b6d84e-0445-43df-9f71-ca5679ce20cd,"657aca88-207c-474c-9abc-1af2429cad74",,CHECK_OUT,43.194721,23.608585,true,62.0,false,2026-08-19 17:06:51.000,2026-08-19 14:07:21.298,2026-08-19 14:07:21.298
"54c32431-b88f-414f-8f32-a03ff630e46c",d57e8f02-ab66-46e8-a97e-13d52ef44b1b,"657aca88-207c-474c-9abc-1af2429cad74",,CHECK_OUT,43.194721,23.608585,true,54.0,false,2026-08-19 17:07:01.000,2026-08-19 14:07:21.301,2026-08-19 14:07:21.301
"84c93682-323f-454b-97ea-599224172a5b",e5a36817-048f-4868-929a-d1cf32fc6258,"657aca88-207c-474c-9abc-1af2429cad74",,CHECK_OUT,43.194721,23.608585,true,61.0,false,2026-08-19 17:07:17.000,2026-08-19 14:07:21.303,2026-08-19 14:07:21.303
"449efb78-fa1d-4bf8-b0ca-c756b1399a46","7c210434-f215-428c-8d5a-6ed3d95ae8c5","657aca88-207c-474c-9abc-1af2429cad74",,CHECK_OUT,43.194721,23.608585,true,68.0,false,2026-08-19 17:12:27.000,2026-08-19 14:12:51.294,2026-08-19 14:12:51.294
"22bd89c6-a541-440b-bd16-f1358f1d13ad","1c9f0cce-7d52-4182-9a80-75f87a851a6b","657aca88-207c-474c-9abc-1af2429cad74",,CHECK_OUT,43.194721,23.608585,true,45.0,false,2026-08-19 17:07:23.000,2026-08-19 14:07:51.284,2026-08-19 14:07:51.284
c4a69828-dd50-4056-989f-0fdbb0663b02,"3e9b8b43-1c54-419f-ad64-260992871d8f","657aca88-207c-474c-9abc-1af2429cad74",,CHECK_OUT,43.194721,23.608585,true,69.0,false,2026-08-19 17:07:29.000,2026-08-19 14:07:51.286,2026-08-19 14:07:51.286
"6f21eb94-e171-4cff-b084-d3421c36de53","17e4eb94-d4ab-472a-ad3a-991750ee662a","657aca88-207c-474c-9abc-1af2429cad74",,CHECK_OUT,43.194721,23.608585,true,72.0,false,2026-08-19 17:07:37.000,2026-08-19 14:07:51.288,2026-08-19 14:07:51.288
"369d9d73-c639-4593-815f-16f7a3b347e9","1e0cfcc4-0a5c-4457-8811-3e370c4f260f","657aca88-207c-474c-9abc-1af2429cad74",,CHECK_OUT,43.194721,23.608585,true,74.0,false,2026-08-19 17:07:45.000,2026-08-19 14:07:51.290,2026-08-19 14:07:51.290
c90c09a5-cc5d-4acd-a6c1-9a4899c96f9f,"77a6d5e3-909d-4b7f-a456-154344b678f4","657aca88-207c-474c-9abc-1af2429cad74",,CHECK_OUT,43.194721,23.608585,true,74.0,false,2026-08-19 17:10:00.000,2026-08-19 14:10:21.322,2026-08-19 14:10:21.322
e04bd3a1-8f2c-4c62-b7fd-431e1e40875d,af4a589c-808d-42ac-b374-59a1883692ae,"657aca88-207c-474c-9abc-1af2429cad74",,CHECK_OUT,43.194721,23.608585,true,62.0,false,2026-08-19 17:10:42.000,2026-08-19 14:10:51.263,2026-08-19 14:10:51.263
"59cefa65-24c5-48a1-9e47-0799e062192b","602d9323-f5c4-4df1-b6c4-84604b161a27","657aca88-207c-474c-9abc-1af2429cad74",,CHECK_OUT,43.194721,23.608585,true,56.0,false,2026-08-19 17:13:03.000,2026-08-19 14:13:21.322,2026-08-19 14:13:21.322
"5fb806dd-f74c-4d37-bec8-8c6b6d5298c5",d0b6501c-1a2c-48d5-8614-41a1ca72be02,"33266b3b-cdf4-4609-bfe1-7308e8e8b75a",,CHECK_OUT,42.8923166,23.9215638,true,48.0,false,2026-08-19 17:14:10.000,2026-08-19 14:14:17.214,2026-08-19 14:14:17.214
ccc581ad-4c97-432e-854f-01994c39bbeb,b15c0a24-f180-4043-b67a-d5e02a85c89b,"657aca88-207c-474c-9abc-1af2429cad74",,CHECK_OUT,43.194721,23.608585,true,54.0,false,2026-08-19 17:14:10.000,2026-08-19 14:14:21.317,2026-08-19 14:14:21.317
f75ee719-8a4f-4f27-ae06-28a8651f0e9c,"8a8e1231-da2f-43ae-90a9-21035c93bbc7","657aca88-207c-474c-9abc-1af2429cad74",,CHECK_OUT,43.194721,23.608585,true,73.0,false,2026-08-19 17:14:52.000,2026-08-19 14:15:21.288,2026-08-19 14:15:21.288
"7dc43e32-9a78-43fe-80a3-5dee33d9b0a6","3d976022-5033-4c30-883d-2bb683c9cfa1","657aca88-207c-474c-9abc-1af2429cad74",,CHECK_OUT,43.194721,23.608585,true,63.0,false,2026-08-19 17:16:39.000,2026-08-19 14:16:51.344,2026-08-19 14:16:51.344
ec82a2cb-ed6b-46fb-a882-a394aa0aec0c,fa66fdc6-3e94-45df-be01-98b1e5dde64e,"33266b3b-cdf4-4609-bfe1-7308e8e8b75a",,CHECK_OUT,42.8923155,23.9215661,true,58.0,false,2026-08-19 17:14:16.000,2026-08-19 14:14:47.230,2026-08-19 14:14:47.230
"58dad91d-4724-43d0-9d00-04866f014991","233ff4a9-d5ab-45b4-8a0e-966eef3486be","33266b3b-cdf4-4609-bfe1-7308e8e8b75a",,CHECK_OUT,42.8923183,23.9215717,true,55.0,false,2026-08-19 17:14:29.000,2026-08-19 14:14:47.232,2026-08-19 14:14:47.232
"8cefcd98-969f-42c5-80bc-91e3eeca106e","233ff4a9-d5ab-45b4-8a0e-966eef3486be","33266b3b-cdf4-4609-bfe1-7308e8e8b75a",,CHECK_IN,42.8924858,23.9216808,true,60.0,false,2026-08-19 17:14:34.000,2026-08-19 14:14:47.245,2026-08-19 14:14:47.245
d73f7952-4b81-4fbe-b148-0479f4616071,"38537a2e-18c8-4143-8dff-84861ef3de06","33266b3b-cdf4-4609-bfe1-7308e8e8b75a",,CHECK_OUT,42.8926991,23.9217729,true,55.0,false,2026-08-19 17:14:38.000,2026-08-19 14:14:47.249,2026-08-19 14:14:47.249
fae31a65-1a7a-41bd-b00d-96ff8cce48a3,f71a195c-7f69-46bf-b5bd-711c2beacdc9,"657aca88-207c-474c-9abc-1af2429cad74",,CHECK_OUT,43.194721,23.608585,true,70.0,false,2026-08-19 17:22:08.000,2026-08-19 14:22:21.411,2026-08-19 14:22:21.411
"78c4e5ac-356a-41c6-a103-b58a2530fc4f",fd2b5a2d-f9dd-4293-83c7-76ea00b396ff,"657aca88-207c-474c-9abc-1af2429cad74",,CHECK_OUT,43.194721,23.608585,true,72.0,false,2026-08-19 17:28:52.000,2026-08-19 14:29:21.504,2026-08-19 14:29:21.504
"29c1043d-e11c-4552-8cf0-da7487d3c8c1",c5903b81-8b17-49bb-82b3-51a8a5880762,"657aca88-207c-474c-9abc-1af2429cad74",,CHECK_OUT,43.194721,23.608585,true,75.0,false,2026-08-19 17:29:09.000,2026-08-19 14:29:21.507,2026-08-19 14:29:21.507
"20eeec6f-0f77-4e6b-b9b2-d4787947b9dc",a467fc90-25a2-4048-a48d-6f5ee1ccee67,"657aca88-207c-474c-9abc-1af2429cad74",,CHECK_OUT,43.194721,23.608585,true,67.0,false,2026-08-19 17:29:16.000,2026-08-19 14:29:21.509,2026-08-19 14:29:21.509
d4aaf4c0-9bc3-4efb-9b71-9b1c01049571,"240bc314-dfdc-41e1-a45f-c4c573a44788","657aca88-207c-474c-9abc-1af2429cad74",,CHECK_OUT,43.194721,23.608585,true,60.0,false,2026-08-19 17:29:29.000,2026-08-19 14:29:51.291,2026-08-19 14:29:51.291
"8ab10955-54e7-49d3-b9d0-23a7f2b2e1ff",dc9e1c44-0d57-43ff-9533-ced7467c7556,"657aca88-207c-474c-9abc-1af2429cad74",,CHECK_OUT,43.194721,23.608585,true,59.0,false,2026-08-19 17:29:45.000,2026-08-19 14:29:51.294,2026-08-19 14:29:51.294
d9856e33-206d-4e1b-b737-70cb9da97ad1,aa53999f-8867-457b-a585-8ebb702b7fba,"29fa7641-584a-46b2-bd94-724e2f4ce18c",caa49a56-ddf2-499a-b1f8-bd27e6379b49,CHECK_IN,0.0,0.0,false,,true,2026-08-19 18:58:00.000,2026-08-19 15:58:35.119,2026-08-19 15:58:35.119
"0950b6a5-9add-4bfc-aecb-8745cefb3ca1",aa53999f-8867-457b-a585-8ebb702b7fba,c321d61e-9697-491d-b353-7d0a833ed6d1,caa49a56-ddf2-499a-b1f8-bd27e6379b49,CHECK_IN,0.0,0.0,false,,true,2026-08-19 18:59:00.000,2026-08-19 15:59:48.498,2026-08-19 15:59:48.498
"948a37ff-a19b-4b75-852e-5b931df9da24",aa53999f-8867-457b-a585-8ebb702b7fba,c321d61e-9697-491d-b353-7d0a833ed6d1,caa49a56-ddf2-499a-b1f8-bd27e6379b49,CHECK_OUT,0.0,0.0,false,,true,2026-08-19 19:00:00.000,2026-08-19 16:00:27.498,2026-08-19 16:00:27.498
dc9c38b8-a29f-4c69-ae80-d8fb7ef9a70b,"2cd576ec-0a8f-4f92-9d4b-436e16b4101a","657aca88-207c-474c-9abc-1af2429cad74",,CHECK_OUT,43.194721,23.608585,true,,true,2026-08-19 18:00:00.000,2026-08-20 00:01:00.081,2026-08-20 00:01:00.081
"956c451d-3ca5-4b80-83f8-3736d79902c8","39e5754e-7c46-4954-8ee2-e32c36bf4e93","657aca88-207c-474c-9abc-1af2429cad74",,CHECK_OUT,43.194720999999994,23.608585,true,,true,2026-08-19 18:00:00.000,2026-08-20 00:01:00.090,2026-08-20 00:01:00.090
b001a5ad-ca2d-466a-9931-ae143773223b,"7860e321-c5e3-4a88-ad81-8a870011ede0","657aca88-207c-474c-9abc-1af2429cad74",,CHECK_OUT,43.194720999999994,23.608585,true,,true,2026-08-19 18:00:00.000,2026-08-20 00:01:00.095,2026-08-20 00:01:00.095
"9fed1bc4-f0dd-4fe8-81bf-aac96d3dc797","61c76398-dbf7-43bf-830f-6eac33943779","657aca88-207c-474c-9abc-1af2429cad74",,CHECK_OUT,43.194720999999994,23.608585,true,,true,2026-08-19 18:00:00.000,2026-08-20 00:01:00.103,2026-08-20 00:01:00.103
"097a4407-543f-4ddc-8c36-384b2a1a8490","512f4471-88b5-4ff9-8b20-5996f534a6e3","657aca88-207c-474c-9abc-1af2429cad74",,CHECK_OUT,43.194720999999994,23.608585,true,,true,2026-08-19 18:00:00.000,2026-08-20 00:01:00.105,2026-08-20 00:01:00.105
"8e5084a3-2f69-499c-8adb-b6ec72f6b974","17a2c2cb-60c8-49e9-9a7d-e5b48980a7f2","657aca88-207c-474c-9abc-1af2429cad74",,CHECK_OUT,43.194720999999994,23.608585,true,,true,2026-08-19 18:00:00.000,2026-08-20 00:01:00.109,2026-08-20 00:01:00.109
d2edf95b-aac5-425e-bf6e-d403e13f32df,"628d40d0-959d-4870-8cf6-9099e8749af9","657aca88-207c-474c-9abc-1af2429cad74",,CHECK_OUT,43.194720999999994,23.608585,true,,true,2026-08-19 18:00:00.000,2026-08-20 00:01:00.111,2026-08-20 00:01:00.111
"3e4528f1-d6f4-4685-b4fb-efd10cab05e9","8308ef9d-f2d5-42e7-a7e4-25733136cae0","657aca88-207c-474c-9abc-1af2429cad74",,CHECK_OUT,43.194720999999994,23.608585,true,,true,2026-08-19 18:00:00.000,2026-08-20 00:01:00.113,2026-08-20 00:01:00.113
"6f0e62dd-b07d-4e6f-b3c4-c53371309a33","81b36c11-0d95-4b61-8193-4e59127b7d22","657aca88-207c-474c-9abc-1af2429cad74",,CHECK_OUT,43.194720999999994,23.608585,true,,true,2026-08-19 18:00:00.000,2026-08-20 00:01:00.115,2026-08-20 00:01:00.115
"3e04e637-ff58-4609-8c19-c90fa4121e42","64c97323-158f-4b18-ad45-0fd3cb0cecca","657aca88-207c-474c-9abc-1af2429cad74",,CHECK_OUT,43.194720999999994,23.608585,true,,true,2026-08-19 18:00:00.000,2026-08-20 00:01:00.117,2026-08-20 00:01:00.117
"093d17c4-59bf-41a2-af63-fe3a56912771","5e8263c0-8db9-4084-810f-7317368bd919","657aca88-207c-474c-9abc-1af2429cad74",,CHECK_OUT,43.194720999999994,23.608585,true,,true,2026-08-19 18:00:00.000,2026-08-20 00:01:00.118,2026-08-20 00:01:00.118
"3de68d55-f941-4a8e-8ff8-26dd8f0a8b98","2eca8bc8-65a5-4298-870f-0615602aef91","657aca88-207c-474c-9abc-1af2429cad74",,CHECK_OUT,43.194720999999994,23.608585,true,,true,2026-08-19 18:00:00.000,2026-08-20 00:01:00.120,2026-08-20 00:01:00.120
"492f5d16-088f-47d1-acde-83164687f439","52962adb-ebf2-4846-b675-a438ff5e70e6","29fa7641-584a-46b2-bd94-724e2f4ce18c",,CHECK_OUT,-15.131461152416357,39.26602942379182,false,,true,2026-08-19 20:00:00.000,2026-08-20 00:01:00.122,2026-08-20 00:01:00.122
"659a9663-c895-4000-8507-0453aab5a5f1","0484267e-2bfb-439a-a69b-d594a1f0970d","657aca88-207c-474c-9abc-1af2429cad74",,CHECK_OUT,43.194721,23.608585,true,,true,2026-08-19 18:00:00.000,2026-08-20 00:01:00.124,2026-08-20 00:01:00.124
edd35983-b3e4-47dd-b831-baeef05aab95,"233ff4a9-d5ab-45b4-8a0e-966eef3486be","33266b3b-cdf4-4609-bfe1-7308e8e8b75a",,CHECK_OUT,42.8924858,23.9216808,true,,true,2026-08-19 18:00:00.000,2026-08-20 00:01:00.126,2026-08-20 00:01:00.126
"5d06049b-2ec8-4932-979f-cab7e230b8c6",aa53999f-8867-457b-a585-8ebb702b7fba,"29fa7641-584a-46b2-bd94-724e2f4ce18c",,CHECK_OUT,0.0,0.0,false,,true,2026-08-19 20:00:00.000,2026-08-20 00:01:00.127,2026-08-20 00:01:00.127
e17d1a4b-ad0b-4c6d-bcd2-8e63e3dacdfa,d6b6d84e-0445-43df-9f71-ca5679ce20cd,"657aca88-207c-474c-9abc-1af2429cad74",,CHECK_IN,43.194721,23.608585,true,60.0,false,2026-08-20 06:35:02.000,2026-08-20 03:35:06.537,2026-08-20 03:35:06.537
"77f3d2b1-47ed-4029-a918-01efe3a6b793",d57e8f02-ab66-46e8-a97e-13d52ef44b1b,"657aca88-207c-474c-9abc-1af2429cad74",,CHECK_IN,43.194721,23.608585,true,49.0,false,2026-08-20 06:36:33.000,2026-08-20 03:36:36.627,2026-08-20 03:36:36.627
"0284a0d3-c4b0-499b-9173-60643a2144e0","39e5754e-7c46-4954-8ee2-e32c36bf4e93","657aca88-207c-474c-9abc-1af2429cad74",,CHECK_IN,43.194721,23.608585,true,69.0,false,2026-08-20 06:37:13.000,2026-08-20 03:37:36.516,2026-08-20 03:37:36.516
"5dd63a3c-3686-40e0-ab24-ad0e9ae4b70b","64c97323-158f-4b18-ad45-0fd3cb0cecca","657aca88-207c-474c-9abc-1af2429cad74",,CHECK_IN,43.194721,23.608585,true,68.0,false,2026-08-20 06:39:50.000,2026-08-20 03:40:06.635,2026-08-20 03:40:06.635
daf0c1b9-71e6-4997-88bc-67567608cdea,"61c76398-dbf7-43bf-830f-6eac33943779","657aca88-207c-474c-9abc-1af2429cad74",,CHECK_IN,43.194721,23.608585,true,54.0,false,2026-08-20 06:41:10.000,2026-08-20 03:41:36.611,2026-08-20 03:41:36.611
"9b777b6e-967b-401f-a552-20826cf6f589","17e4eb94-d4ab-472a-ad3a-991750ee662a","657aca88-207c-474c-9abc-1af2429cad74",caa49a56-ddf2-499a-b1f8-bd27e6379b49,CHECK_IN,0.0,0.0,false,,true,2026-08-20 06:41:00.000,2026-08-20 03:41:46.788,2026-08-20 03:41:46.788
"7685234d-e6e0-44b8-a448-8b01b760be74","7c210434-f215-428c-8d5a-6ed3d95ae8c5","657aca88-207c-474c-9abc-1af2429cad74",caa49a56-ddf2-499a-b1f8-bd27e6379b49,CHECK_IN,0.0,0.0,false,,true,2026-08-20 06:41:00.000,2026-08-20 03:41:57.402,2026-08-20 03:41:57.402
d9b1ce26-b2a3-439a-a668-1c2e35b20e63,"1b3d636b-7b18-47e4-a9ea-32ce33378b37","657aca88-207c-474c-9abc-1af2429cad74",,CHECK_IN,43.194721,23.608585,true,60.0,false,2026-08-20 06:42:43.000,2026-08-20 03:43:06.622,2026-08-20 03:43:06.622
"7826fd42-1cce-41d8-8f46-ed548dadefcd","8218a51e-5a6c-4bde-8519-24df8070b8a9","657aca88-207c-474c-9abc-1af2429cad74",,CHECK_IN,43.194721,23.608585,true,62.0,false,2026-08-20 06:42:59.000,2026-08-20 03:43:06.625,2026-08-20 03:43:06.625
"85c0e2fe-cf1d-4697-99ab-ee769619b65f",f721fdd2-47ce-45a6-838e-5ac2aed4cd75,"657aca88-207c-474c-9abc-1af2429cad74",,CHECK_IN,43.194721,23.608585,true,67.0,false,2026-08-20 06:51:39.000,2026-08-20 03:52:06.637,2026-08-20 03:52:06.637
"8e8deb0c-2c98-4b60-864c-17522dff7bf6","512f4471-88b5-4ff9-8b20-5996f534a6e3","657aca88-207c-474c-9abc-1af2429cad74",,CHECK_IN,43.194721,23.608585,true,56.0,false,2026-08-20 06:53:12.000,2026-08-20 03:53:36.632,2026-08-20 03:53:36.632
"057cb8b5-acf2-4c1a-b26a-84e1a20bd43d","7c210434-f215-428c-8d5a-6ed3d95ae8c5","657aca88-207c-474c-9abc-1af2429cad74",,CHECK_IN,43.194721,23.608585,true,64.0,false,2026-08-20 06:58:05.000,2026-08-20 03:58:06.658,2026-08-20 03:58:06.658
"3379f340-5497-445e-a166-a6b67acbdf92",c5903b81-8b17-49bb-82b3-51a8a5880762,"657aca88-207c-474c-9abc-1af2429cad74",,CHECK_IN,43.194721,23.608585,true,64.0,false,2026-08-20 06:58:11.000,2026-08-20 03:58:36.645,2026-08-20 03:58:36.645
f6bcadb1-6889-4589-bbe6-620d084738f9,a467fc90-25a2-4048-a48d-6f5ee1ccee67,"657aca88-207c-474c-9abc-1af2429cad74",,CHECK_IN,43.194721,23.608585,true,63.0,false,2026-08-20 06:58:32.000,2026-08-20 03:58:36.648,2026-08-20 03:58:36.648
"8bef208b-dc52-4a59-a7b2-ef7479968983",f5f7d765-d2db-4a95-b655-27499c69acf2,"657aca88-207c-474c-9abc-1af2429cad74",,CHECK_IN,43.194721,23.608585,true,57.0,false,2026-08-20 07:02:55.000,2026-08-20 04:03:06.778,2026-08-20 04:03:06.778
"66720304-07d7-474c-be0e-31b2748589f4","628d40d0-959d-4870-8cf6-9099e8749af9","657aca88-207c-474c-9abc-1af2429cad74",,CHECK_IN,43.194721,23.608585,true,60.0,false,2026-08-20 07:09:26.000,2026-08-20 04:09:36.789,2026-08-20 04:09:36.789
"6febc6b5-3afe-44e8-95fa-b02680c30ea5","240bc314-dfdc-41e1-a45f-c4c573a44788","657aca88-207c-474c-9abc-1af2429cad74",,CHECK_IN,43.194721,23.608585,true,45.0,false,2026-08-20 07:09:50.000,2026-08-20 04:10:06.544,2026-08-20 04:10:06.544
"354b2c7c-300d-4df2-9fef-0d96d1ce50f5","926758e5-3a61-4ad6-82b2-34c4816c75b8","657aca88-207c-474c-9abc-1af2429cad74",,CHECK_IN,43.194721,23.608585,true,48.0,false,2026-08-20 07:10:13.000,2026-08-20 04:10:36.544,2026-08-20 04:10:36.544
a3a9fad0-e9f2-4a37-80ea-f853b2f98956,b15c0a24-f180-4043-b67a-d5e02a85c89b,"657aca88-207c-474c-9abc-1af2429cad74",,CHECK_IN,43.194721,23.608585,true,60.0,false,2026-08-20 07:13:29.000,2026-08-20 04:13:36.635,2026-08-20 04:13:36.635
"063ff959-76a5-4f06-859a-ed0528743b65","5ed83e7e-0f5e-4f14-b5ab-03e63b1038bc","657aca88-207c-474c-9abc-1af2429cad74",,CHECK_IN,43.194721,23.608585,true,51.0,false,2026-08-20 07:15:13.000,2026-08-20 04:15:36.665,2026-08-20 04:15:36.665
"194ec56d-1b9c-4bbb-961b-ad7d60b2398e","8308ef9d-f2d5-42e7-a7e4-25733136cae0","657aca88-207c-474c-9abc-1af2429cad74",,CHECK_IN,43.194721,23.608585,true,52.0,false,2026-08-20 07:16:25.000,2026-08-20 04:16:36.550,2026-08-20 04:16:36.550
"9ce11ce8-09cb-4a97-99c3-61d0e6203508",dc9e1c44-0d57-43ff-9533-ced7467c7556,"657aca88-207c-474c-9abc-1af2429cad74",,CHECK_IN,43.194721,23.608585,true,47.0,false,2026-08-20 07:16:34.000,2026-08-20 04:16:36.553,2026-08-20 04:16:36.553
"9b623c43-d1b1-4c54-85f4-72d73eafcb81","81b36c11-0d95-4b61-8193-4e59127b7d22","657aca88-207c-474c-9abc-1af2429cad74",,CHECK_IN,43.194721,23.608585,true,63.0,false,2026-08-20 07:16:41.000,2026-08-20 04:17:06.543,2026-08-20 04:17:06.543
fd6a9959-3f4f-4bb3-ac91-c2ab96c4fc10,"12459722-0311-458f-a320-5d9e4d7cad5c","657aca88-207c-474c-9abc-1af2429cad74",,CHECK_IN,43.194721,23.608585,true,70.0,false,2026-08-20 07:16:50.000,2026-08-20 04:17:06.545,2026-08-20 04:17:06.545
"09d756db-adb4-42be-83a9-dbdb4015a1d0","7860e321-c5e3-4a88-ad81-8a870011ede0","657aca88-207c-474c-9abc-1af2429cad74",,CHECK_IN,43.194721,23.608585,true,49.0,false,2026-08-20 07:18:12.000,2026-08-20 04:18:36.638,2026-08-20 04:18:36.638
ee822ef2-d679-49ce-9b78-e5ef8f78c3dc,"8a8e1231-da2f-43ae-90a9-21035c93bbc7","657aca88-207c-474c-9abc-1af2429cad74",,CHECK_IN,43.194721,23.608585,true,45.0,false,2026-08-20 07:21:51.000,2026-08-20 04:22:06.751,2026-08-20 04:22:06.751
"805b5be9-064e-4f6e-a10d-f9b8673dcd32",aa93b9b6-4dc0-48dc-9614-f0b955445b40,"657aca88-207c-474c-9abc-1af2429cad74",,CHECK_IN,43.194721,23.608585,true,58.0,false,2026-08-20 07:22:58.000,2026-08-20 04:23:06.548,2026-08-20 04:23:06.548
"2c74bff1-f983-40ff-a648-e3a7ebed9b22",f71a195c-7f69-46bf-b5bd-711c2beacdc9,"657aca88-207c-474c-9abc-1af2429cad74",,CHECK_IN,43.194721,23.608585,true,54.0,false,2026-08-20 07:27:01.000,2026-08-20 04:27:06.653,2026-08-20 04:27:06.653
"7727f766-3e4d-475c-8c04-911a55f69b3b","3d976022-5033-4c30-883d-2bb683c9cfa1","657aca88-207c-474c-9abc-1af2429cad74",,CHECK_IN,43.194721,23.608585,true,47.0,false,2026-08-20 07:27:50.000,2026-08-20 04:28:06.544,2026-08-20 04:28:06.544
ce3ce4cf-f6de-443a-bde9-e702c142c007,"5e8263c0-8db9-4084-810f-7317368bd919","657aca88-207c-474c-9abc-1af2429cad74",,CHECK_IN,43.194721,23.608585,true,63.0,false,2026-08-20 07:28:18.000,2026-08-20 04:28:36.553,2026-08-20 04:28:36.553
"01acf1b8-763e-44cb-a98b-8df470bed7cd","1c9f0cce-7d52-4182-9a80-75f87a851a6b","657aca88-207c-474c-9abc-1af2429cad74",,CHECK_IN,43.194721,23.608585,true,52.0,false,2026-08-20 07:28:47.000,2026-08-20 04:29:06.567,2026-08-20 04:29:06.567
"59595154-fb62-4d72-9492-e6ef9760f2a4","2555d529-ff47-49b6-931f-f2dce830a6fc","657aca88-207c-474c-9abc-1af2429cad74",,CHECK_IN,43.194721,23.608585,true,63.0,false,2026-08-20 07:29:51.000,2026-08-20 04:30:06.551,2026-08-20 04:30:06.551
"1d58d44d-f995-4d5e-84d8-f7b8f3645248",e5a36817-048f-4868-929a-d1cf32fc6258,"657aca88-207c-474c-9abc-1af2429cad74",,CHECK_IN,43.194721,23.608585,true,51.0,false,2026-08-20 07:31:08.000,2026-08-20 04:31:36.651,2026-08-20 04:31:36.651
"1e3f64cb-62d1-4461-8ac7-4ca885ff1b85","77a6d5e3-909d-4b7f-a456-154344b678f4","657aca88-207c-474c-9abc-1af2429cad74",,CHECK_IN,43.194721,23.608585,true,52.0,false,2026-08-20 07:31:56.000,2026-08-20 04:32:06.551,2026-08-20 04:32:06.551
"3bb5d6b5-78e7-4c05-87a5-e6372fd588b6","2eca8bc8-65a5-4298-870f-0615602aef91","657aca88-207c-474c-9abc-1af2429cad74",,CHECK_IN,43.194721,23.608585,true,54.0,false,2026-08-20 07:32:44.000,2026-08-20 04:33:06.550,2026-08-20 04:33:06.550
"5cae1ab7-779d-4551-9ea5-8528083fa1a9","602d9323-f5c4-4df1-b6c4-84604b161a27","657aca88-207c-474c-9abc-1af2429cad74",,CHECK_IN,43.194721,23.608585,true,66.0,false,2026-08-20 07:34:54.000,2026-08-20 04:35:06.668,2026-08-20 04:35:06.668
f1a508b1-e21e-4bb7-989c-5744a92c534a,"2501fe3b-87b2-4539-b79d-49be6e92cf4d","657aca88-207c-474c-9abc-1af2429cad74",,CHECK_IN,43.194721,23.608585,true,47.0,false,2026-08-20 07:45:31.000,2026-08-20 04:45:36.976,2026-08-20 04:45:36.976
e5e928ab-5932-4f0e-a28a-b3aa19aef9c6,"1e0cfcc4-0a5c-4457-8811-3e370c4f260f","657aca88-207c-474c-9abc-1af2429cad74",,CHECK_IN,43.194721,23.608585,true,55.0,false,2026-08-20 07:50:47.000,2026-08-20 04:51:06.647,2026-08-20 04:51:06.647
"8d03cedf-3e87-45fc-92a3-edb030a9a17a","3e9b8b43-1c54-419f-ad64-260992871d8f","657aca88-207c-474c-9abc-1af2429cad74",,CHECK_IN,43.194721,23.608585,true,67.0,false,2026-08-20 07:53:06.000,2026-08-20 04:53:36.665,2026-08-20 04:53:36.665
"9c654697-e309-44b0-a55e-e9e35a57d937","3cf4b4cd-06b0-41a6-b623-d879c376e653","14069dc4-b649-4e36-9b8a-01dc66c98852",,CHECK_IN,41.9617695,24.1448744,false,72.0,false,2026-08-20 08:05:50.000,2026-08-20 05:05:54.166,2026-08-20 05:05:54.166
c1c76ef2-61f0-496e-8b35-600fd1ee71f0,d30369f0-3500-48c7-ad97-72c9e3892640,"14069dc4-b649-4e36-9b8a-01dc66c98852",,CHECK_IN,41.961796,24.1449417,false,73.0,false,2026-08-20 08:06:05.000,2026-08-20 05:06:24.166,2026-08-20 05:06:24.166
"4ce4385e-516c-43ac-868f-c226cc62d94b","227e83bc-6403-489b-bf51-8cf75bfeec4f","14069dc4-b649-4e36-9b8a-01dc66c98852",,CHECK_IN,41.9617704,24.1448991,false,56.0,false,2026-08-20 08:06:18.000,2026-08-20 05:06:24.173,2026-08-20 05:06:24.173
"30939f77-6055-4be5-a4d2-ac6456fb6e81",ead2bb2f-b8c9-434e-94b3-e81670543843,"14069dc4-b649-4e36-9b8a-01dc66c98852",,CHECK_IN,41.9617683,24.1449,false,62.0,false,2026-08-20 08:06:46.000,2026-08-20 05:06:54.130,2026-08-20 05:06:54.130
"78f8c6ce-02f4-44a0-9a36-bf1bed06f7e7","2d44b1de-c3cd-4cbb-8b4a-6feccd3e14c3","14069dc4-b649-4e36-9b8a-01dc66c98852",,CHECK_IN,41.9617348,24.1449591,false,75.0,false,2026-08-20 08:07:10.000,2026-08-20 05:07:24.245,2026-08-20 05:07:24.245
"691dfbeb-b3e0-42e4-b7fa-e6146730edd7","499ba295-f7ec-4127-8350-2d670b7e15b8","14069dc4-b649-4e36-9b8a-01dc66c98852",,CHECK_IN,41.9617567,24.1448667,false,75.0,false,2026-08-20 08:08:04.000,2026-08-20 05:08:24.256,2026-08-20 05:08:24.256
"7a21fc6c-5f09-42b5-b538-172c82f2b3ae","3356ed90-87e3-4c52-94fc-2d8b39737210","14069dc4-b649-4e36-9b8a-01dc66c98852",,CHECK_IN,41.9617497,24.1448244,false,67.0,false,2026-08-20 08:08:17.000,2026-08-20 05:08:24.263,2026-08-20 05:08:24.263
f2f334d8-7b14-4398-a323-9d9fcb39d852,"8262f751-7ac1-4e3b-9855-a9d1387093e5","14069dc4-b649-4e36-9b8a-01dc66c98852",,CHECK_IN,41.9617605,24.1448849,false,80.0,false,2026-08-20 08:08:31.000,2026-08-20 05:08:54.385,2026-08-20 05:08:54.385
"3f4e940c-a130-4fc8-9a98-7fa480c3892b",ad37e729-b4cb-4f7b-86a8-f949eb072a91,"14069dc4-b649-4e36-9b8a-01dc66c98852",,CHECK_IN,41.9617591,24.1449249,false,95.0,false,2026-08-20 08:13:12.000,2026-08-20 05:13:23.041,2026-08-20 05:13:23.041
d6481f84-c1e5-47ec-a122-6fa7e9bb1e0e,becf9cb7-3119-4147-84ec-1d275d4e75cf,"14069dc4-b649-4e36-9b8a-01dc66c98852",,CHECK_OUT,41.9616613,24.1448707,true,53.0,false,2026-08-20 08:18:47.000,2026-08-20 05:18:56.856,2026-08-20 05:18:56.856
e9b94e43-f425-4975-8b6c-b047ff55f9bf,"38537a2e-18c8-4143-8dff-84861ef3de06","510378d3-8afd-4a13-b553-d65fca89f73e",,CHECK_IN,43.6764099,24.2565642,true,63.0,false,2026-08-20 09:21:46.000,2026-08-20 06:21:59.516,2026-08-20 06:21:59.516
"8cb305f4-444e-4fd4-aabd-58c4e0e0ea5c",d0b6501c-1a2c-48d5-8614-41a1ca72be02,"510378d3-8afd-4a13-b553-d65fca89f73e",,CHECK_IN,43.6763781,24.2569174,false,56.0,false,2026-08-20 09:20:56.000,2026-08-20 06:21:00.350,2026-08-20 06:21:00.350
"21c29db9-edd1-4e86-9198-6563f3a959cc",e7a261e3-bcfe-4f0b-a83f-2bacdb493144,"14069dc4-b649-4e36-9b8a-01dc66c98852",,CHECK_IN,41.9617242,24.1448918,true,77.0,false,2026-08-20 08:13:36.000,2026-08-20 05:13:51.041,2026-08-20 05:13:51.041
"110d7a05-c098-4202-bafe-92202d23ae00","1eb9c9f9-5b3e-4445-9f0b-282ea94c861f","14069dc4-b649-4e36-9b8a-01dc66c98852",,CHECK_IN,41.9616834,24.1448923,true,92.0,false,2026-08-20 08:14:29.000,2026-08-20 05:14:52.031,2026-08-20 05:14:52.031
e54c1cb7-dfe7-4729-8d07-e017b1c8fb8c,"21883900-ef26-4b03-9876-d69f3b39f722","14069dc4-b649-4e36-9b8a-01dc66c98852",,CHECK_IN,41.9617464,24.1448413,true,62.0,false,2026-08-20 08:08:24.000,2026-08-20 05:08:54.285,2026-08-20 05:08:54.285
"812ba7a3-2699-4685-9a61-8e8d05678790","2112a5d6-1663-442a-a32b-1ef34b46c97c","14069dc4-b649-4e36-9b8a-01dc66c98852",,CHECK_IN,41.961808,24.1448629,true,57.0,false,2026-08-20 08:07:37.000,2026-08-20 05:07:54.297,2026-08-20 05:07:54.297
b2408d01-609e-4ed6-8062-a92a3cb1b74d,cf88db0c-4e6b-4fb1-ba0b-4fb634733eb5,"14069dc4-b649-4e36-9b8a-01dc66c98852",,CHECK_IN,41.9617571,24.1448664,true,59.0,false,2026-08-20 08:07:49.000,2026-08-20 05:07:54.303,2026-08-20 05:07:54.303
"79feb266-0082-49b6-8502-bfc96966edf0","3a56a604-39c5-49b6-ab91-6ee41836c751","14069dc4-b649-4e36-9b8a-01dc66c98852",,CHECK_IN,41.9617239,24.1448974,true,52.0,false,2026-08-20 08:13:22.000,2026-08-20 05:13:23.122,2026-08-20 05:13:23.122
ff36328b-9b03-493b-9bdf-af35a7b17772,becf9cb7-3119-4147-84ec-1d275d4e75cf,"14069dc4-b649-4e36-9b8a-01dc66c98852",,CHECK_IN,41.9617205,24.1448545,true,89.0,false,2026-08-20 07:50:35.000,2026-08-20 04:50:45.730,2026-08-20 04:50:45.730
"1cf0f0cf-c686-4b20-91bc-08c7d2698a70",becf9cb7-3119-4147-84ec-1d275d4e75cf,"14069dc4-b649-4e36-9b8a-01dc66c98852",,CHECK_IN,41.9616659,24.1448893,true,51.0,false,2026-08-20 08:18:54.000,2026-08-20 05:18:57.148,2026-08-20 05:18:57.148
"8c7336d1-71be-44a7-9c8c-d36f927c1fd5","24f1944a-6409-43e5-86b4-a2cb61fbf850","14069dc4-b649-4e36-9b8a-01dc66c98852",,CHECK_IN,41.9617276,24.1449323,true,63.0,false,2026-08-20 08:07:19.000,2026-08-20 05:07:24.748,2026-08-20 05:07:24.748
