"id","worker_id","site_id","manager_id","type","lat","lng","location_valid","face_confidence","manual_override","recorded_at","synced_at","created_at"
"01941891-5fb1-4d72-ab0d-79c7ace9f33a","9ea88b39-c825-4750-8c8f-9a69ba895994","657aca88-207c-474c-9abc-1af2429cad74",,CHECK_IN,43.81202696994866,25.979051580697654,false,97.0,false,2026-07-10 16:50:08.000,2026-07-10 13:50:11.765,2026-07-10 13:50:11.765
"8c8f2c89-35e8-4456-9165-5eca1695cf9f","986b9165-20b2-4ea1-b09f-498a58979161","657aca88-207c-474c-9abc-1af2429cad74",,CHECK_IN,43.2222306,23.5462277,false,83.0,false,2026-07-10 18:50:09.000,2026-07-10 15:50:11.113,2026-07-10 15:50:11.113
a588ab96-4136-4477-a5a7-ba08fd55493e,"986b9165-20b2-4ea1-b09f-498a58979161","657aca88-207c-474c-9abc-1af2429cad74",,CHECK_OUT,43.2262534,23.5606741,false,54.0,false,2026-07-10 18:53:04.000,2026-07-10 15:53:06.357,2026-07-10 15:53:06.357
"5ea3a384-925b-481f-b7dd-908b6dd321ab","9ea88b39-c825-4750-8c8f-9a69ba895994","657aca88-207c-474c-9abc-1af2429cad74",,CHECK_OUT,43.81202696994866,25.979051580697654,true,,true,2026-07-10 18:00:00.000,2026-07-11 00:01:00.095,2026-07-11 00:01:00.095
"7b86de28-41e0-42b9-81f3-0a37c349fdb3",d5aed01f-427e-4421-9e35-b8cde6f895a3,"657aca88-207c-474c-9abc-1af2429cad74",,CHECK_IN,43.1982506,23.6088289,false,74.0,false,2026-07-17 14:20:49.000,2026-07-17 11:20:51.917,2026-07-17 11:20:51.917
feb9fd27-d499-41bc-bf8f-e4927d0a9e98,"986b9165-20b2-4ea1-b09f-498a58979161","657aca88-207c-474c-9abc-1af2429cad74",,CHECK_IN,0.0,0.0,false,49.0,false,2026-07-17 14:21:01.000,2026-07-17 11:21:04.535,2026-07-17 11:21:04.535
"1f0efe3e-fbad-4861-bbb5-e09e543cff5d",d5aed01f-427e-4421-9e35-b8cde6f895a3,"657aca88-207c-474c-9abc-1af2429cad74",,CHECK_OUT,43.1982187,23.6087818,false,53.0,false,2026-07-17 14:21:58.000,2026-07-17 11:22:00.815,2026-07-17 11:22:00.815
"1dcf7600-ff63-4417-b253-5928a8b46889","986b9165-20b2-4ea1-b09f-498a58979161","657aca88-207c-474c-9abc-1af2429cad74",,CHECK_OUT,0.0,0.0,true,,true,2026-07-17 18:00:00.000,2026-07-18 00:01:00.077,2026-07-18 00:01:00.077
"24b5eecd-228f-4cb2-aa43-18739869cae4",d5aed01f-427e-4421-9e35-b8cde6f895a3,"657aca88-207c-474c-9abc-1af2429cad74",,CHECK_IN,43.20290844643309,23.555694639265916,false,52.0,false,2026-07-22 11:27:00.000,2026-07-22 08:26:57.768,2026-07-22 08:26:57.768
"7c2b6cd1-b121-4da5-9ff5-f4878af94a4b","5d65358f-ecc6-425e-b624-75fb869ebd6d","657aca88-207c-474c-9abc-1af2429cad74",,CHECK_IN,42.22936595201864,27.775062123814617,false,86.0,false,2026-07-22 11:31:09.000,2026-07-22 08:31:12.980,2026-07-22 08:31:12.980
"193a84b4-e75b-4aab-aecc-59b40407ede7",d5aed01f-427e-4421-9e35-b8cde6f895a3,"657aca88-207c-474c-9abc-1af2429cad74",,CHECK_OUT,43.20290844643309,23.555694639265916,true,,true,2026-07-22 18:00:00.000,2026-07-23 00:01:00.106,2026-07-23 00:01:00.106
"12a078eb-67d5-4fa9-b4f7-6986ae5a0d20","5d65358f-ecc6-425e-b624-75fb869ebd6d","657aca88-207c-474c-9abc-1af2429cad74",,CHECK_OUT,42.22936595201864,27.775062123814617,true,,true,2026-07-22 18:00:00.000,2026-07-23 00:01:00.167,2026-07-23 00:01:00.167
d164b356-5b67-4c6b-a8f6-31f395121fd0,"5d65358f-ecc6-425e-b624-75fb869ebd6d","657aca88-207c-474c-9abc-1af2429cad74",,CHECK_IN,43.20269151932302,23.555408058274395,false,53.0,false,2026-07-27 08:20:47.000,2026-07-27 05:20:49.925,2026-07-27 05:20:49.925
"516b98da-921d-4d89-ac18-d82350663a83","5d65358f-ecc6-425e-b624-75fb869ebd6d",c211b70d-7f1d-43df-a4f0-1e93123ede1d,,CHECK_IN,43.20269940182356,23.55544629481376,false,62.0,false,2026-07-27 08:28:40.000,2026-07-27 05:28:43.896,2026-07-27 05:28:43.896
a91081b9-f45b-4715-9c91-3f994e8b066b,"5d65358f-ecc6-425e-b624-75fb869ebd6d",c211b70d-7f1d-43df-a4f0-1e93123ede1d,,CHECK_OUT,43.20260351621786,23.555402526340238,false,57.0,false,2026-07-27 08:31:04.000,2026-07-27 05:31:06.541,2026-07-27 05:31:06.541
"2ac57a1a-f79c-4e46-bfc4-b2a1298c6e2d","5d65358f-ecc6-425e-b624-75fb869ebd6d","657aca88-207c-474c-9abc-1af2429cad74",,CHECK_OUT,43.20270142173718,23.555416755205563,false,63.0,false,2026-07-27 08:41:02.000,2026-07-27 05:41:05.460,2026-07-27 05:41:05.460
"0b955653-a204-48eb-b211-b2ba29722a54","5d65358f-ecc6-425e-b624-75fb869ebd6d","510378d3-8afd-4a13-b553-d65fca89f73e",,CHECK_IN,43.20265434854162,23.55558068223339,false,60.0,false,2026-07-29 11:48:55.000,2026-07-29 08:48:57.433,2026-07-29 08:48:57.433
a5968be9-5276-4a53-bec7-88c6947d349e,"5d65358f-ecc6-425e-b624-75fb869ebd6d","510378d3-8afd-4a13-b553-d65fca89f73e",,CHECK_OUT,43.20266293720197,23.55548419994128,false,56.0,false,2026-07-29 11:52:37.000,2026-07-29 08:52:39.988,2026-07-29 08:52:39.988
"461a8c0e-cf96-4b95-9b30-2302a4b0bd94","52962adb-ebf2-4846-b675-a438ff5e70e6","657aca88-207c-474c-9abc-1af2429cad74",,CHECK_IN,43.20273439552276,23.55538799890077,false,72.0,false,2026-07-30 15:38:23.000,2026-07-30 12:38:21.784,2026-07-30 12:38:21.784
"89c48858-aaac-4a85-9ba0-f1320158f5da","52962adb-ebf2-4846-b675-a438ff5e70e6","657aca88-207c-474c-9abc-1af2429cad74",,CHECK_OUT,43.2028608,23.5553677,false,55.0,false,2026-07-30 16:54:23.000,2026-07-30 13:54:24.362,2026-07-30 13:54:24.362
"406d0005-cbbc-49a3-baa2-9b3740bab629","52962adb-ebf2-4846-b675-a438ff5e70e6",c211b70d-7f1d-43df-a4f0-1e93123ede1d,,CHECK_IN,43.2027109738064,23.555450119040987,true,64.0,false,2026-07-31 07:31:33.000,2026-07-31 04:31:33.189,2026-07-31 04:31:33.189
d2af8bc4-b5ff-4318-84ea-74b8a77f97f7,d5aed01f-427e-4421-9e35-b8cde6f895a3,"657aca88-207c-474c-9abc-1af2429cad74",,CHECK_IN,43.20285393241166,23.555657410574675,false,65.0,false,2026-07-31 09:38:05.000,2026-07-31 06:38:06.435,2026-07-31 06:38:06.435
"0e3b1024-7e51-4cd6-9680-865b0ea79607","52962adb-ebf2-4846-b675-a438ff5e70e6",c211b70d-7f1d-43df-a4f0-1e93123ede1d,,CHECK_OUT,43.2029305,23.5556475,true,46.0,false,2026-07-31 11:24:28.000,2026-07-31 08:24:28.252,2026-07-31 08:24:28.252
"473d07cb-9255-4b3f-b900-086c81bdce3c",d5aed01f-427e-4421-9e35-b8cde6f895a3,"657aca88-207c-474c-9abc-1af2429cad74",,CHECK_OUT,43.2029301,23.5556515,false,57.0,false,2026-07-31 11:25:30.000,2026-07-31 08:25:31.221,2026-07-31 08:25:31.221
"8af11c6c-4741-4e1b-b71d-ea94e33adbbd","986b9165-20b2-4ea1-b09f-498a58979161",c211b70d-7f1d-43df-a4f0-1e93123ede1d,,CHECK_IN,43.2054304,23.5620728,false,50.0,false,2026-07-31 14:03:04.000,2026-07-31 11:03:08.544,2026-07-31 11:03:08.544
"7ac0e85c-95c2-4a43-8730-806994e955a5",eef89a1f-8708-46d6-b233-9c498a8a4ee1,c211b70d-7f1d-43df-a4f0-1e93123ede1d,,CHECK_IN,0.0,0.0,false,53.0,false,2026-07-31 14:05:44.000,2026-07-31 11:05:47.677,2026-07-31 11:05:47.677
b34c3e95-9735-4d1c-aaaa-27f1be39fabb,"52109178-30c9-4195-9173-871165c4c31b",c211b70d-7f1d-43df-a4f0-1e93123ede1d,,CHECK_IN,0.0,0.0,false,64.0,false,2026-07-31 14:09:53.000,2026-07-31 11:09:57.501,2026-07-31 11:09:57.501
"7c8c1cb4-1eb7-4bf7-be6c-9c0abf29c0ca","986b9165-20b2-4ea1-b09f-498a58979161",c211b70d-7f1d-43df-a4f0-1e93123ede1d,,CHECK_OUT,0.0,0.0,false,59.0,false,2026-07-31 14:18:54.000,2026-07-31 11:18:55.035,2026-07-31 11:18:55.035
"7d7e5aed-2817-4414-88be-4edcccc80552","986b9165-20b2-4ea1-b09f-498a58979161",c211b70d-7f1d-43df-a4f0-1e93123ede1d,,CHECK_OUT,0.0,0.0,false,55.0,false,2026-07-31 14:18:53.000,2026-07-31 11:18:55.986,2026-07-31 11:18:55.986
"9a7de167-7683-4eae-b54f-031d2cd63ab2","986b9165-20b2-4ea1-b09f-498a58979161",c211b70d-7f1d-43df-a4f0-1e93123ede1d,,CHECK_IN,0.0,0.0,false,58.0,false,2026-07-31 14:19:05.000,2026-07-31 11:19:06.888,2026-07-31 11:19:06.888
"757b4d5d-21e7-4db9-b2d7-665470d646b1","986b9165-20b2-4ea1-b09f-498a58979161",c211b70d-7f1d-43df-a4f0-1e93123ede1d,,CHECK_OUT,0.0,0.0,false,48.0,false,2026-07-31 14:29:27.000,2026-07-31 11:29:28.481,2026-07-31 11:29:28.481
"1ae559cc-790d-4322-9ce1-1c473979ae9b","986b9165-20b2-4ea1-b09f-498a58979161",c211b70d-7f1d-43df-a4f0-1e93123ede1d,,CHECK_IN,0.0,0.0,false,48.0,false,2026-07-31 14:29:31.000,2026-07-31 11:29:34.452,2026-07-31 11:29:34.452
"1451126f-2eac-4ff8-9398-9fd6f63cdae1",eef89a1f-8708-46d6-b233-9c498a8a4ee1,c211b70d-7f1d-43df-a4f0-1e93123ede1d,,CHECK_OUT,43.205063,23.561802,false,59.0,false,2026-07-31 14:30:39.000,2026-07-31 11:30:29.041,2026-07-31 11:30:29.041
"8cafbbcc-bfc2-463b-bfdc-e5f495773c88",eef89a1f-8708-46d6-b233-9c498a8a4ee1,c211b70d-7f1d-43df-a4f0-1e93123ede1d,,CHECK_IN,43.205063,23.561802,false,57.0,false,2026-07-31 14:30:42.000,2026-07-31 11:30:35.051,2026-07-31 11:30:35.051
"676dcbd2-6ad8-4d37-b1eb-112ea580eb30",eef89a1f-8708-46d6-b233-9c498a8a4ee1,c211b70d-7f1d-43df-a4f0-1e93123ede1d,,CHECK_OUT,43.205063,23.561802,false,57.0,false,2026-07-31 14:30:56.000,2026-07-31 11:30:47.104,2026-07-31 11:30:47.104
a5ac96ef-a94f-43bb-aa37-48e41fb27124,eef89a1f-8708-46d6-b233-9c498a8a4ee1,c211b70d-7f1d-43df-a4f0-1e93123ede1d,,CHECK_IN,43.205063,23.561802,false,58.0,false,2026-07-31 14:31:09.000,2026-07-31 11:31:02.274,2026-07-31 11:31:02.274
fb16de3a-d27d-4510-b3da-9850dfe04b3e,eef89a1f-8708-46d6-b233-9c498a8a4ee1,c211b70d-7f1d-43df-a4f0-1e93123ede1d,,CHECK_OUT,43.205063,23.561802,false,58.0,false,2026-07-31 14:31:11.000,2026-07-31 11:31:02.319,2026-07-31 11:31:02.319
"64a0fcb6-1bd7-4bb4-948d-f41f04b20165","986b9165-20b2-4ea1-b09f-498a58979161","657aca88-207c-474c-9abc-1af2429cad74",,CHECK_OUT,43.1973162,23.561149,false,63.0,false,2026-07-31 15:43:43.000,2026-07-31 12:44:00.641,2026-07-31 12:44:00.641
"22781a8e-6380-47c1-bcde-3bea4752bf9d","986b9165-20b2-4ea1-b09f-498a58979161","657aca88-207c-474c-9abc-1af2429cad74",,CHECK_OUT,43.1973097,23.5611557,false,57.0,false,2026-07-31 15:47:11.000,2026-07-31 12:47:19.446,2026-07-31 12:47:19.446
abe6761e-3335-4888-9e8b-bb8ab1e911c0,"986b9165-20b2-4ea1-b09f-498a58979161","657aca88-207c-474c-9abc-1af2429cad74",,CHECK_IN,43.1973097,23.5611557,false,57.0,false,2026-07-31 15:47:14.000,2026-07-31 12:47:19.456,2026-07-31 12:47:19.456
fb69f550-d584-493c-8f71-29db6f7e4be1,"986b9165-20b2-4ea1-b09f-498a58979161","657aca88-207c-474c-9abc-1af2429cad74",,CHECK_OUT,43.2054438,23.5620701,false,56.0,false,2026-07-31 16:24:15.000,2026-07-31 13:24:23.763,2026-07-31 13:24:23.763
"5c282adf-ecb6-46dc-8d53-34c971f4f123","2ac74953-19d4-4eff-a675-7f65679df39c",c211b70d-7f1d-43df-a4f0-1e93123ede1d,,CHECK_IN,43.20547719121043,23.561704099594415,false,66.0,false,2026-07-31 16:35:59.000,2026-07-31 13:36:13.355,2026-07-31 13:36:13.355
c9f6797e-3d93-4633-a6bf-147c6f33aef5,"2ac74953-19d4-4eff-a675-7f65679df39c",c211b70d-7f1d-43df-a4f0-1e93123ede1d,,CHECK_OUT,43.20547719121043,23.561704099594415,false,63.0,false,2026-07-31 16:36:23.000,2026-07-31 13:36:43.309,2026-07-31 13:36:43.309
"8adc2e3d-578c-42ef-a78d-ac2a2081fb5b","986b9165-20b2-4ea1-b09f-498a58979161","657aca88-207c-474c-9abc-1af2429cad74",,CHECK_OUT,43.20547719121043,23.561704099594415,false,66.0,false,2026-07-31 16:36:35.000,2026-07-31 13:36:43.378,2026-07-31 13:36:43.378
e1c0b47a-dd1d-496f-b9e3-0a166377b93b,"986b9165-20b2-4ea1-b09f-498a58979161","657aca88-207c-474c-9abc-1af2429cad74",,CHECK_IN,43.20547719121043,23.561704099594415,false,68.0,false,2026-07-31 16:36:40.000,2026-07-31 13:36:43.385,2026-07-31 13:36:43.385
ddc9c847-e2da-4108-b394-040fba5565b6,"52109178-30c9-4195-9173-871165c4c31b",c211b70d-7f1d-43df-a4f0-1e93123ede1d,,CHECK_OUT,43.20547549630562,23.561628674271784,false,71.0,false,2026-07-31 16:45:04.000,2026-07-31 13:45:08.909,2026-07-31 13:45:08.909
d3abd2d8-daac-4345-8b3a-2ec3244661f1,"986b9165-20b2-4ea1-b09f-498a58979161","657aca88-207c-474c-9abc-1af2429cad74",,CHECK_OUT,43.20547549630562,23.561628674271784,false,68.0,false,2026-07-31 16:45:33.000,2026-07-31 13:45:38.907,2026-07-31 13:45:38.907
d24870ae-e99f-4a6d-af61-a0506d979040,"8827a7f3-5c69-4327-a1c3-d9b13c0d5bf5","657aca88-207c-474c-9abc-1af2429cad74",,CHECK_IN,43.812036509175186,25.97890473867682,false,91.0,false,2026-07-31 16:49:36.000,2026-07-31 13:49:43.513,2026-07-31 13:49:43.513
"27a28109-9dbc-48fc-8cde-a8cb344728ff",d5aed01f-427e-4421-9e35-b8cde6f895a3,"657aca88-207c-474c-9abc-1af2429cad74",,CHECK_IN,43.202901815021264,23.555751535828712,false,62.0,false,2026-07-31 17:05:08.000,2026-07-31 14:05:24.334,2026-07-31 14:05:24.334
"314349ae-f35a-4435-aad9-b3eabc978d71",d5aed01f-427e-4421-9e35-b8cde6f895a3,"657aca88-207c-474c-9abc-1af2429cad74",,CHECK_OUT,43.20290650608821,23.555740738997244,false,63.0,false,2026-07-31 17:05:29.000,2026-07-31 14:05:54.342,2026-07-31 14:05:54.342
da583ea6-6f96-44f4-8ccc-74b0b374a4d6,"52962adb-ebf2-4846-b675-a438ff5e70e6",c211b70d-7f1d-43df-a4f0-1e93123ede1d,,CHECK_IN,43.20274675980838,23.555339395279194,true,67.0,false,2026-07-31 17:12:15.000,2026-07-31 14:12:20.689,2026-07-31 14:12:20.689
"5ae706d7-77a5-4598-948c-f1eb0aabcc54","52962adb-ebf2-4846-b675-a438ff5e70e6","657aca88-207c-474c-9abc-1af2429cad74",,CHECK_OUT,43.20266265862382,23.55545463309693,false,71.0,false,2026-07-31 17:14:01.000,2026-07-31 14:14:04.115,2026-07-31 14:14:04.115
b526df19-40fe-420f-a116-9127a60f2178,d5aed01f-427e-4421-9e35-b8cde6f895a3,"657aca88-207c-474c-9abc-1af2429cad74",,CHECK_IN,43.202936970153125,23.555664569508295,false,64.0,false,2026-07-31 17:17:33.000,2026-07-31 14:17:52.631,2026-07-31 14:17:52.631
"2d6ac46e-2591-468b-ba0d-b7d7cca33f75",d5aed01f-427e-4421-9e35-b8cde6f895a3,"657aca88-207c-474c-9abc-1af2429cad74",,CHECK_OUT,43.2029401271854,23.555657849000927,false,56.0,false,2026-07-31 17:19:26.000,2026-07-31 14:19:40.304,2026-07-31 14:19:40.304
efb91f68-cdeb-46e5-b78d-f106905fac45,"52962adb-ebf2-4846-b675-a438ff5e70e6",c211b70d-7f1d-43df-a4f0-1e93123ede1d,,CHECK_OUT,43.20273023032843,23.555403704795992,true,74.0,false,2026-07-31 17:24:13.000,2026-07-31 14:24:23.160,2026-07-31 14:24:23.160
"0bc7da55-2f95-4ff8-99c6-84bba87808f8","52962adb-ebf2-4846-b675-a438ff5e70e6",c211b70d-7f1d-43df-a4f0-1e93123ede1d,,CHECK_IN,43.202629500123486,23.55541959574227,true,69.0,false,2026-07-31 17:27:29.000,2026-07-31 14:27:42.479,2026-07-31 14:27:42.479
"240bccc5-4832-4ba8-86cc-0ad262e4a095","52962adb-ebf2-4846-b675-a438ff5e70e6",c211b70d-7f1d-43df-a4f0-1e93123ede1d,,CHECK_OUT,43.20266882127859,23.555352018391737,true,65.0,false,2026-07-31 17:28:19.000,2026-07-31 14:28:26.891,2026-07-31 14:28:26.891
d27f20ff-4389-4885-92bc-27a2f1aa8a43,"8827a7f3-5c69-4327-a1c3-d9b13c0d5bf5","657aca88-207c-474c-9abc-1af2429cad74",,CHECK_OUT,43.812036509175186,25.97890473867682,true,,true,2026-07-31 18:00:00.000,2026-08-01 00:01:00.120,2026-08-01 00:01:00.120
"971624e3-f064-4164-8e4f-51c43e14262d","52962adb-ebf2-4846-b675-a438ff5e70e6","657aca88-207c-474c-9abc-1af2429cad74",,CHECK_IN,43.20272538978763,23.555444388772578,false,65.0,false,2026-08-01 08:51:33.000,2026-08-01 05:51:38.018,2026-08-01 05:51:38.018
"95e09fde-8be4-4eec-8e91-108dd19f5389","52962adb-ebf2-4846-b675-a438ff5e70e6","657aca88-207c-474c-9abc-1af2429cad74",,CHECK_OUT,43.20271451828021,23.555321031180316,false,64.0,false,2026-08-01 08:55:06.000,2026-08-01 05:55:08.176,2026-08-01 05:55:08.176
"9f1867fb-7925-4e7a-b18c-7d804cf910a1","52962adb-ebf2-4846-b675-a438ff5e70e6","657aca88-207c-474c-9abc-1af2429cad74",,CHECK_IN,43.20269948531404,23.55541461064467,false,59.0,false,2026-08-01 08:59:21.000,2026-08-01 05:59:34.688,2026-08-01 05:59:34.688
e1c87efe-1615-4e4f-91c6-2b59f8b028c3,"52962adb-ebf2-4846-b675-a438ff5e70e6","657aca88-207c-474c-9abc-1af2429cad74",,CHECK_OUT,43.20264535221599,23.555324839303285,false,56.0,false,2026-08-01 08:59:49.000,2026-08-01 06:00:04.590,2026-08-01 06:00:04.590
"1632e68e-31af-4871-8a51-765f17545032","52962adb-ebf2-4846-b675-a438ff5e70e6","657aca88-207c-474c-9abc-1af2429cad74",,CHECK_IN,43.202733221430634,23.55532725134839,false,53.0,false,2026-08-01 09:00:24.000,2026-08-01 06:00:34.623,2026-08-01 06:00:34.623
"538431a2-9fbf-4eec-8f01-e6755a66834d","52962adb-ebf2-4846-b675-a438ff5e70e6","657aca88-207c-474c-9abc-1af2429cad74",,CHECK_OUT,43.202733221430634,23.55532725134839,false,47.0,false,2026-08-01 09:00:32.000,2026-08-01 06:00:34.627,2026-08-01 06:00:34.627
"21014e7f-c71e-484c-96f8-09402a93b1e4","52962adb-ebf2-4846-b675-a438ff5e70e6","657aca88-207c-474c-9abc-1af2429cad74",,CHECK_IN,43.2029156,23.5553974,false,62.0,false,2026-08-03 14:48:02.000,2026-08-03 11:48:08.106,2026-08-03 11:48:08.106
"771a9249-27f3-4946-bd2b-08bd08617569","52962adb-ebf2-4846-b675-a438ff5e70e6","657aca88-207c-474c-9abc-1af2429cad74",,CHECK_IN,43.2029092,23.5553797,false,63.0,false,2026-08-03 14:49:39.000,2026-08-03 11:50:16.806,2026-08-03 11:50:16.806
"93a32f71-afd0-4b1c-9e4a-7c274420b7b0","52962adb-ebf2-4846-b675-a438ff5e70e6","657aca88-207c-474c-9abc-1af2429cad74",,CHECK_OUT,43.2029001,23.5553863,false,61.0,false,2026-08-03 14:49:41.000,2026-08-03 11:50:16.808,2026-08-03 11:50:16.808
"142d7b99-ad88-41c5-8e52-9b717067c04d","52962adb-ebf2-4846-b675-a438ff5e70e6","657aca88-207c-474c-9abc-1af2429cad74",,CHECK_IN,43.202753682624895,23.5552711019832,false,85.0,false,2026-08-03 14:51:00.000,2026-08-03 11:51:07.445,2026-08-03 11:51:07.445
"4f0a065f-1820-4407-b8b4-1bd752dd908f","52962adb-ebf2-4846-b675-a438ff5e70e6","657aca88-207c-474c-9abc-1af2429cad74",,CHECK_OUT,43.20264684708903,23.555341299998556,false,77.0,false,2026-08-03 14:52:09.000,2026-08-03 11:52:15.011,2026-08-03 11:52:15.011
b247a4a9-7b5d-4b1c-8d0a-85a85cbd23e6,"52962adb-ebf2-4846-b675-a438ff5e70e6","657aca88-207c-474c-9abc-1af2429cad74",,CHECK_IN,43.2026523383437,23.555322587843765,false,76.0,false,2026-08-03 14:53:36.000,2026-08-03 11:53:45.607,2026-08-03 11:53:45.607
b756b55c-b4f2-411a-b6fe-f8d3727c1512,"52962adb-ebf2-4846-b675-a438ff5e70e6","657aca88-207c-474c-9abc-1af2429cad74",,CHECK_OUT,43.20273098848224,23.555380207095435,false,77.0,false,2026-08-03 14:53:42.000,2026-08-03 11:53:45.619,2026-08-03 11:53:45.619
f3fefa5b-eca1-45ca-bc18-e7c23429dc38,"52962adb-ebf2-4846-b675-a438ff5e70e6",c211b70d-7f1d-43df-a4f0-1e93123ede1d,,CHECK_IN,43.202670036375025,23.5553945890129,true,81.0,false,2026-08-03 14:55:49.000,2026-08-03 11:56:08.368,2026-08-03 11:56:08.368
"133c9f57-50ff-47ad-b1fe-f252ddc0403b","52962adb-ebf2-4846-b675-a438ff5e70e6",c211b70d-7f1d-43df-a4f0-1e93123ede1d,,CHECK_OUT,43.202670036375025,23.5553945890129,true,81.0,false,2026-08-03 14:55:55.000,2026-08-03 11:56:08.370,2026-08-03 11:56:08.370
b2ce736c-3578-49c3-82ce-1d9fe3709fb6,"1dc82cbd-bb38-40c3-b4a6-e8aff6d01ede","657aca88-207c-474c-9abc-1af2429cad74",,CHECK_IN,43.20273362356097,23.556093289979444,false,57.0,false,2026-08-03 17:08:22.000,2026-08-03 14:08:40.437,2026-08-03 14:08:40.437
b9f68738-a66b-460b-9f72-bd9f49407c6b,"1dc82cbd-bb38-40c3-b4a6-e8aff6d01ede","657aca88-207c-474c-9abc-1af2429cad74",,CHECK_OUT,43.20271416765832,23.556093584821266,false,82.0,false,2026-08-03 17:08:33.000,2026-08-03 14:08:40.444,2026-08-03 14:08:40.444
dad871d8-f4c2-4f1e-90fe-899998b0f224,"1dc82cbd-bb38-40c3-b4a6-e8aff6d01ede","657aca88-207c-474c-9abc-1af2429cad74",,CHECK_IN,43.20274065928319,23.55602336534648,false,71.0,false,2026-08-03 17:09:11.000,2026-08-03 14:09:33.182,2026-08-03 14:09:33.182
"2546cdd7-d337-4c84-ba28-8accd700472a","1dc82cbd-bb38-40c3-b4a6-e8aff6d01ede","657aca88-207c-474c-9abc-1af2429cad74",,CHECK_OUT,43.20270025445822,23.556140881058607,false,68.0,false,2026-08-03 17:09:29.000,2026-08-03 14:09:33.185,2026-08-03 14:09:33.185
f9ab9f5c-7d2c-4229-ad09-23450915c2e6,fb71202f-c509-4a25-a5b7-a5e374424833,"657aca88-207c-474c-9abc-1af2429cad74",,CHECK_IN,43.20274636217664,23.55545330430575,false,85.0,false,2026-08-03 19:46:01.000,2026-08-03 16:46:23.820,2026-08-03 16:46:23.820
bacf65d9-0a70-4ece-bc19-83928be345b1,"52962adb-ebf2-4846-b675-a438ff5e70e6",c211b70d-7f1d-43df-a4f0-1e93123ede1d,,CHECK_IN,43.20269572923069,23.555410154052964,true,73.0,false,2026-08-03 19:50:05.000,2026-08-03 16:50:32.800,2026-08-03 16:50:32.800
"2e5ab485-8ba9-4308-82fc-23e3a024096b","52962adb-ebf2-4846-b675-a438ff5e70e6",c211b70d-7f1d-43df-a4f0-1e93123ede1d,,CHECK_OUT,43.20267404236021,23.555436266818074,true,71.0,false,2026-08-03 19:50:29.000,2026-08-03 16:50:32.804,2026-08-03 16:50:32.804
d2d2e56f-94b6-420b-b938-178d0a2a06f9,"52962adb-ebf2-4846-b675-a438ff5e70e6",c211b70d-7f1d-43df-a4f0-1e93123ede1d,,CHECK_IN,43.20261232777517,23.555390585827745,true,73.0,false,2026-08-03 19:50:54.000,2026-08-03 16:51:02.803,2026-08-03 16:51:02.803
bb951a3c-a40d-43f5-b60b-34a668002b1b,"52962adb-ebf2-4846-b675-a438ff5e70e6",c211b70d-7f1d-43df-a4f0-1e93123ede1d,,CHECK_OUT,43.20273998881094,23.555447372516877,true,74.0,false,2026-08-03 19:51:07.000,2026-08-03 16:51:32.928,2026-08-03 16:51:32.928
"49d7044e-e5bf-49dc-bf21-182733af3fe3","52962adb-ebf2-4846-b675-a438ff5e70e6",c211b70d-7f1d-43df-a4f0-1e93123ede1d,,CHECK_IN,43.20268851847996,23.555167402979013,true,69.0,false,2026-08-03 19:51:20.000,2026-08-03 16:51:32.930,2026-08-03 16:51:32.930
"60025a83-fb28-459b-8deb-159978391015","52962adb-ebf2-4846-b675-a438ff5e70e6",c211b70d-7f1d-43df-a4f0-1e93123ede1d,,CHECK_OUT,43.20268851847996,23.555167402979013,true,68.0,false,2026-08-03 19:51:27.000,2026-08-03 16:51:32.932,2026-08-03 16:51:32.932
"786dd606-0f05-41d0-b042-67e784f97102",fa66fdc6-3e94-45df-be01-98b1e5dde64e,"657aca88-207c-474c-9abc-1af2429cad74",,CHECK_IN,43.1947197,23.6082106,true,53.0,false,2026-08-04 07:05:56.000,2026-08-04 04:06:02.304,2026-08-04 04:06:02.304
"4693602e-ad06-4111-b162-8405b1b6b707",c5903b81-8b17-49bb-82b3-51a8a5880762,"657aca88-207c-474c-9abc-1af2429cad74",,CHECK_IN,43.194712,23.6081003,true,75.0,false,2026-08-04 07:06:38.000,2026-08-04 04:06:39.100,2026-08-04 04:06:39.100
"993dabb2-d88b-4e28-915c-4ab9eb6d1c62","233ff4a9-d5ab-45b4-8a0e-966eef3486be","657aca88-207c-474c-9abc-1af2429cad74",,CHECK_IN,43.1947508,23.6081765,true,59.0,false,2026-08-04 07:06:05.000,2026-08-04 04:06:08.969,2026-08-04 04:06:08.969
c674fe75-8e59-4455-a739-9307eedb86c4,"74527f74-35db-4321-b590-e9a72dc32935","657aca88-207c-474c-9abc-1af2429cad74",,CHECK_IN,43.1948143,23.6080378,true,67.0,false,2026-08-04 07:07:46.000,2026-08-04 04:08:08.999,2026-08-04 04:08:08.999
c78937e9-4214-44b2-9a83-8937b529d779,"81b36c11-0d95-4b61-8193-4e59127b7d22","657aca88-207c-474c-9abc-1af2429cad74",,CHECK_IN,43.1948154,23.6080305,true,53.0,false,2026-08-04 07:07:54.000,2026-08-04 04:08:09.005,2026-08-04 04:08:09.005
"5e2f9b34-4450-4a16-a7f9-e1621f91468f",fd2b5a2d-f9dd-4293-83c7-76ea00b396ff,"657aca88-207c-474c-9abc-1af2429cad74",,CHECK_IN,43.1948173,23.6079947,true,60.0,false,2026-08-04 07:08:04.000,2026-08-04 04:08:09.011,2026-08-04 04:08:09.011
"73c9739d-f1a9-46e4-aad5-235ce865e660","2eca8bc8-65a5-4298-870f-0615602aef91","657aca88-207c-474c-9abc-1af2429cad74",,CHECK_IN,43.194535,23.6082015,true,60.0,false,2026-08-04 07:01:53.000,2026-08-04 04:02:09.039,2026-08-04 04:02:09.039
"782b2834-5011-4f84-ba25-a7c355355586",f721fdd2-47ce-45a6-838e-5ac2aed4cd75,"657aca88-207c-474c-9abc-1af2429cad74",,CHECK_IN,43.1946661,23.6082806,true,70.0,false,2026-08-04 07:02:06.000,2026-08-04 04:02:09.049,2026-08-04 04:02:09.049
"7f2bc020-851e-4a60-9ba6-2fdf436f74a2","926758e5-3a61-4ad6-82b2-34c4816c75b8","657aca88-207c-474c-9abc-1af2429cad74",,CHECK_IN,43.1946264,23.6084846,true,61.0,false,2026-08-04 07:02:21.000,2026-08-04 04:02:38.996,2026-08-04 04:02:38.996
"8651834e-a6cf-48cd-bdd5-436da5d2c369","1b3d636b-7b18-47e4-a9ea-32ce33378b37","657aca88-207c-474c-9abc-1af2429cad74",,CHECK_IN,43.1946625,23.6082791,true,71.0,false,2026-08-04 07:02:31.000,2026-08-04 04:02:39.003,2026-08-04 04:02:39.003
bc69f189-63fd-4997-abdb-17bb22462696,d6b6d84e-0445-43df-9f71-ca5679ce20cd,"657aca88-207c-474c-9abc-1af2429cad74",,CHECK_IN,43.1946635,23.6082795,true,55.0,false,2026-08-04 07:02:45.000,2026-08-04 04:03:08.926,2026-08-04 04:03:08.926
ceb9c8e2-7fcc-438e-b687-98fc3bdfaae7,"39e5754e-7c46-4954-8ee2-e32c36bf4e93","657aca88-207c-474c-9abc-1af2429cad74",,CHECK_IN,43.194664,23.6082796,true,64.0,false,2026-08-04 07:02:55.000,2026-08-04 04:03:08.931,2026-08-04 04:03:08.931
"58892cf6-7fa4-49cb-8c8c-fc1f93423f0f","602d9323-f5c4-4df1-b6c4-84604b161a27","657aca88-207c-474c-9abc-1af2429cad74",,CHECK_IN,43.1946612,23.6082816,true,63.0,false,2026-08-04 07:03:20.000,2026-08-04 04:03:31.138,2026-08-04 04:03:31.138
f8b956c4-bda4-4785-90b4-0749e843b6f6,"5e8263c0-8db9-4084-810f-7317368bd919","657aca88-207c-474c-9abc-1af2429cad74",,CHECK_IN,43.1946509,23.6082932,true,56.0,false,2026-08-04 07:03:35.000,2026-08-04 04:03:39.037,2026-08-04 04:03:39.037
f3d6c69a-d9d0-450c-8789-34d5d0c9604c,"61c76398-dbf7-43bf-830f-6eac33943779","657aca88-207c-474c-9abc-1af2429cad74",,CHECK_IN,43.1946624,23.608275,true,68.0,false,2026-08-04 07:03:43.000,2026-08-04 04:04:08.627,2026-08-04 04:04:08.627
"0524ec18-9e93-4263-a227-836ce22cb839","2112a5d6-1663-442a-a32b-1ef34b46c97c","657aca88-207c-474c-9abc-1af2429cad74",,CHECK_IN,43.1947331,23.6081558,true,61.0,false,2026-08-04 07:04:15.000,2026-08-04 04:04:39.055,2026-08-04 04:04:39.055
bd938348-82ae-4e46-abc3-00de22249d64,"1e0cfcc4-0a5c-4457-8811-3e370c4f260f","657aca88-207c-474c-9abc-1af2429cad74",,CHECK_IN,43.1947267,23.6080839,true,64.0,false,2026-08-04 07:04:21.000,2026-08-04 04:04:39.062,2026-08-04 04:04:39.062
"14e3b1e1-3187-41e7-9046-8bddcc2ce034","512f4471-88b5-4ff9-8b20-5996f534a6e3","657aca88-207c-474c-9abc-1af2429cad74",,CHECK_IN,43.1946855,23.6082606,true,46.0,false,2026-08-04 07:04:36.000,2026-08-04 04:04:39.069,2026-08-04 04:04:39.069
ee90238a-5c74-4b26-9e96-9ea71a3836b8,"512f4471-88b5-4ff9-8b20-5996f534a6e3","657aca88-207c-474c-9abc-1af2429cad74",,CHECK_OUT,43.1946838,23.6082647,true,46.0,false,2026-08-04 07:04:36.000,2026-08-04 04:04:39.071,2026-08-04 04:04:39.071
"5c2a92da-6500-4004-ae57-0acf6d9645dd","512f4471-88b5-4ff9-8b20-5996f534a6e3","657aca88-207c-474c-9abc-1af2429cad74",,CHECK_IN,43.1946752,23.6082613,true,47.0,false,2026-08-04 07:04:41.000,2026-08-04 04:04:45.473,2026-08-04 04:04:45.473
"821bfef6-cd68-4b60-a286-f8444b9fa52c","8218a51e-5a6c-4bde-8519-24df8070b8a9","657aca88-207c-474c-9abc-1af2429cad74",,CHECK_IN,43.1946934,23.6082489,true,59.0,false,2026-08-04 07:04:54.000,2026-08-04 04:05:48.559,2026-08-04 04:05:48.559
"257f5a05-3033-408f-a2b5-42c344f63202","12459722-0311-458f-a320-5d9e4d7cad5c","657aca88-207c-474c-9abc-1af2429cad74",,CHECK_IN,43.1947629,23.6080879,true,57.0,false,2026-08-04 07:07:17.000,2026-08-04 04:07:39.111,2026-08-04 04:07:39.111
"40b73106-8c10-4af2-a85b-3cb91bbe29db","8308ef9d-f2d5-42e7-a7e4-25733136cae0","657aca88-207c-474c-9abc-1af2429cad74",,CHECK_IN,43.1947885,23.6080512,true,48.0,false,2026-08-04 07:07:25.000,2026-08-04 04:07:39.120,2026-08-04 04:07:39.120
"857d64f9-f9bd-417d-bbf2-d1829c7fee39","90570712-1957-4575-9ae0-16d3f2aa5ee9","657aca88-207c-474c-9abc-1af2429cad74",,CHECK_IN,43.1948007,23.6080438,true,69.0,false,2026-08-04 07:07:31.000,2026-08-04 04:07:39.125,2026-08-04 04:07:39.125
"6720494b-0b0c-4d88-9298-991d27dc836a","75f4f67c-1b34-4b4e-8986-ec8b9a4b3da7","657aca88-207c-474c-9abc-1af2429cad74",,CHECK_IN,43.19481,23.6080358,true,68.0,false,2026-08-04 07:07:39.000,2026-08-04 04:07:39.135,2026-08-04 04:07:39.135
"9ea8b28b-3036-445a-9647-fd5a47d6dfb2",ff75470c-6a3a-4e5d-877d-74e99a17fe9d,"657aca88-207c-474c-9abc-1af2429cad74",,CHECK_IN,43.1947311,23.6081465,true,61.0,false,2026-08-04 07:13:15.000,2026-08-04 04:13:26.547,2026-08-04 04:13:26.547
b888d240-9e43-48da-9d17-5e06c97b87ba,"17a2c2cb-60c8-49e9-9a7d-e5b48980a7f2","657aca88-207c-474c-9abc-1af2429cad74",,CHECK_IN,43.1947374,23.6081547,true,56.0,false,2026-08-04 07:13:22.000,2026-08-04 04:13:26.554,2026-08-04 04:13:26.554
baef20b9-6cf8-457b-a06a-2c3ac2d10f7a,edb99d63-344d-4fb1-bc43-8282f0f35e0c,"657aca88-207c-474c-9abc-1af2429cad74",,CHECK_IN,43.1947024,23.6082593,true,56.0,false,2026-08-04 07:14:15.000,2026-08-04 04:14:40.555,2026-08-04 04:14:40.555
a244ae1f-07c9-4d09-a5f3-1757e63d82a6,"17e4eb94-d4ab-472a-ad3a-991750ee662a","657aca88-207c-474c-9abc-1af2429cad74",,CHECK_IN,43.1947662,23.6082922,true,66.0,false,2026-08-04 07:15:16.000,2026-08-04 04:15:40.481,2026-08-04 04:15:40.481
e7de5db6-39db-4a48-8e27-1d124497df98,"2ecb59a4-bc4c-4784-8741-2f8bcf5c2a65","657aca88-207c-474c-9abc-1af2429cad74",,CHECK_IN,43.1947001,23.6082614,true,46.0,false,2026-08-04 07:19:13.000,2026-08-04 04:19:40.639,2026-08-04 04:19:40.639
"007f1731-3e26-4a25-b79a-f181ae209494",f71a195c-7f69-46bf-b5bd-711c2beacdc9,"657aca88-207c-474c-9abc-1af2429cad74",,CHECK_IN,43.194721,23.608585,true,63.0,false,2026-08-04 07:24:21.000,2026-08-04 04:24:50.200,2026-08-04 04:24:50.200
e27ec8ee-9573-4cec-ac31-6d5dad4a2ece,"2555d529-ff47-49b6-931f-f2dce830a6fc","657aca88-207c-474c-9abc-1af2429cad74",,CHECK_IN,43.194721,23.608585,true,71.0,false,2026-08-04 07:24:33.000,2026-08-04 04:24:50.211,2026-08-04 04:24:50.211
"55c5a742-b9df-41a1-a12d-1a087ecf0457",e5f48139-e050-420d-bd34-a8451eff467f,"657aca88-207c-474c-9abc-1af2429cad74",,CHECK_IN,43.194721,23.608585,true,80.0,false,2026-08-04 07:25:43.000,2026-08-04 04:26:05.346,2026-08-04 04:26:05.346
"6f7e1746-7fa3-4cd4-b586-5a00eaa1bdbe",b15c0a24-f180-4043-b67a-d5e02a85c89b,"657aca88-207c-474c-9abc-1af2429cad74",,CHECK_IN,43.1946972,23.608267,true,70.0,false,2026-08-04 07:25:55.000,2026-08-04 04:26:10.720,2026-08-04 04:26:10.720
"1707eaf6-bd74-41f1-b8dd-32130a9e296f",af4a589c-808d-42ac-b374-59a1883692ae,"657aca88-207c-474c-9abc-1af2429cad74",,CHECK_IN,43.1946975,23.6082629,true,65.0,false,2026-08-04 07:25:59.000,2026-08-04 04:26:10.726,2026-08-04 04:26:10.726
"48b715f1-69ab-4df6-9d03-e9a348e09f4d",a467fc90-25a2-4048-a48d-6f5ee1ccee67,"657aca88-207c-474c-9abc-1af2429cad74",,CHECK_IN,43.1946969,23.6082638,true,55.0,false,2026-08-04 07:26:03.000,2026-08-04 04:26:10.732,2026-08-04 04:26:10.732
"509601cd-0843-4b77-a91c-b765ff2ea44f","240bc314-dfdc-41e1-a45f-c4c573a44788","657aca88-207c-474c-9abc-1af2429cad74",,CHECK_IN,43.1946965,23.6082676,true,47.0,false,2026-08-04 07:26:15.000,2026-08-04 04:26:40.561,2026-08-04 04:26:40.561
f32d54e7-c8c1-4901-b47b-10960688ae9f,"628d40d0-959d-4870-8cf6-9099e8749af9","657aca88-207c-474c-9abc-1af2429cad74",,CHECK_IN,43.194696,23.6082671,true,56.0,false,2026-08-04 07:26:24.000,2026-08-04 04:26:40.567,2026-08-04 04:26:40.567
e78c2990-19a6-4cd0-8c3a-1785b938a46d,aa93b9b6-4dc0-48dc-9614-f0b955445b40,"657aca88-207c-474c-9abc-1af2429cad74",,CHECK_IN,43.1946993,23.6082715,true,78.0,false,2026-08-04 07:30:28.000,2026-08-04 04:30:40.568,2026-08-04 04:30:40.568
d6858c11-01f3-4305-bdcd-c9d75c1c1eb6,"5ed83e7e-0f5e-4f14-b5ab-03e63b1038bc","657aca88-207c-474c-9abc-1af2429cad74",,CHECK_IN,43.1947624,23.6081978,true,67.0,false,2026-08-04 07:38:09.000,2026-08-04 04:38:24.770,2026-08-04 04:38:24.770
cdda5136-49f4-4bc9-9b59-8ce524c151b9,f5f7d765-d2db-4a95-b655-27499c69acf2,"657aca88-207c-474c-9abc-1af2429cad74",,CHECK_IN,43.1947374,23.6082204,true,65.0,false,2026-08-04 07:38:31.000,2026-08-04 04:38:54.572,2026-08-04 04:38:54.572
"36f1937b-6cf8-4f6f-a3cb-0575dae4e226","1c9f0cce-7d52-4182-9a80-75f87a851a6b","657aca88-207c-474c-9abc-1af2429cad74",,CHECK_IN,43.1947394,23.6082284,true,56.0,false,2026-08-04 07:38:39.000,2026-08-04 04:38:54.580,2026-08-04 04:38:54.580
"7822b43c-0101-4375-ac4b-0e3a5a8e82e0","64c97323-158f-4b18-ad45-0fd3cb0cecca","657aca88-207c-474c-9abc-1af2429cad74",,CHECK_IN,43.1947394,23.6082284,true,73.0,false,2026-08-04 07:38:45.000,2026-08-04 04:38:54.586,2026-08-04 04:38:54.586
d712188e-2ac4-45a5-933a-a402c21e64fc,e5a36817-048f-4868-929a-d1cf32fc6258,"657aca88-207c-474c-9abc-1af2429cad74",,CHECK_IN,43.1947359,23.6082433,true,62.0,false,2026-08-04 07:39:40.000,2026-08-04 04:39:54.728,2026-08-04 04:39:54.728
e65568dc-34eb-4e82-8872-ab9d96a65efb,c7e8ca14-c7a8-469e-880d-c0f98cdf485e,"657aca88-207c-474c-9abc-1af2429cad74",,CHECK_IN,43.1947334,23.6082403,true,53.0,false,2026-08-04 07:40:10.000,2026-08-04 04:40:24.540,2026-08-04 04:40:24.540
c4373519-d5a2-4ae3-a9e7-90ffc47d2026,"77a6d5e3-909d-4b7f-a456-154344b678f4","657aca88-207c-474c-9abc-1af2429cad74",,CHECK_IN,43.1947459,23.6082303,true,67.0,false,2026-08-04 07:47:51.000,2026-08-04 04:48:19.809,2026-08-04 04:48:19.809
b7abf85c-8290-459a-b436-cdd2c807a363,"2501fe3b-87b2-4539-b79d-49be6e92cf4d","657aca88-207c-474c-9abc-1af2429cad74",,CHECK_IN,43.194721,23.608585,true,91.0,false,2026-08-04 07:57:53.000,2026-08-04 04:58:05.895,2026-08-04 04:58:05.895
"20776bda-8d24-458a-b8e1-c20f4752d434",fb71202f-c509-4a25-a5b7-a5e374424833,"657aca88-207c-474c-9abc-1af2429cad74",,CHECK_OUT,43.20274636217664,23.55545330430575,false,,true,2026-08-04 18:00:00.000,2026-08-04 00:01:00.092,2026-08-04 00:01:00.092
"1a02160f-4ed5-41e1-8b0e-be5a7cef6fae","2501fe3b-87b2-4539-b79d-49be6e92cf4d","657aca88-207c-474c-9abc-1af2429cad74",,CHECK_OUT,43.194721,23.608585,true,75.0,false,2026-08-04 17:00:32.000,2026-08-04 14:00:59.804,2026-08-04 14:00:59.804
bc012508-ce6f-4503-a09f-b0626256f643,"1b3d636b-7b18-47e4-a9ea-32ce33378b37","657aca88-207c-474c-9abc-1af2429cad74",,CHECK_OUT,43.194721,23.608585,true,59.0,false,2026-08-04 17:00:42.000,2026-08-04 14:00:59.812,2026-08-04 14:00:59.812
b9cac59d-e66a-4058-812d-5d458e34814b,"3d976022-5033-4c30-883d-2bb683c9cfa1","657aca88-207c-474c-9abc-1af2429cad74",,CHECK_IN,43.194721,23.608585,true,68.0,false,2026-08-04 17:00:55.000,2026-08-04 14:00:59.819,2026-08-04 14:00:59.819
e9d515fc-1d01-4edb-8f6e-219927caf498,"2555d529-ff47-49b6-931f-f2dce830a6fc","657aca88-207c-474c-9abc-1af2429cad74",,CHECK_OUT,43.194721,23.608585,true,56.0,false,2026-08-04 17:01:08.000,2026-08-04 14:01:29.487,2026-08-04 14:01:29.487
f1bae2cd-b277-4ad0-91c9-3f9eee3afe6f,e5a36817-048f-4868-929a-d1cf32fc6258,"657aca88-207c-474c-9abc-1af2429cad74",,CHECK_OUT,43.194721,23.608585,true,53.0,false,2026-08-04 17:01:59.000,2026-08-04 14:02:29.406,2026-08-04 14:02:29.406
"79821d96-93ca-4efc-8928-543e5f783289","926758e5-3a61-4ad6-82b2-34c4816c75b8","657aca88-207c-474c-9abc-1af2429cad74",,CHECK_OUT,43.194721,23.608585,true,61.0,false,2026-08-04 17:05:11.000,2026-08-04 14:05:29.656,2026-08-04 14:05:29.656
e21a69b5-b5f5-4b7b-b0ce-3e973cde8aba,b15c0a24-f180-4043-b67a-d5e02a85c89b,"657aca88-207c-474c-9abc-1af2429cad74",,CHECK_OUT,43.194721,23.608585,true,67.0,false,2026-08-04 17:05:37.000,2026-08-04 14:05:59.394,2026-08-04 14:05:59.394
"66e11baa-9f44-4782-a9a0-0f3dee5d35ce",af4a589c-808d-42ac-b374-59a1883692ae,"657aca88-207c-474c-9abc-1af2429cad74",,CHECK_OUT,43.194721,23.608585,true,54.0,false,2026-08-04 17:06:28.000,2026-08-04 14:06:29.401,2026-08-04 14:06:29.401
"5a59088a-c67d-4021-9569-b497915627ab",aa93b9b6-4dc0-48dc-9614-f0b955445b40,"657aca88-207c-474c-9abc-1af2429cad74",,CHECK_OUT,43.194721,23.608585,true,60.0,false,2026-08-04 17:06:37.000,2026-08-04 14:06:59.450,2026-08-04 14:06:59.450
e432100b-e695-4590-b537-4acec19324b4,"602d9323-f5c4-4df1-b6c4-84604b161a27","657aca88-207c-474c-9abc-1af2429cad74",,CHECK_OUT,43.194721,23.608585,true,59.0,false,2026-08-04 17:07:29.000,2026-08-04 14:07:59.450,2026-08-04 14:07:59.450
e30addb6-232c-484e-9a71-1b5d80c72ce3,"1c9f0cce-7d52-4182-9a80-75f87a851a6b","657aca88-207c-474c-9abc-1af2429cad74",,CHECK_OUT,43.194721,23.608585,true,61.0,false,2026-08-04 17:07:41.000,2026-08-04 14:07:59.454,2026-08-04 14:07:59.454
"27729b93-1c74-4808-9e6a-54c2ce021150","77a6d5e3-909d-4b7f-a456-154344b678f4","657aca88-207c-474c-9abc-1af2429cad74",,CHECK_OUT,43.194721,23.608585,true,74.0,false,2026-08-04 17:07:53.000,2026-08-04 14:07:59.458,2026-08-04 14:07:59.458
ef8fba03-af18-41c9-8ed1-f6faacb1cbde,f5f7d765-d2db-4a95-b655-27499c69acf2,"657aca88-207c-474c-9abc-1af2429cad74",,CHECK_OUT,43.194721,23.608585,true,74.0,false,2026-08-04 17:08:01.000,2026-08-04 14:08:29.402,2026-08-04 14:08:29.402
de83277c-e665-486a-af07-f713e1a3d993,"5ed83e7e-0f5e-4f14-b5ab-03e63b1038bc","657aca88-207c-474c-9abc-1af2429cad74",,CHECK_OUT,43.194721,23.608585,true,68.0,false,2026-08-04 17:08:13.000,2026-08-04 14:08:29.407,2026-08-04 14:08:29.407
c7cb12b2-e815-4cea-bfaa-3c3852529782,f71a195c-7f69-46bf-b5bd-711c2beacdc9,"657aca88-207c-474c-9abc-1af2429cad74",,CHECK_OUT,43.194721,23.608585,true,58.0,false,2026-08-04 17:12:16.000,2026-08-04 14:12:29.610,2026-08-04 14:12:29.610
"0bb9fc24-5262-499e-b95d-4c27d52d5c35",e5f48139-e050-420d-bd34-a8451eff467f,"657aca88-207c-474c-9abc-1af2429cad74",,CHECK_OUT,43.194721,23.608585,true,61.0,false,2026-08-04 17:12:26.000,2026-08-04 14:12:29.613,2026-08-04 14:12:29.613
"130ea792-3963-41a1-acf3-5b132ca985fc","240bc314-dfdc-41e1-a45f-c4c573a44788","657aca88-207c-474c-9abc-1af2429cad74",,CHECK_OUT,43.194721,23.608585,true,60.0,false,2026-08-04 17:13:23.000,2026-08-04 14:13:29.411,2026-08-04 14:13:29.411
fdd0d275-1174-4850-8420-0f33d59339a8,a467fc90-25a2-4048-a48d-6f5ee1ccee67,"657aca88-207c-474c-9abc-1af2429cad74",,CHECK_OUT,43.194721,23.608585,true,63.0,false,2026-08-04 17:14:41.000,2026-08-04 14:14:59.523,2026-08-04 14:14:59.523
"57224be8-a6c6-4318-8999-88abd7eecb4b",c5903b81-8b17-49bb-82b3-51a8a5880762,"657aca88-207c-474c-9abc-1af2429cad74",,CHECK_OUT,43.194721,23.608585,true,69.0,false,2026-08-04 17:15:20.000,2026-08-04 14:15:29.406,2026-08-04 14:15:29.406
"5088eee9-82e8-4a6b-8f76-63e1648df332",d6b6d84e-0445-43df-9f71-ca5679ce20cd,"657aca88-207c-474c-9abc-1af2429cad74",,CHECK_OUT,43.194721,23.608585,true,71.0,false,2026-08-04 17:17:53.000,2026-08-04 14:17:59.557,2026-08-04 14:17:59.557
ef997742-a683-4328-99ab-6480b9804d99,c7e8ca14-c7a8-469e-880d-c0f98cdf485e,"657aca88-207c-474c-9abc-1af2429cad74",,CHECK_OUT,43.194721,23.608585,true,54.0,false,2026-08-04 17:20:50.000,2026-08-04 14:20:59.508,2026-08-04 14:20:59.508
bfd3a931-c044-4449-9510-312ccc877ba3,"2ecb59a4-bc4c-4784-8741-2f8bcf5c2a65","657aca88-207c-474c-9abc-1af2429cad74",,CHECK_OUT,43.202699569620016,23.555251665358455,false,,true,2026-08-04 17:35:49.000,2026-08-04 14:35:56.908,2026-08-04 14:35:56.908
"8c5fad3a-b0b9-49b1-8f35-8b3e5a6a50de","61c76398-dbf7-43bf-830f-6eac33943779","657aca88-207c-474c-9abc-1af2429cad74",,CHECK_OUT,43.202910155853864,23.55569231878053,false,,true,2026-08-04 18:02:09.000,2026-08-04 15:02:15.419,2026-08-04 15:02:15.419
"323a3730-6024-45d0-a61f-250eb0cfd36b","2eca8bc8-65a5-4298-870f-0615602aef91","657aca88-207c-474c-9abc-1af2429cad74",,CHECK_OUT,43.20274184822567,23.55543354182436,false,,true,2026-08-04 18:52:07.000,2026-08-04 15:52:23.975,2026-08-04 15:52:23.975
fe2286ad-0677-4619-974f-59b09c694ba4,"5e8263c0-8db9-4084-810f-7317368bd919","657aca88-207c-474c-9abc-1af2429cad74",,CHECK_OUT,43.20269108725109,23.555440418794078,false,,true,2026-08-04 18:52:50.000,2026-08-04 15:52:53.917,2026-08-04 15:52:53.917
d858e7b7-8b1a-4b4a-a6dc-9c5707c0d0d1,"512f4471-88b5-4ff9-8b20-5996f534a6e3","657aca88-207c-474c-9abc-1af2429cad74",,CHECK_OUT,43.202639023806405,23.555377124939913,false,,true,2026-08-04 18:53:01.000,2026-08-04 15:53:24.098,2026-08-04 15:53:24.098
"471252da-f35f-454a-86a0-42bb3ad268ab","90570712-1957-4575-9ae0-16d3f2aa5ee9","657aca88-207c-474c-9abc-1af2429cad74",,CHECK_OUT,43.20275080620353,23.555354233247705,false,,true,2026-08-04 18:53:34.000,2026-08-04 15:53:53.875,2026-08-04 15:53:53.875
"4295cd2b-02a1-4e91-a5ea-5c1ebf6a8f80","8308ef9d-f2d5-42e7-a7e4-25733136cae0","657aca88-207c-474c-9abc-1af2429cad74",,CHECK_OUT,43.20267421106999,23.55542063528727,false,,true,2026-08-04 18:54:21.000,2026-08-04 15:54:23.945,2026-08-04 15:54:23.945
"694370b8-ec01-4495-ba0e-78237831154b","628d40d0-959d-4870-8cf6-9099e8749af9","657aca88-207c-474c-9abc-1af2429cad74",,CHECK_OUT,43.202693592702786,23.555445296695968,false,,true,2026-08-04 18:57:47.000,2026-08-04 15:58:03.408,2026-08-04 15:58:03.408
"9e1d388c-684e-4587-99fe-1f34d6d44707","2112a5d6-1663-442a-a32b-1ef34b46c97c","657aca88-207c-474c-9abc-1af2429cad74",,CHECK_OUT,43.202651964908796,23.555394280040755,false,,true,2026-08-04 18:58:09.000,2026-08-04 15:58:33.421,2026-08-04 15:58:33.421
"0400e9b2-5f13-4a0e-8d23-16e383f154bc","1e0cfcc4-0a5c-4457-8811-3e370c4f260f","657aca88-207c-474c-9abc-1af2429cad74",,CHECK_OUT,43.20275962279382,23.555290949921655,false,,true,2026-08-04 18:59:08.000,2026-08-04 15:59:23.193,2026-08-04 15:59:23.193
"3bba7cf5-2e78-4e4e-8997-854d5f0abfe1",fa66fdc6-3e94-45df-be01-98b1e5dde64e,"657aca88-207c-474c-9abc-1af2429cad74",,CHECK_OUT,43.202738914997646,23.555346975959484,false,,true,2026-08-04 18:59:28.000,2026-08-04 15:59:33.451,2026-08-04 15:59:33.451
"8deffc59-c643-4240-8213-7bfc58b46b6e","12459722-0311-458f-a320-5d9e4d7cad5c","657aca88-207c-474c-9abc-1af2429cad74",,CHECK_OUT,43.202666442782025,23.55536659164243,false,,true,2026-08-04 18:59:58.000,2026-08-04 16:00:03.541,2026-08-04 16:00:03.541
"43097350-8eab-4ada-98df-2a136697aa87","39e5754e-7c46-4954-8ee2-e32c36bf4e93","657aca88-207c-474c-9abc-1af2429cad74",,CHECK_OUT,43.202674889920104,23.555337833638472,false,,true,2026-08-04 19:00:18.000,2026-08-04 16:00:34.220,2026-08-04 16:00:34.220
"38ce397b-eca1-4c4f-8fa5-df7d6f28626f",f721fdd2-47ce-45a6-838e-5ac2aed4cd75,"657aca88-207c-474c-9abc-1af2429cad74",,CHECK_OUT,43.20277824771016,23.555345099994547,false,,true,2026-08-04 19:00:50.000,2026-08-04 16:01:03.432,2026-08-04 16:01:03.432
acdfe620-0538-4468-923b-817ec22b43b3,"64c97323-158f-4b18-ad45-0fd3cb0cecca","657aca88-207c-474c-9abc-1af2429cad74",,CHECK_OUT,43.20277824771016,23.555345099994547,false,,true,2026-08-04 19:00:57.000,2026-08-04 16:01:03.440,2026-08-04 16:01:03.440
"1ea2fd5e-3359-4209-9e39-af6857ac1262",edb99d63-344d-4fb1-bc43-8282f0f35e0c,"657aca88-207c-474c-9abc-1af2429cad74",,CHECK_OUT,43.20269799513324,23.555217667831794,false,,true,2026-08-04 19:01:27.000,2026-08-04 16:01:33.506,2026-08-04 16:01:33.506
cce22c7d-2443-4621-8361-693ce2d2f19a,"81b36c11-0d95-4b61-8193-4e59127b7d22","657aca88-207c-474c-9abc-1af2429cad74",,CHECK_OUT,43.20263121575478,23.55529319197481,false,,true,2026-08-04 19:06:19.000,2026-08-04 16:06:36.171,2026-08-04 16:06:36.171
"05df8ea3-5093-4b08-aa42-0adac96686c4","74527f74-35db-4321-b590-e9a72dc32935","657aca88-207c-474c-9abc-1af2429cad74",,CHECK_OUT,43.202671007038084,23.555390585394196,false,,true,2026-08-04 19:06:50.000,2026-08-04 16:07:06.159,2026-08-04 16:07:06.159
d6ab2ea7-32bb-4177-9c3e-b81d249e93a4,"3d976022-5033-4c30-883d-2bb683c9cfa1","657aca88-207c-474c-9abc-1af2429cad74",,CHECK_OUT,43.202581351709526,23.555256081830084,false,,true,2026-08-04 19:08:15.000,2026-08-04 16:08:41.185,2026-08-04 16:08:41.185
"40203531-b3cb-4e87-b87b-e8113260ea66",ff75470c-6a3a-4e5d-877d-74e99a17fe9d,"657aca88-207c-474c-9abc-1af2429cad74",,CHECK_OUT,43.202715940099466,23.555249366576057,false,,true,2026-08-04 19:08:46.000,2026-08-04 16:09:10.958,2026-08-04 16:09:10.958
"16e0aa0f-b082-4085-a445-8ed20ce185bd","8218a51e-5a6c-4bde-8519-24df8070b8a9","657aca88-207c-474c-9abc-1af2429cad74",,CHECK_OUT,43.202715940099466,23.555249366576057,false,,true,2026-08-04 19:08:56.000,2026-08-04 16:09:10.965,2026-08-04 16:09:10.965
"420f5b75-2a88-4e7c-9887-dbfb9a1ddd41",fd2b5a2d-f9dd-4293-83c7-76ea00b396ff,"657aca88-207c-474c-9abc-1af2429cad74",,CHECK_OUT,43.20268776187101,23.55527184753715,false,,true,2026-08-04 19:09:31.000,2026-08-04 16:09:40.944,2026-08-04 16:09:40.944
"975398d3-a9a1-426d-8ba5-6e1f4d3fa144","75f4f67c-1b34-4b4e-8986-ec8b9a4b3da7","657aca88-207c-474c-9abc-1af2429cad74",,CHECK_OUT,43.20266537269442,23.55533446962953,false,,true,2026-08-04 19:09:51.000,2026-08-04 16:10:10.965,2026-08-04 16:10:10.965
d07f484d-72d7-473b-910f-a03c381054df,"17a2c2cb-60c8-49e9-9a7d-e5b48980a7f2","657aca88-207c-474c-9abc-1af2429cad74",,CHECK_OUT,43.20269734552506,23.555455523016626,false,,true,2026-08-04 19:10:00.000,2026-08-04 16:10:10.973,2026-08-04 16:10:10.973
ca75c3cb-fcf5-4d0e-be59-88c4d11d2a1a,"17e4eb94-d4ab-472a-ad3a-991750ee662a","657aca88-207c-474c-9abc-1af2429cad74",,CHECK_OUT,43.20263924361289,23.55544537830142,false,,true,2026-08-04 19:16:22.000,2026-08-04 16:16:32.302,2026-08-04 16:16:32.302
dc5c1b1d-abaa-408c-ad5a-a193cf71136c,"233ff4a9-d5ab-45b4-8a0e-966eef3486be","657aca88-207c-474c-9abc-1af2429cad74",,CHECK_OUT,43.20280836410637,23.555363116449247,false,,true,2026-08-04 19:18:12.000,2026-08-04 16:18:18.523,2026-08-04 16:18:18.523
"0b63d8b4-b051-480a-8717-685686a461af","1b3d636b-7b18-47e4-a9ea-32ce33378b37","657aca88-207c-474c-9abc-1af2429cad74",,CHECK_IN,43.194721,23.608585,true,63.0,false,2026-08-05 06:49:24.000,2026-08-05 03:49:30.429,2026-08-05 03:49:30.429
"4b57a529-3c4c-4a1c-97eb-644127fda243",d6b6d84e-0445-43df-9f71-ca5679ce20cd,"657aca88-207c-474c-9abc-1af2429cad74",,CHECK_IN,43.194721,23.608585,true,58.0,false,2026-08-05 06:55:25.000,2026-08-05 03:55:30.168,2026-08-05 03:55:30.168
"4af9bb55-e6dc-4049-982e-4bb3bed99084","926758e5-3a61-4ad6-82b2-34c4816c75b8","657aca88-207c-474c-9abc-1af2429cad74",,CHECK_IN,43.194721,23.608585,true,63.0,false,2026-08-05 06:58:50.000,2026-08-05 03:59:00.201,2026-08-05 03:59:00.201
dec96e49-9dfe-4a1e-bce6-634c96947c39,"1e0cfcc4-0a5c-4457-8811-3e370c4f260f","657aca88-207c-474c-9abc-1af2429cad74",,CHECK_OUT,43.194721,23.608585,true,59.0,false,2026-08-05 06:59:18.000,2026-08-05 03:59:30.053,2026-08-05 03:59:30.053
a2f2beb3-92c4-45eb-985f-ad0bd719fc7d,"1e0cfcc4-0a5c-4457-8811-3e370c4f260f","657aca88-207c-474c-9abc-1af2429cad74",,CHECK_IN,43.194721,23.608585,true,59.0,false,2026-08-05 06:59:20.000,2026-08-05 03:59:30.059,2026-08-05 03:59:30.059
abe9d0f0-968c-4821-8f03-680b4f433fb1,"39e5754e-7c46-4954-8ee2-e32c36bf4e93","657aca88-207c-474c-9abc-1af2429cad74",,CHECK_OUT,43.194721,23.608585,true,61.0,false,2026-08-05 07:07:37.000,2026-08-05 04:08:00.289,2026-08-05 04:08:00.289
"5973e97c-8e14-477f-9630-6909253fcafd","39e5754e-7c46-4954-8ee2-e32c36bf4e93","657aca88-207c-474c-9abc-1af2429cad74",,CHECK_IN,43.194721,23.608585,true,72.0,false,2026-08-05 07:07:47.000,2026-08-05 04:08:00.293,2026-08-05 04:08:00.293
"2ff7605d-85d3-4630-81af-b61fbd9e1fe9","1b3d636b-7b18-47e4-a9ea-32ce33378b37","657aca88-207c-474c-9abc-1af2429cad74",,CHECK_OUT,43.194721,23.608585,true,54.0,false,2026-08-05 07:12:36.000,2026-08-05 04:13:00.149,2026-08-05 04:13:00.149
f5adc115-5dc2-4a52-b8fa-0f86cff0fa18,"1b3d636b-7b18-47e4-a9ea-32ce33378b37","657aca88-207c-474c-9abc-1af2429cad74",,CHECK_IN,43.194721,23.608585,true,54.0,false,2026-08-05 07:12:38.000,2026-08-05 04:13:00.163,2026-08-05 04:13:00.163
a4c2f197-f40c-4f4a-96f4-dc3b80cb2c54,"1b3d636b-7b18-47e4-a9ea-32ce33378b37","657aca88-207c-474c-9abc-1af2429cad74",,CHECK_OUT,43.194721,23.608585,true,68.0,false,2026-08-05 07:12:47.000,2026-08-05 04:13:00.172,2026-08-05 04:13:00.172
"76513c53-a536-41e0-b200-3965ab9b0a9b","1b3d636b-7b18-47e4-a9ea-32ce33378b37","657aca88-207c-474c-9abc-1af2429cad74",,CHECK_IN,43.194721,23.608585,true,60.0,false,2026-08-05 07:12:50.000,2026-08-05 04:13:00.176,2026-08-05 04:13:00.176
f35d909c-5c9a-42f6-b5be-541a67d5da20,c5903b81-8b17-49bb-82b3-51a8a5880762,"657aca88-207c-474c-9abc-1af2429cad74",,CHECK_IN,43.194721,23.608585,true,65.0,false,2026-08-05 07:14:03.000,2026-08-05 04:14:30.110,2026-08-05 04:14:30.110
"0bd34d0b-d154-4c46-a93a-c0d4d4b3d073","2112a5d6-1663-442a-a32b-1ef34b46c97c","657aca88-207c-474c-9abc-1af2429cad74",,CHECK_OUT,43.194721,23.608585,true,57.0,false,2026-08-05 07:14:14.000,2026-08-05 04:14:30.112,2026-08-05 04:14:30.112
"9a0fe7e3-88fd-446b-8574-80f71cdee78c","2112a5d6-1663-442a-a32b-1ef34b46c97c","657aca88-207c-474c-9abc-1af2429cad74",,CHECK_IN,43.194721,23.608585,true,49.0,false,2026-08-05 07:14:16.000,2026-08-05 04:14:30.115,2026-08-05 04:14:30.115
c869a54d-9d72-4dd6-93f1-969b2beb0f3e,"8308ef9d-f2d5-42e7-a7e4-25733136cae0","657aca88-207c-474c-9abc-1af2429cad74",,CHECK_OUT,43.194721,23.608585,true,46.0,false,2026-08-05 07:15:40.000,2026-08-05 04:16:00.159,2026-08-05 04:16:00.159
"2d60fead-5219-4973-806b-3a666dd55f94","8308ef9d-f2d5-42e7-a7e4-25733136cae0","657aca88-207c-474c-9abc-1af2429cad74",,CHECK_IN,43.194721,23.608585,true,49.0,false,2026-08-05 07:15:44.000,2026-08-05 04:16:00.163,2026-08-05 04:16:00.163
af351cb5-89a1-4293-b782-6f4b5b84f929,"12459722-0311-458f-a320-5d9e4d7cad5c","657aca88-207c-474c-9abc-1af2429cad74",,CHECK_OUT,43.194721,23.608585,true,72.0,false,2026-08-05 07:15:52.000,2026-08-05 04:16:00.167,2026-08-05 04:16:00.167
"52004c75-bbf4-4f80-a031-dcf64fb39489","12459722-0311-458f-a320-5d9e4d7cad5c","657aca88-207c-474c-9abc-1af2429cad74",,CHECK_IN,43.194721,23.608585,true,67.0,false,2026-08-05 07:15:57.000,2026-08-05 04:16:00.171,2026-08-05 04:16:00.171
fcb18754-5bde-4b77-8478-b8f226ccfebf,"90570712-1957-4575-9ae0-16d3f2aa5ee9","657aca88-207c-474c-9abc-1af2429cad74",,CHECK_OUT,43.194721,23.608585,true,66.0,false,2026-08-05 07:16:04.000,2026-08-05 04:16:29.997,2026-08-05 04:16:29.997
"5bc61c34-f87f-481f-ac31-61c2e1d6b25a","90570712-1957-4575-9ae0-16d3f2aa5ee9","657aca88-207c-474c-9abc-1af2429cad74",,CHECK_IN,43.194721,23.608585,true,64.0,false,2026-08-05 07:16:06.000,2026-08-05 04:16:30.003,2026-08-05 04:16:30.003
"5903716f-2577-4f2a-b4f2-f4b3edec845e",dc9e1c44-0d57-43ff-9533-ced7467c7556,"657aca88-207c-474c-9abc-1af2429cad74",,CHECK_IN,43.194721,23.608585,true,46.0,false,2026-08-05 07:16:13.000,2026-08-05 04:16:30.005,2026-08-05 04:16:30.005
"1adfb4b5-45d7-4ebc-9fdf-0c19a960af55","81b36c11-0d95-4b61-8193-4e59127b7d22","657aca88-207c-474c-9abc-1af2429cad74",,CHECK_OUT,43.194721,23.608585,true,53.0,false,2026-08-05 07:16:19.000,2026-08-05 04:16:30.008,2026-08-05 04:16:30.008
"4fd258c4-0453-4ff7-844e-f6575c8404e2","81b36c11-0d95-4b61-8193-4e59127b7d22","657aca88-207c-474c-9abc-1af2429cad74",,CHECK_IN,43.194721,23.608585,true,56.0,false,2026-08-05 07:16:20.000,2026-08-05 04:16:30.011,2026-08-05 04:16:30.011
a756a630-0179-4ab9-ae2a-9ba28b8aa294,"74527f74-35db-4321-b590-e9a72dc32935","657aca88-207c-474c-9abc-1af2429cad74",,CHECK_OUT,43.194721,23.608585,true,59.0,false,2026-08-05 07:16:29.000,2026-08-05 04:16:30.013,2026-08-05 04:16:30.013
"7f1cfbe1-2cd3-43fa-afe8-9d5d302ba3c6","74527f74-35db-4321-b590-e9a72dc32935","657aca88-207c-474c-9abc-1af2429cad74",,CHECK_IN,43.194721,23.608585,true,60.0,false,2026-08-05 07:16:31.000,2026-08-05 04:16:59.984,2026-08-05 04:16:59.984
dc95080a-a895-42ca-b24e-58c4947925bd,"75f4f67c-1b34-4b4e-8986-ec8b9a4b3da7","657aca88-207c-474c-9abc-1af2429cad74",,CHECK_OUT,43.194721,23.608585,true,61.0,false,2026-08-05 07:16:39.000,2026-08-05 04:16:59.987,2026-08-05 04:16:59.987
cafe7c6f-5f2e-4c34-a4e0-f551d683b739,"75f4f67c-1b34-4b4e-8986-ec8b9a4b3da7","657aca88-207c-474c-9abc-1af2429cad74",,CHECK_IN,43.194721,23.608585,true,60.0,false,2026-08-05 07:16:43.000,2026-08-05 04:16:59.989,2026-08-05 04:16:59.989
"3aa6c1da-2710-4e4d-9463-67bdf943799e","512f4471-88b5-4ff9-8b20-5996f534a6e3","657aca88-207c-474c-9abc-1af2429cad74",,CHECK_OUT,43.194721,23.608585,true,48.0,false,2026-08-05 07:17:48.000,2026-08-05 04:17:59.988,2026-08-05 04:17:59.988
"76723b09-e4c7-450a-ad54-1290dd60e3ad","512f4471-88b5-4ff9-8b20-5996f534a6e3","657aca88-207c-474c-9abc-1af2429cad74",,CHECK_IN,43.194721,23.608585,true,54.0,false,2026-08-05 07:17:50.000,2026-08-05 04:17:59.990,2026-08-05 04:17:59.990
"9e47ffe6-22fc-4037-b405-ed896df5ea54",af4a589c-808d-42ac-b374-59a1883692ae,"657aca88-207c-474c-9abc-1af2429cad74",,CHECK_IN,43.194721,23.608585,true,53.0,false,2026-08-05 07:18:38.000,2026-08-05 04:19:00.110,2026-08-05 04:19:00.110
aa08466b-ccb4-4042-b726-092de0dbe97f,"2cd576ec-0a8f-4f92-9d4b-436e16b4101a","657aca88-207c-474c-9abc-1af2429cad74",,CHECK_IN,43.194721,23.608585,true,59.0,false,2026-08-05 07:18:52.000,2026-08-05 04:19:00.116,2026-08-05 04:19:00.116
"645487d1-ba84-49af-9734-c1472f829cf3",b15c0a24-f180-4043-b67a-d5e02a85c89b,"657aca88-207c-474c-9abc-1af2429cad74",,CHECK_IN,43.194721,23.608585,true,54.0,false,2026-08-05 07:20:14.000,2026-08-05 04:20:30.178,2026-08-05 04:20:30.178
d9ac3681-1f09-4531-88d6-f4f168d4106a,aa93b9b6-4dc0-48dc-9614-f0b955445b40,"657aca88-207c-474c-9abc-1af2429cad74",,CHECK_IN,43.194721,23.608585,true,61.0,false,2026-08-05 07:21:24.000,2026-08-05 04:21:30.032,2026-08-05 04:21:30.032
"604b61cc-1f2f-461d-b9c3-74a77f2eb2ff","628d40d0-959d-4870-8cf6-9099e8749af9","657aca88-207c-474c-9abc-1af2429cad74",,CHECK_OUT,43.194721,23.608585,true,52.0,false,2026-08-05 07:22:37.000,2026-08-05 04:23:00.142,2026-08-05 04:23:00.142
"9cae0770-e6f0-4777-ac01-bbc5f26b2dfb","628d40d0-959d-4870-8cf6-9099e8749af9","657aca88-207c-474c-9abc-1af2429cad74",,CHECK_IN,43.194721,23.608585,true,52.0,false,2026-08-05 07:22:38.000,2026-08-05 04:23:00.148,2026-08-05 04:23:00.148
"7478efbd-717b-4741-9fe9-3a25972436dd","8a8e1231-da2f-43ae-90a9-21035c93bbc7","657aca88-207c-474c-9abc-1af2429cad74",,CHECK_IN,43.194721,23.608585,true,62.0,false,2026-08-05 07:23:08.000,2026-08-05 04:23:29.987,2026-08-05 04:23:29.987
"23e224a4-000f-4b0b-9a64-a9038e9a9885",e5f48139-e050-420d-bd34-a8451eff467f,"657aca88-207c-474c-9abc-1af2429cad74",,CHECK_IN,43.194721,23.608585,true,67.0,false,2026-08-05 07:24:05.000,2026-08-05 04:24:29.972,2026-08-05 04:24:29.972
"2c02c088-fc7f-4485-98b5-8ea1d7ea4bb8","64c97323-158f-4b18-ad45-0fd3cb0cecca","657aca88-207c-474c-9abc-1af2429cad74",,CHECK_OUT,43.194721,23.608585,true,70.0,false,2026-08-05 07:25:01.000,2026-08-05 04:25:29.987,2026-08-05 04:25:29.987
a1655c0e-4d72-4de4-9e9c-e305f403aa58,"64c97323-158f-4b18-ad45-0fd3cb0cecca","657aca88-207c-474c-9abc-1af2429cad74",,CHECK_IN,43.194721,23.608585,true,67.0,false,2026-08-05 07:25:02.000,2026-08-05 04:25:29.990,2026-08-05 04:25:29.990
cf38b405-2fce-4a5c-b33b-895d8cee8a99,"17a2c2cb-60c8-49e9-9a7d-e5b48980a7f2","657aca88-207c-474c-9abc-1af2429cad74",,CHECK_OUT,43.194721,23.608585,true,52.0,false,2026-08-05 07:25:37.000,2026-08-05 04:25:59.995,2026-08-05 04:25:59.995
cdcc3cb8-dcca-45a7-a665-c5b4c317747a,"17a2c2cb-60c8-49e9-9a7d-e5b48980a7f2","657aca88-207c-474c-9abc-1af2429cad74",,CHECK_IN,43.194721,23.608585,true,52.0,false,2026-08-05 07:25:38.000,2026-08-05 04:25:59.998,2026-08-05 04:25:59.998
"79020703-1ac3-4357-bf8a-a691b6531018","17e4eb94-d4ab-472a-ad3a-991750ee662a","657aca88-207c-474c-9abc-1af2429cad74",,CHECK_OUT,43.194721,23.608585,true,64.0,false,2026-08-05 07:25:47.000,2026-08-05 04:26:00.002,2026-08-05 04:26:00.002
"37933fc0-5332-4abb-8d81-237c57bb574d","17e4eb94-d4ab-472a-ad3a-991750ee662a","657aca88-207c-474c-9abc-1af2429cad74",,CHECK_IN,43.194721,23.608585,true,59.0,false,2026-08-05 07:25:48.000,2026-08-05 04:26:00.021,2026-08-05 04:26:00.021
"8a6681e9-9c31-4d1e-88e6-5701f4fa43fb",f721fdd2-47ce-45a6-838e-5ac2aed4cd75,"657aca88-207c-474c-9abc-1af2429cad74",,CHECK_OUT,43.194721,23.608585,true,60.0,false,2026-08-05 07:26:11.000,2026-08-05 04:26:29.988,2026-08-05 04:26:29.988
ea00ed07-3cf0-49e7-b6b1-c5b02b144fcc,f721fdd2-47ce-45a6-838e-5ac2aed4cd75,"657aca88-207c-474c-9abc-1af2429cad74",,CHECK_IN,43.194721,23.608585,true,59.0,false,2026-08-05 07:26:11.000,2026-08-05 04:26:29.990,2026-08-05 04:26:29.990
cf6316d8-5954-4798-93f1-17602a5e852e,f71a195c-7f69-46bf-b5bd-711c2beacdc9,"657aca88-207c-474c-9abc-1af2429cad74",,CHECK_IN,43.194721,23.608585,true,52.0,false,2026-08-05 07:26:38.000,2026-08-05 04:26:59.986,2026-08-05 04:26:59.986
"8ead721d-51e7-4fd5-b3f9-faf312fb0867","240bc314-dfdc-41e1-a45f-c4c573a44788","657aca88-207c-474c-9abc-1af2429cad74",,CHECK_IN,43.194721,23.608585,true,56.0,false,2026-08-05 07:27:41.000,2026-08-05 04:27:59.997,2026-08-05 04:27:59.997
cd26597f-e775-4de0-93ca-50f2d454461e,a467fc90-25a2-4048-a48d-6f5ee1ccee67,"657aca88-207c-474c-9abc-1af2429cad74",,CHECK_IN,43.194721,23.608585,true,65.0,false,2026-08-05 07:28:11.000,2026-08-05 04:28:29.981,2026-08-05 04:28:29.981
"7d5e540d-348c-4348-bedf-c7fdc94e5f54","3d976022-5033-4c30-883d-2bb683c9cfa1","657aca88-207c-474c-9abc-1af2429cad74",,CHECK_OUT,43.194721,23.608585,true,56.0,false,2026-08-05 07:29:34.000,2026-08-05 04:30:00.227,2026-08-05 04:30:00.227
d9c567c1-cc97-442c-ad25-3b4a7b25a44e,"3d976022-5033-4c30-883d-2bb683c9cfa1","657aca88-207c-474c-9abc-1af2429cad74",,CHECK_IN,43.194721,23.608585,true,62.0,false,2026-08-05 07:29:36.000,2026-08-05 04:30:00.238,2026-08-05 04:30:00.238
"0bb0bb93-30a3-437c-b203-a37b6cdb94af",f721fdd2-47ce-45a6-838e-5ac2aed4cd75,"657aca88-207c-474c-9abc-1af2429cad74",,CHECK_IN,43.20269403107165,23.555504307941483,false,,true,2026-08-05 07:30:42.000,2026-08-05 04:30:48.551,2026-08-05 04:30:48.551
fdb257d7-2ff8-4d77-b028-1cee0900c11a,f5f7d765-d2db-4a95-b655-27499c69acf2,"657aca88-207c-474c-9abc-1af2429cad74",,CHECK_IN,43.194721,23.608585,true,67.0,false,2026-08-05 07:30:42.000,2026-08-05 04:31:00.146,2026-08-05 04:31:00.146
a60ca486-d15c-458b-bf4a-a2f787ee689e,e5a36817-048f-4868-929a-d1cf32fc6258,"657aca88-207c-474c-9abc-1af2429cad74",,CHECK_IN,43.194721,23.608585,true,56.0,false,2026-08-05 07:35:05.000,2026-08-05 04:35:30.267,2026-08-05 04:35:30.267
b441f034-087c-490d-96c2-1992ad1beb65,"1c9f0cce-7d52-4182-9a80-75f87a851a6b","657aca88-207c-474c-9abc-1af2429cad74",,CHECK_IN,43.194721,23.608585,true,57.0,false,2026-08-05 07:36:06.000,2026-08-05 04:36:29.985,2026-08-05 04:36:29.985
c83e1a81-353d-4e9c-8314-60d840266e37,c7e8ca14-c7a8-469e-880d-c0f98cdf485e,"657aca88-207c-474c-9abc-1af2429cad74",,CHECK_IN,43.194721,23.608585,true,53.0,false,2026-08-05 07:36:47.000,2026-08-05 04:37:00.005,2026-08-05 04:37:00.005
"137279e0-3150-42fc-a642-88d1e5488eae","1c9f0cce-7d52-4182-9a80-75f87a851a6b","657aca88-207c-474c-9abc-1af2429cad74",,CHECK_OUT,43.194721,23.608585,true,50.0,false,2026-08-05 07:37:15.000,2026-08-05 04:37:29.993,2026-08-05 04:37:29.993
f211694b-b0c8-4ebd-bb3a-90671e02df8f,"1c9f0cce-7d52-4182-9a80-75f87a851a6b","657aca88-207c-474c-9abc-1af2429cad74",,CHECK_IN,43.194721,23.608585,true,51.0,false,2026-08-05 07:37:16.000,2026-08-05 04:37:29.996,2026-08-05 04:37:29.996
d4fb7f14-0ae9-4b29-ae8e-ec13cc630beb,"5ed83e7e-0f5e-4f14-b5ab-03e63b1038bc","657aca88-207c-474c-9abc-1af2429cad74",,CHECK_IN,43.194721,23.608585,true,53.0,false,2026-08-05 07:37:30.000,2026-08-05 04:37:59.996,2026-08-05 04:37:59.996
"1ba3d0a1-2371-4cba-a5c9-056acc7c30d1","77a6d5e3-909d-4b7f-a456-154344b678f4","657aca88-207c-474c-9abc-1af2429cad74",,CHECK_IN,43.194721,23.608585,true,52.0,false,2026-08-05 07:43:21.000,2026-08-05 04:43:30.098,2026-08-05 04:43:30.098
"0c248963-8c53-48c9-a8a8-76db4bdb77c8","2501fe3b-87b2-4539-b79d-49be6e92cf4d","657aca88-207c-474c-9abc-1af2429cad74",,CHECK_IN,43.194721,23.608585,true,58.0,false,2026-08-05 07:51:59.000,2026-08-05 04:52:00.416,2026-08-05 04:52:00.416
"93bbedb4-275d-43b3-8f4a-10468fc6be98","602d9323-f5c4-4df1-b6c4-84604b161a27","657aca88-207c-474c-9abc-1af2429cad74",,CHECK_IN,43.194721,23.608585,true,66.0,false,2026-08-05 08:06:31.000,2026-08-05 05:07:00.191,2026-08-05 05:07:00.191
"95c36f69-3e35-42af-9934-f1e88923cea7",f721fdd2-47ce-45a6-838e-5ac2aed4cd75,"657aca88-207c-474c-9abc-1af2429cad74",,CHECK_OUT,43.20267496594022,23.555429219235386,false,,true,2026-08-05 08:08:20.000,2026-08-05 05:08:28.368,2026-08-05 05:08:28.368
"1874cfe5-e0ce-4d7a-af38-ac647b361906",f721fdd2-47ce-45a6-838e-5ac2aed4cd75,"657aca88-207c-474c-9abc-1af2429cad74",,CHECK_IN,43.202752306863204,23.55535627589806,false,,true,2026-08-05 08:09:27.000,2026-08-05 05:09:32.665,2026-08-05 05:09:32.665
"72f09831-3f27-4e9e-8e20-9ee0b2763220","1b3d636b-7b18-47e4-a9ea-32ce33378b37","657aca88-207c-474c-9abc-1af2429cad74",,CHECK_OUT,43.194721,23.608585,true,61.0,false,2026-08-05 17:02:05.000,2026-08-05 14:02:30.802,2026-08-05 14:02:30.802
"63591ba3-ff60-4387-a111-541b001a0583","926758e5-3a61-4ad6-82b2-34c4816c75b8","657aca88-207c-474c-9abc-1af2429cad74",,CHECK_OUT,43.194721,23.608585,true,56.0,false,2026-08-05 17:02:12.000,2026-08-05 14:02:30.886,2026-08-05 14:02:30.886
"8ebaf19a-05fd-4ceb-832d-b447875d3ea8","3d976022-5033-4c30-883d-2bb683c9cfa1","657aca88-207c-474c-9abc-1af2429cad74",,CHECK_OUT,43.194721,23.608585,true,64.0,false,2026-08-05 17:02:45.000,2026-08-05 14:03:00.356,2026-08-05 14:03:00.356
"408559e2-31ec-4b2b-a68d-2bb956322cef",b15c0a24-f180-4043-b67a-d5e02a85c89b,"657aca88-207c-474c-9abc-1af2429cad74",,CHECK_OUT,43.194721,23.608585,true,66.0,false,2026-08-05 17:04:38.000,2026-08-05 14:05:00.473,2026-08-05 14:05:00.473
"34a46616-58aa-441d-b818-7dca2d58c227",aa93b9b6-4dc0-48dc-9614-f0b955445b40,"657aca88-207c-474c-9abc-1af2429cad74",,CHECK_OUT,43.194721,23.608585,true,56.0,false,2026-08-05 17:05:27.000,2026-08-05 14:05:30.353,2026-08-05 14:05:30.353
c57ddbd7-d75e-4e23-84d5-6e5400fd69d4,"64c97323-158f-4b18-ad45-0fd3cb0cecca","657aca88-207c-474c-9abc-1af2429cad74",,CHECK_OUT,43.194721,23.608585,true,78.0,false,2026-08-05 17:05:38.000,2026-08-05 14:06:00.409,2026-08-05 14:06:00.409
"89d28f68-a45d-4f85-beb9-38469bc8537b",d6b6d84e-0445-43df-9f71-ca5679ce20cd,"657aca88-207c-474c-9abc-1af2429cad74",,CHECK_OUT,43.194721,23.608585,true,68.0,false,2026-08-05 17:06:18.000,2026-08-05 14:06:30.373,2026-08-05 14:06:30.373
caa0fe2c-a643-47f4-a7fc-2544b2ec8a30,"17e4eb94-d4ab-472a-ad3a-991750ee662a","657aca88-207c-474c-9abc-1af2429cad74",,CHECK_OUT,43.194721,23.608585,true,75.0,false,2026-08-05 17:06:49.000,2026-08-05 14:07:00.360,2026-08-05 14:07:00.360
"3cb52854-ce0e-4bbe-a5f5-02f50877aac4",af4a589c-808d-42ac-b374-59a1883692ae,"657aca88-207c-474c-9abc-1af2429cad74",,CHECK_OUT,43.194721,23.608585,true,55.0,false,2026-08-05 17:07:02.000,2026-08-05 14:07:30.450,2026-08-05 14:07:30.450
"5f223329-539b-48d9-a997-6b749196b6e8",c7e8ca14-c7a8-469e-880d-c0f98cdf485e,"657aca88-207c-474c-9abc-1af2429cad74",,CHECK_OUT,43.194721,23.608585,true,57.0,false,2026-08-05 17:08:30.000,2026-08-05 14:09:00.495,2026-08-05 14:09:00.495
"779185ef-dfce-4077-8c85-0e684cac9cc8","77a6d5e3-909d-4b7f-a456-154344b678f4","657aca88-207c-474c-9abc-1af2429cad74",,CHECK_OUT,43.194721,23.608585,true,71.0,false,2026-08-05 17:10:22.000,2026-08-05 14:10:30.479,2026-08-05 14:10:30.479
bec0b426-6d14-4ec9-91ae-59654c659d73,e5f48139-e050-420d-bd34-a8451eff467f,"657aca88-207c-474c-9abc-1af2429cad74",,CHECK_OUT,43.194721,23.608585,true,64.0,false,2026-08-05 17:11:10.000,2026-08-05 14:11:30.354,2026-08-05 14:11:30.354
fbd44b67-299f-461c-8773-131160197f50,c5903b81-8b17-49bb-82b3-51a8a5880762,"657aca88-207c-474c-9abc-1af2429cad74",,CHECK_OUT,43.194721,23.608585,true,70.0,false,2026-08-05 17:12:48.000,2026-08-05 14:13:00.489,2026-08-05 14:13:00.489
"880204e4-89b4-4f7e-add2-80e2c8e0419f",f5f7d765-d2db-4a95-b655-27499c69acf2,"657aca88-207c-474c-9abc-1af2429cad74",,CHECK_OUT,43.194721,23.608585,true,65.0,false,2026-08-05 17:13:04.000,2026-08-05 14:13:30.354,2026-08-05 14:13:30.354
"7a2e582b-2da3-4e86-87c2-437bd8e07f4f",a467fc90-25a2-4048-a48d-6f5ee1ccee67,"657aca88-207c-474c-9abc-1af2429cad74",,CHECK_OUT,43.194721,23.608585,true,68.0,false,2026-08-05 17:13:14.000,2026-08-05 14:13:30.362,2026-08-05 14:13:30.362
ea2780f7-a6e2-472c-a327-3c318524248c,"240bc314-dfdc-41e1-a45f-c4c573a44788","657aca88-207c-474c-9abc-1af2429cad74",,CHECK_OUT,43.194721,23.608585,true,67.0,false,2026-08-05 17:13:50.000,2026-08-05 14:14:00.354,2026-08-05 14:14:00.354
e01d4b4a-c594-42ef-a5a9-7ee83794a1d3,f71a195c-7f69-46bf-b5bd-711c2beacdc9,"657aca88-207c-474c-9abc-1af2429cad74",,CHECK_OUT,43.194721,23.608585,true,63.0,false,2026-08-05 17:14:51.000,2026-08-05 14:15:00.364,2026-08-05 14:15:00.364
f4b5b903-e4cc-4b0d-975f-c5477668cef8,"1c9f0cce-7d52-4182-9a80-75f87a851a6b","657aca88-207c-474c-9abc-1af2429cad74",,CHECK_OUT,43.194721,23.608585,true,67.0,false,2026-08-05 17:18:22.000,2026-08-05 14:18:30.690,2026-08-05 14:18:30.690
"39545196-6348-45c3-a491-61a919b220f5",d5aed01f-427e-4421-9e35-b8cde6f895a3,"657aca88-207c-474c-9abc-1af2429cad74",caa49a56-ddf2-499a-b1f8-bd27e6379b49,CHECK_IN,0.0,0.0,false,,true,2026-08-05 08:08:34.320,2026-08-05 08:08:34.320,2026-08-05 08:08:34.320
"66f21e91-fe98-4cbc-9f7f-376c5941aa8e",d5aed01f-427e-4421-9e35-b8cde6f895a3,"657aca88-207c-474c-9abc-1af2429cad74",caa49a56-ddf2-499a-b1f8-bd27e6379b49,CHECK_OUT,0.0,0.0,false,,true,2026-08-05 08:08:40.714,2026-08-05 08:08:40.714,2026-08-05 08:08:40.714
"7dca11e1-89f8-46bd-ade8-8d1ec0aaf06a",e5a36817-048f-4868-929a-d1cf32fc6258,"657aca88-207c-474c-9abc-1af2429cad74",,CHECK_OUT,43.194721,23.608585,true,52.0,false,2026-08-05 17:18:28.000,2026-08-05 14:18:30.698,2026-08-05 14:18:30.698
f3020e0e-1b21-4634-a561-379012956cf9,"602d9323-f5c4-4df1-b6c4-84604b161a27","657aca88-207c-474c-9abc-1af2429cad74",,CHECK_OUT,43.194721,23.608585,true,71.0,false,2026-08-05 17:18:36.000,2026-08-05 14:19:00.404,2026-08-05 14:19:00.404
"42e11aad-008a-4264-933d-c318e269a5f5","2cd576ec-0a8f-4f92-9d4b-436e16b4101a","657aca88-207c-474c-9abc-1af2429cad74",,CHECK_OUT,43.194721,23.608585,true,70.0,false,2026-08-05 17:19:23.000,2026-08-05 14:19:30.407,2026-08-05 14:19:30.407
"545a0571-1ac6-41bc-b37b-db5fcb4514f5","8a8e1231-da2f-43ae-90a9-21035c93bbc7","657aca88-207c-474c-9abc-1af2429cad74",,CHECK_OUT,43.194721,23.608585,true,63.0,false,2026-08-05 17:22:38.000,2026-08-05 14:23:00.487,2026-08-05 14:23:00.487
"094532fb-34ee-41b2-a7b5-bad75b6f9b59","2112a5d6-1663-442a-a32b-1ef34b46c97c","657aca88-207c-474c-9abc-1af2429cad74",,CHECK_OUT,43.194721,23.608585,true,57.0,false,2026-08-05 18:08:43.000,2026-08-05 15:09:01.333,2026-08-05 15:09:01.333
c1ea664d-9b5c-4604-8747-8cf35b08b178,"512f4471-88b5-4ff9-8b20-5996f534a6e3","657aca88-207c-474c-9abc-1af2429cad74",caa49a56-ddf2-499a-b1f8-bd27e6379b49,CHECK_OUT,0.0,0.0,false,,true,2026-08-05 15:41:56.531,2026-08-05 15:41:56.531,2026-08-05 15:41:56.531
ee8270be-f6c5-40a9-a8a4-dbda6300df81,"90570712-1957-4575-9ae0-16d3f2aa5ee9","657aca88-207c-474c-9abc-1af2429cad74",caa49a56-ddf2-499a-b1f8-bd27e6379b49,CHECK_OUT,0.0,0.0,false,,true,2026-08-05 15:42:04.182,2026-08-05 15:42:04.182,2026-08-05 15:42:04.182
"72e845e9-6dc2-40e9-9c5c-1df8d3b70dd6","8308ef9d-f2d5-42e7-a7e4-25733136cae0","657aca88-207c-474c-9abc-1af2429cad74",caa49a56-ddf2-499a-b1f8-bd27e6379b49,CHECK_OUT,0.0,0.0,false,,true,2026-08-05 15:42:09.985,2026-08-05 15:42:09.985,2026-08-05 15:42:09.985
b7d106f6-989d-477b-945f-98740f5c7d77,"2112a5d6-1663-442a-a32b-1ef34b46c97c","657aca88-207c-474c-9abc-1af2429cad74",caa49a56-ddf2-499a-b1f8-bd27e6379b49,CHECK_OUT,0.0,0.0,false,,true,2026-08-05 15:42:12.788,2026-08-05 15:42:12.788,2026-08-05 15:42:12.788
"7f7aee91-cb91-4717-b625-f887eed434eb","2112a5d6-1663-442a-a32b-1ef34b46c97c","657aca88-207c-474c-9abc-1af2429cad74",caa49a56-ddf2-499a-b1f8-bd27e6379b49,CHECK_OUT,0.0,0.0,false,,true,2026-08-05 15:42:20.126,2026-08-05 15:42:20.126,2026-08-05 15:42:20.126
"10d2280e-6116-42a7-8734-349baa4e8981","628d40d0-959d-4870-8cf6-9099e8749af9","657aca88-207c-474c-9abc-1af2429cad74",caa49a56-ddf2-499a-b1f8-bd27e6379b49,CHECK_OUT,0.0,0.0,false,,true,2026-08-05 15:42:30.910,2026-08-05 15:42:30.910,2026-08-05 15:42:30.910
b1753217-4412-4aff-9131-b87136f5ae53,"1e0cfcc4-0a5c-4457-8811-3e370c4f260f","657aca88-207c-474c-9abc-1af2429cad74",caa49a56-ddf2-499a-b1f8-bd27e6379b49,CHECK_OUT,0.0,0.0,false,,true,2026-08-05 15:42:38.989,2026-08-05 15:42:38.989,2026-08-05 15:42:38.989
e698a8b3-c91c-4b9d-9690-c1ac8de935e6,"12459722-0311-458f-a320-5d9e4d7cad5c","657aca88-207c-474c-9abc-1af2429cad74",caa49a56-ddf2-499a-b1f8-bd27e6379b49,CHECK_OUT,0.0,0.0,false,,true,2026-08-05 15:42:45.331,2026-08-05 15:42:45.331,2026-08-05 15:42:45.331
"3fe6cca3-4e0d-43c0-8f8c-1b7b4b3cc372","39e5754e-7c46-4954-8ee2-e32c36bf4e93","657aca88-207c-474c-9abc-1af2429cad74",caa49a56-ddf2-499a-b1f8-bd27e6379b49,CHECK_OUT,0.0,0.0,false,,true,2026-08-05 15:42:48.027,2026-08-05 15:42:48.027,2026-08-05 15:42:48.027
"82995ef1-a75d-4d01-bf55-c0ca1326ee01",dc9e1c44-0d57-43ff-9533-ced7467c7556,"657aca88-207c-474c-9abc-1af2429cad74",caa49a56-ddf2-499a-b1f8-bd27e6379b49,CHECK_OUT,0.0,0.0,false,,true,2026-08-05 15:42:50.788,2026-08-05 15:42:50.788,2026-08-05 15:42:50.788
"49478bf5-3996-4c84-a529-ef64773b3244",f721fdd2-47ce-45a6-838e-5ac2aed4cd75,"657aca88-207c-474c-9abc-1af2429cad74",caa49a56-ddf2-499a-b1f8-bd27e6379b49,CHECK_OUT,0.0,0.0,false,,true,2026-08-05 15:42:52.807,2026-08-05 15:42:52.807,2026-08-05 15:42:52.807
"4d291ff1-3149-43d2-a805-c5b0c5ee8caf","81b36c11-0d95-4b61-8193-4e59127b7d22","657aca88-207c-474c-9abc-1af2429cad74",caa49a56-ddf2-499a-b1f8-bd27e6379b49,CHECK_OUT,0.0,0.0,false,,true,2026-08-05 15:42:56.743,2026-08-05 15:42:56.743,2026-08-05 15:42:56.743
fb1137c0-4f4d-4724-9bc2-3d7d8ed8e127,"74527f74-35db-4321-b590-e9a72dc32935","657aca88-207c-474c-9abc-1af2429cad74",caa49a56-ddf2-499a-b1f8-bd27e6379b49,CHECK_OUT,0.0,0.0,false,,true,2026-08-05 15:43:01.109,2026-08-05 15:43:01.109,2026-08-05 15:43:01.109
"48a31ae6-6bbe-4707-a49a-df911319023f","2501fe3b-87b2-4539-b79d-49be6e92cf4d","657aca88-207c-474c-9abc-1af2429cad74",caa49a56-ddf2-499a-b1f8-bd27e6379b49,CHECK_OUT,0.0,0.0,false,,true,2026-08-05 15:43:08.098,2026-08-05 15:43:08.098,2026-08-05 15:43:08.098
b61bad3d-8d46-40c1-bab8-df4e3ecab153,"75f4f67c-1b34-4b4e-8986-ec8b9a4b3da7","657aca88-207c-474c-9abc-1af2429cad74",caa49a56-ddf2-499a-b1f8-bd27e6379b49,CHECK_OUT,0.0,0.0,false,,true,2026-08-05 15:43:16.973,2026-08-05 15:43:16.973,2026-08-05 15:43:16.973
"848a2b55-4b02-460b-819a-4f45e53c5646","17a2c2cb-60c8-49e9-9a7d-e5b48980a7f2","657aca88-207c-474c-9abc-1af2429cad74",caa49a56-ddf2-499a-b1f8-bd27e6379b49,CHECK_OUT,0.0,0.0,false,,true,2026-08-05 15:43:18.481,2026-08-05 15:43:18.481,2026-08-05 15:43:18.481
"18205791-0306-44be-8a92-5566593b3a02","5ed83e7e-0f5e-4f14-b5ab-03e63b1038bc","657aca88-207c-474c-9abc-1af2429cad74",caa49a56-ddf2-499a-b1f8-bd27e6379b49,CHECK_OUT,0.0,0.0,false,,true,2026-08-05 15:43:22.937,2026-08-05 15:43:22.937,2026-08-05 15:43:22.937
"97cce8f9-989d-4eda-b84b-69dd99113b06","2112a5d6-1663-442a-a32b-1ef34b46c97c","657aca88-207c-474c-9abc-1af2429cad74",caa49a56-ddf2-499a-b1f8-bd27e6379b49,CHECK_OUT,0.0,0.0,false,,true,2026-08-05 15:45:22.405,2026-08-05 15:45:22.405,2026-08-05 15:45:22.405
"723beccd-219b-44a1-9129-354fef031f44","5ed83e7e-0f5e-4f14-b5ab-03e63b1038bc","657aca88-207c-474c-9abc-1af2429cad74",,CHECK_OUT,43.194721,23.608585,true,73.0,false,2026-08-05 19:23:35.000,2026-08-05 16:24:00.783,2026-08-05 16:24:00.783
"552cb45b-24dc-4ada-b47e-ade22fe1dc99","5ed83e7e-0f5e-4f14-b5ab-03e63b1038bc","657aca88-207c-474c-9abc-1af2429cad74",,CHECK_IN,43.194721,23.608585,true,72.0,false,2026-08-05 19:23:54.000,2026-08-05 16:24:00.793,2026-08-05 16:24:00.793
d170712c-6b06-4836-8943-c8f1ba5fcc78,"5ed83e7e-0f5e-4f14-b5ab-03e63b1038bc","657aca88-207c-474c-9abc-1af2429cad74",,CHECK_OUT,43.194721,23.608585,true,70.0,false,2026-08-05 19:24:02.000,2026-08-05 16:24:30.671,2026-08-05 16:24:30.671
"91677fde-900f-4aa3-bd0f-5dbb4c836eda","2eca8bc8-65a5-4298-870f-0615602aef91","657aca88-207c-474c-9abc-1af2429cad74",caa49a56-ddf2-499a-b1f8-bd27e6379b49,CHECK_IN,0.0,0.0,false,,true,2026-08-05 16:50:39.676,2026-08-05 16:50:39.676,2026-08-05 16:50:39.676
cad7e55f-db0e-4b67-bbe2-a35e56606abd,"2eca8bc8-65a5-4298-870f-0615602aef91","657aca88-207c-474c-9abc-1af2429cad74",,CHECK_OUT,43.20270770716471,23.555483617186216,false,,true,2026-08-05 19:51:39.000,2026-08-05 16:51:45.444,2026-08-05 16:51:45.444
"833482fe-de39-447c-b342-eb03c5051858",f721fdd2-47ce-45a6-838e-5ac2aed4cd75,"657aca88-207c-474c-9abc-1af2429cad74",,CHECK_OUT,43.202626052010714,23.555412375222648,false,,true,2026-08-05 19:53:45.000,2026-08-05 16:53:50.804,2026-08-05 16:53:50.804
e83ca19e-cec4-42b1-b15d-1bc7be4cfde0,"1b3d636b-7b18-47e4-a9ea-32ce33378b37","657aca88-207c-474c-9abc-1af2429cad74",,CHECK_IN,43.401489,23.227905,false,67.0,false,2026-08-06 06:05:06.000,2026-08-06 03:05:31.086,2026-08-06 03:05:31.086
"26a1da94-d7b6-41a1-aa86-0f45986de789","926758e5-3a61-4ad6-82b2-34c4816c75b8","657aca88-207c-474c-9abc-1af2429cad74",,CHECK_IN,43.194721,23.608585,true,60.0,false,2026-08-06 06:34:40.000,2026-08-06 03:35:01.320,2026-08-06 03:35:01.320
"9cec28ea-e18a-46c5-9961-b188bb1ac52d",d6b6d84e-0445-43df-9f71-ca5679ce20cd,"657aca88-207c-474c-9abc-1af2429cad74",,CHECK_IN,43.194721,23.608585,true,70.0,false,2026-08-06 06:34:49.000,2026-08-06 03:35:01.367,2026-08-06 03:35:01.367
"72ce8bfe-4a25-4a5b-a1ad-1348e48bd57e","2eca8bc8-65a5-4298-870f-0615602aef91","657aca88-207c-474c-9abc-1af2429cad74",,CHECK_IN,43.194721,23.608585,true,57.0,false,2026-08-06 06:35:04.000,2026-08-06 03:35:30.844,2026-08-06 03:35:30.844
c3585bcd-ced6-42d0-9a33-26ce08ca0ffe,"512f4471-88b5-4ff9-8b20-5996f534a6e3","657aca88-207c-474c-9abc-1af2429cad74",,CHECK_IN,43.401489,23.227905,false,55.0,false,2026-08-06 06:47:52.000,2026-08-06 03:48:17.054,2026-08-06 03:48:17.054
"83a232ff-185e-4948-9478-a1278ae901ab","8218a51e-5a6c-4bde-8519-24df8070b8a9","657aca88-207c-474c-9abc-1af2429cad74",,CHECK_IN,43.194721,23.608585,true,59.0,false,2026-08-06 06:48:57.000,2026-08-06 03:49:16.880,2026-08-06 03:49:16.880
f2372189-1017-45cb-a79b-01e5ff3717e6,"61c76398-dbf7-43bf-830f-6eac33943779","657aca88-207c-474c-9abc-1af2429cad74",,CHECK_IN,43.401489,23.227905,false,58.0,false,2026-08-06 06:49:21.000,2026-08-06 03:49:46.907,2026-08-06 03:49:46.907
eb5c3c1a-e1c1-489d-8b9e-b7b966ae4de9,f721fdd2-47ce-45a6-838e-5ac2aed4cd75,"657aca88-207c-474c-9abc-1af2429cad74",,CHECK_IN,43.194721,23.608585,true,70.0,false,2026-08-06 06:51:02.000,2026-08-06 03:51:16.983,2026-08-06 03:51:16.983
"2813a411-b5e1-4191-acbd-fe19106c8966",c5903b81-8b17-49bb-82b3-51a8a5880762,"657aca88-207c-474c-9abc-1af2429cad74",,CHECK_IN,43.194721,23.608585,true,59.0,false,2026-08-06 07:10:52.000,2026-08-06 04:11:17.128,2026-08-06 04:11:17.128
e76a4470-e624-4748-9376-b43fd7865fc1,"12459722-0311-458f-a320-5d9e4d7cad5c","657aca88-207c-474c-9abc-1af2429cad74",,CHECK_IN,43.194721,23.608585,true,61.0,false,2026-08-06 07:11:02.000,2026-08-06 04:11:17.133,2026-08-06 04:11:17.133
c494f2a9-fdd8-4949-b2a4-ea299484230c,"90570712-1957-4575-9ae0-16d3f2aa5ee9","657aca88-207c-474c-9abc-1af2429cad74",,CHECK_IN,43.194721,23.608585,true,63.0,false,2026-08-06 07:11:08.000,2026-08-06 04:11:17.136,2026-08-06 04:11:17.136
"2b299fd3-29f5-4746-ad53-3b1bffc2f8fd","8308ef9d-f2d5-42e7-a7e4-25733136cae0","657aca88-207c-474c-9abc-1af2429cad74",,CHECK_IN,43.194721,23.608585,true,46.0,false,2026-08-06 07:11:21.000,2026-08-06 04:11:46.993,2026-08-06 04:11:46.993
"16e8b342-6dad-4f30-b53c-c2669787ebe4","74527f74-35db-4321-b590-e9a72dc32935","657aca88-207c-474c-9abc-1af2429cad74",,CHECK_IN,43.194721,23.608585,true,55.0,false,2026-08-06 07:11:29.000,2026-08-06 04:11:46.997,2026-08-06 04:11:46.997
"64d61f26-4e47-46f7-9422-646137d9abc8",ff75470c-6a3a-4e5d-877d-74e99a17fe9d,"657aca88-207c-474c-9abc-1af2429cad74",,CHECK_IN,43.194721,23.608585,true,56.0,false,2026-08-06 07:11:35.000,2026-08-06 04:11:46.999,2026-08-06 04:11:46.999
"83a4d275-b7ca-491c-af01-7fa7ca2ddd5d",a467fc90-25a2-4048-a48d-6f5ee1ccee67,"657aca88-207c-474c-9abc-1af2429cad74",,CHECK_IN,43.194721,23.608585,true,55.0,false,2026-08-06 07:11:42.000,2026-08-06 04:11:47.003,2026-08-06 04:11:47.003
"82a971a3-c364-4217-984b-7e6a93aa1662","240bc314-dfdc-41e1-a45f-c4c573a44788","657aca88-207c-474c-9abc-1af2429cad74",,CHECK_IN,43.194721,23.608585,true,59.0,false,2026-08-06 07:11:46.000,2026-08-06 04:11:47.006,2026-08-06 04:11:47.006
b18f9fdd-71af-493b-b978-64f4690d8639,"75f4f67c-1b34-4b4e-8986-ec8b9a4b3da7","657aca88-207c-474c-9abc-1af2429cad74",,CHECK_IN,43.401489,23.227905,false,57.0,false,2026-08-06 07:12:43.000,2026-08-06 04:12:46.967,2026-08-06 04:12:46.967
"15148cea-b70e-4219-ae84-0443ee3859bb",fd2b5a2d-f9dd-4293-83c7-76ea00b396ff,"657aca88-207c-474c-9abc-1af2429cad74",,CHECK_IN,43.194721,23.608585,true,64.0,false,2026-08-06 07:12:54.000,2026-08-06 04:13:16.927,2026-08-06 04:13:16.927
e3787f73-92b0-4a54-974e-4ec9fe5f8d8c,dc9e1c44-0d57-43ff-9533-ced7467c7556,"657aca88-207c-474c-9abc-1af2429cad74",,CHECK_IN,43.194721,23.608585,true,52.0,false,2026-08-06 07:13:07.000,2026-08-06 04:13:16.931,2026-08-06 04:13:16.931
d1095b5b-c7a7-4a39-b397-0b30eaabe32b,f5f7d765-d2db-4a95-b655-27499c69acf2,"657aca88-207c-474c-9abc-1af2429cad74",,CHECK_IN,43.194721,23.608585,true,61.0,false,2026-08-06 07:13:51.000,2026-08-06 04:14:16.889,2026-08-06 04:14:16.889
b20216a3-8f1d-4a95-b4e6-6539bfb67cb2,b15c0a24-f180-4043-b67a-d5e02a85c89b,"657aca88-207c-474c-9abc-1af2429cad74",,CHECK_IN,43.194721,23.608585,true,63.0,false,2026-08-06 07:14:24.000,2026-08-06 04:14:46.972,2026-08-06 04:14:46.972
c25515ef-65e5-4c24-9aa4-bab0cd8d634f,af4a589c-808d-42ac-b374-59a1883692ae,"657aca88-207c-474c-9abc-1af2429cad74",,CHECK_IN,43.194721,23.608585,true,56.0,false,2026-08-06 07:14:45.000,2026-08-06 04:14:46.975,2026-08-06 04:14:46.975
b8f6bc51-f461-44ad-b3c9-5f831829938a,"628d40d0-959d-4870-8cf6-9099e8749af9","657aca88-207c-474c-9abc-1af2429cad74",,CHECK_IN,43.194721,23.608585,true,55.0,false,2026-08-06 07:17:11.000,2026-08-06 04:17:17.076,2026-08-06 04:17:17.076
e63bba35-325a-4de1-b12e-985a7e4a97b1,"5ed83e7e-0f5e-4f14-b5ab-03e63b1038bc","657aca88-207c-474c-9abc-1af2429cad74",,CHECK_IN,43.194721,23.608585,true,53.0,false,2026-08-06 07:19:20.000,2026-08-06 04:19:47.060,2026-08-06 04:19:47.060
f6724d1d-53cf-4f39-8e0f-1e5352fc6af6,e5f48139-e050-420d-bd34-a8451eff467f,"657aca88-207c-474c-9abc-1af2429cad74",,CHECK_IN,43.194721,23.608585,true,54.0,false,2026-08-06 07:20:39.000,2026-08-06 04:20:46.917,2026-08-06 04:20:46.917
"8805c0b6-4ff1-4bcc-88db-e346857f8a59","2112a5d6-1663-442a-a32b-1ef34b46c97c","657aca88-207c-474c-9abc-1af2429cad74",,CHECK_IN,43.194721,23.608585,true,53.0,false,2026-08-06 07:21:01.000,2026-08-06 04:21:16.922,2026-08-06 04:21:16.922
"181c6e83-f798-40e9-bf93-fd035516e035",f71a195c-7f69-46bf-b5bd-711c2beacdc9,"657aca88-207c-474c-9abc-1af2429cad74",,CHECK_IN,43.194721,23.608585,true,57.0,false,2026-08-06 07:21:07.000,2026-08-06 04:21:16.925,2026-08-06 04:21:16.925
d74a5307-c8da-4518-8638-93eb9490e24c,"3d976022-5033-4c30-883d-2bb683c9cfa1","657aca88-207c-474c-9abc-1af2429cad74",,CHECK_IN,43.194721,23.608585,true,58.0,false,2026-08-06 07:21:33.000,2026-08-06 04:21:46.922,2026-08-06 04:21:46.922
"55f2f1a0-840b-4cd2-9cf3-a2c3afdc4a8a","5e8263c0-8db9-4084-810f-7317368bd919","657aca88-207c-474c-9abc-1af2429cad74",,CHECK_IN,43.194721,23.608585,true,55.0,false,2026-08-06 07:21:51.000,2026-08-06 04:22:16.946,2026-08-06 04:22:16.946
"7d383819-c7fd-4ad5-966d-d480de8b0e71","1e0cfcc4-0a5c-4457-8811-3e370c4f260f","657aca88-207c-474c-9abc-1af2429cad74",,CHECK_IN,43.194721,23.608585,true,50.0,false,2026-08-06 07:23:48.000,2026-08-06 04:24:17.009,2026-08-06 04:24:17.009
"5a259f8c-5f06-4e28-afbc-984c3895cdd3","1e0cfcc4-0a5c-4457-8811-3e370c4f260f","657aca88-207c-474c-9abc-1af2429cad74",,CHECK_OUT,43.194721,23.608585,true,57.0,false,2026-08-06 07:23:49.000,2026-08-06 04:24:17.012,2026-08-06 04:24:17.012
ae5d4494-39f7-4809-b0f7-846865f043e9,"1e0cfcc4-0a5c-4457-8811-3e370c4f260f","657aca88-207c-474c-9abc-1af2429cad74",,CHECK_IN,43.194721,23.608585,true,55.0,false,2026-08-06 07:23:51.000,2026-08-06 04:24:17.015,2026-08-06 04:24:17.015
f3c9360c-aa2c-418f-8284-d7edcdca4b3a,"8a8e1231-da2f-43ae-90a9-21035c93bbc7","657aca88-207c-474c-9abc-1af2429cad74",,CHECK_IN,43.194721,23.608585,true,50.0,false,2026-08-06 07:24:01.000,2026-08-06 04:24:17.018,2026-08-06 04:24:17.018
"17c4baa4-12e8-4284-8ae8-d7ed2d032f2a","2555d529-ff47-49b6-931f-f2dce830a6fc","657aca88-207c-474c-9abc-1af2429cad74",,CHECK_IN,43.194721,23.608585,true,52.0,false,2026-08-06 07:24:34.000,2026-08-06 04:24:46.899,2026-08-06 04:24:46.899
"6a090c73-d096-4eea-a594-2df88c589f84",d0b6501c-1a2c-48d5-8614-41a1ca72be02,"657aca88-207c-474c-9abc-1af2429cad74",,CHECK_IN,43.194721,23.608585,true,48.0,false,2026-08-06 07:27:32.000,2026-08-06 04:27:47.025,2026-08-06 04:27:47.025
bb8a6d54-6bb0-47da-9d0f-fc7634d5efa0,e5a36817-048f-4868-929a-d1cf32fc6258,"657aca88-207c-474c-9abc-1af2429cad74",,CHECK_IN,43.194721,23.608585,true,49.0,false,2026-08-06 07:28:17.000,2026-08-06 04:28:46.898,2026-08-06 04:28:46.898
c2ba5d13-1ca7-4fbc-84f9-a4163bb05530,aa93b9b6-4dc0-48dc-9614-f0b955445b40,"657aca88-207c-474c-9abc-1af2429cad74",,CHECK_IN,43.194721,23.608585,true,60.0,false,2026-08-06 07:29:20.000,2026-08-06 04:29:46.903,2026-08-06 04:29:46.903
"197bd6a9-cbfa-4413-9e33-c254ee53b1b7","1c9f0cce-7d52-4182-9a80-75f87a851a6b","657aca88-207c-474c-9abc-1af2429cad74",,CHECK_IN,43.194721,23.608585,true,49.0,false,2026-08-06 07:30:59.000,2026-08-06 04:31:17.066,2026-08-06 04:31:17.066
dee21059-80af-4be6-94bc-2094444b80fb,c7e8ca14-c7a8-469e-880d-c0f98cdf485e,"657aca88-207c-474c-9abc-1af2429cad74",,CHECK_IN,43.194721,23.608585,true,48.0,false,2026-08-06 07:33:18.000,2026-08-06 04:33:47.224,2026-08-06 04:33:47.224
"3ce7ed44-cf2a-4c69-8ba0-070b4c73af13","81b36c11-0d95-4b61-8193-4e59127b7d22","657aca88-207c-474c-9abc-1af2429cad74",,CHECK_IN,43.194721,23.608585,true,64.0,false,2026-08-06 07:33:33.000,2026-08-06 04:33:47.230,2026-08-06 04:33:47.230
df973622-234b-4d60-b9b0-6b451fee6112,"77a6d5e3-909d-4b7f-a456-154344b678f4","657aca88-207c-474c-9abc-1af2429cad74",,CHECK_IN,43.194721,23.608585,true,51.0,false,2026-08-06 07:35:24.000,2026-08-06 04:35:47.061,2026-08-06 04:35:47.061
"4ba78f21-67ef-44f9-b4de-e846f4a1e5c4","77a6d5e3-909d-4b7f-a456-154344b678f4","657aca88-207c-474c-9abc-1af2429cad74",,CHECK_OUT,43.194721,23.608585,true,53.0,false,2026-08-06 07:35:24.000,2026-08-06 04:35:47.065,2026-08-06 04:35:47.065
"0d381ba9-dfa0-434c-80d0-1e2cb8c09bc7","602d9323-f5c4-4df1-b6c4-84604b161a27","657aca88-207c-474c-9abc-1af2429cad74",,CHECK_IN,43.194721,23.608585,true,49.0,false,2026-08-06 07:36:36.000,2026-08-06 04:36:46.973,2026-08-06 04:36:46.973
"60d9467e-0249-49b1-a3c3-c92da91bdef9","17e4eb94-d4ab-472a-ad3a-991750ee662a","657aca88-207c-474c-9abc-1af2429cad74",,CHECK_IN,43.194721,23.608585,true,,true,2026-08-06 07:38:15.000,2026-08-06 04:38:35.457,2026-08-06 04:38:35.457
adc5ecd6-b67e-4195-b706-ee7862a26c30,"2501fe3b-87b2-4539-b79d-49be6e92cf4d","657aca88-207c-474c-9abc-1af2429cad74",,CHECK_IN,43.194721,23.608585,true,71.0,false,2026-08-06 07:49:16.000,2026-08-06 04:49:17.349,2026-08-06 04:49:17.349
c7cdd505-678c-4dc1-b945-bb2e7443b41d,"986b9165-20b2-4ea1-b09f-498a58979161",c211b70d-7f1d-43df-a4f0-1e93123ede1d,caa49a56-ddf2-499a-b1f8-bd27e6379b49,CHECK_IN,0.0,0.0,false,,true,2026-08-06 09:22:14.690,2026-08-06 09:22:14.690,2026-08-06 09:22:14.690
"71a48df3-10d3-4c0e-a232-9df1180a9c63","986b9165-20b2-4ea1-b09f-498a58979161",c211b70d-7f1d-43df-a4f0-1e93123ede1d,caa49a56-ddf2-499a-b1f8-bd27e6379b49,CHECK_OUT,0.0,0.0,false,,true,2026-08-06 10:51:59.596,2026-08-06 10:51:59.596,2026-08-06 10:51:59.596
"22d32a3e-fb5a-4c1a-9570-dcfc7a39cc80","1b3d636b-7b18-47e4-a9ea-32ce33378b37","657aca88-207c-474c-9abc-1af2429cad74",,CHECK_OUT,43.194721,23.608585,true,56.0,false,2026-08-06 17:01:06.000,2026-08-06 14:01:20.916,2026-08-06 14:01:20.916
"0ab22936-a1e5-4cad-85d3-fb4a4d387a90","2555d529-ff47-49b6-931f-f2dce830a6fc","657aca88-207c-474c-9abc-1af2429cad74",,CHECK_OUT,43.194721,23.608585,true,55.0,false,2026-08-06 17:01:23.000,2026-08-06 14:01:50.666,2026-08-06 14:01:50.666
"9a244d96-579d-441a-8bc8-edea7d6eb368","926758e5-3a61-4ad6-82b2-34c4816c75b8","657aca88-207c-474c-9abc-1af2429cad74",,CHECK_OUT,43.194721,23.608585,true,54.0,false,2026-08-06 17:01:41.000,2026-08-06 14:01:50.672,2026-08-06 14:01:50.672
d8acc032-ccbf-4390-b413-02fb8b4ae870,f5f7d765-d2db-4a95-b655-27499c69acf2,"657aca88-207c-474c-9abc-1af2429cad74",,CHECK_OUT,43.194721,23.608585,true,65.0,false,2026-08-06 17:02:26.000,2026-08-06 14:02:50.597,2026-08-06 14:02:50.597
be8dd909-bc43-4bb1-8bba-1498218e5910,e5a36817-048f-4868-929a-d1cf32fc6258,"657aca88-207c-474c-9abc-1af2429cad74",,CHECK_OUT,43.194721,23.608585,true,55.0,false,2026-08-06 17:02:39.000,2026-08-06 14:02:50.606,2026-08-06 14:02:50.606
"119eac9a-63ff-4884-94fc-c94a9e6f81ed","2501fe3b-87b2-4539-b79d-49be6e92cf4d","657aca88-207c-474c-9abc-1af2429cad74",,CHECK_OUT,43.401489,23.227905,false,66.0,false,2026-08-06 17:02:48.000,2026-08-06 14:02:50.754,2026-08-06 14:02:50.754
"3d1d16ed-9900-41e6-9642-c4d6ebb95fbd","90570712-1957-4575-9ae0-16d3f2aa5ee9","657aca88-207c-474c-9abc-1af2429cad74",,CHECK_OUT,43.194721,23.608585,true,68.0,false,2026-08-06 17:03:12.000,2026-08-06 14:03:20.606,2026-08-06 14:03:20.606
"6d03e5dd-9640-44d3-ab0f-c25840dd2bd4","2112a5d6-1663-442a-a32b-1ef34b46c97c","657aca88-207c-474c-9abc-1af2429cad74",,CHECK_OUT,43.194721,23.608585,true,63.0,false,2026-08-06 17:04:05.000,2026-08-06 14:04:20.596,2026-08-06 14:04:20.596
"2148eb9a-196f-4d29-adc0-543a4c40721a","1c9f0cce-7d52-4182-9a80-75f87a851a6b","657aca88-207c-474c-9abc-1af2429cad74",,CHECK_OUT,43.194721,23.608585,true,67.0,false,2026-08-06 17:04:38.000,2026-08-06 14:04:50.613,2026-08-06 14:04:50.613
b394f484-2f64-4db3-b2f5-d897bbb14e86,b15c0a24-f180-4043-b67a-d5e02a85c89b,"657aca88-207c-474c-9abc-1af2429cad74",,CHECK_OUT,43.194721,23.608585,true,60.0,false,2026-08-06 17:04:49.000,2026-08-06 14:04:50.618,2026-08-06 14:04:50.618
cb2acab3-5a13-4acc-864a-282d41f51671,"3d976022-5033-4c30-883d-2bb683c9cfa1","657aca88-207c-474c-9abc-1af2429cad74",,CHECK_OUT,43.194721,23.608585,true,55.0,false,2026-08-06 17:06:52.000,2026-08-06 14:07:21.151,2026-08-06 14:07:21.151
"0f9eabd4-7b16-413b-9648-9716c53c4d79",af4a589c-808d-42ac-b374-59a1883692ae,"657aca88-207c-474c-9abc-1af2429cad74",,CHECK_OUT,43.194721,23.608585,true,60.0,false,2026-08-06 17:07:11.000,2026-08-06 14:07:21.156,2026-08-06 14:07:21.156
d4316e82-dcff-419f-8ace-7811b44a70d2,aa93b9b6-4dc0-48dc-9614-f0b955445b40,"657aca88-207c-474c-9abc-1af2429cad74",,CHECK_OUT,43.194721,23.608585,true,61.0,false,2026-08-06 17:07:36.000,2026-08-06 14:07:50.664,2026-08-06 14:07:50.664
b7cddb67-9065-49b5-8eab-9b1e380d961c,"77a6d5e3-909d-4b7f-a456-154344b678f4","657aca88-207c-474c-9abc-1af2429cad74",,CHECK_IN,43.194721,23.608585,true,75.0,false,2026-08-06 17:08:05.000,2026-08-06 14:08:20.554,2026-08-06 14:08:20.554
"68fcf46c-c5bf-41a6-a089-b15f0d0087a9","77a6d5e3-909d-4b7f-a456-154344b678f4","657aca88-207c-474c-9abc-1af2429cad74",,CHECK_OUT,43.194721,23.608585,true,73.0,false,2026-08-06 17:08:06.000,2026-08-06 14:08:20.560,2026-08-06 14:08:20.560
e1bd96d3-e1f3-47d8-afff-df7fdf77e111,"17e4eb94-d4ab-472a-ad3a-991750ee662a","657aca88-207c-474c-9abc-1af2429cad74",,CHECK_OUT,43.194721,23.608585,true,68.0,false,2026-08-06 17:08:15.000,2026-08-06 14:08:20.563,2026-08-06 14:08:20.563
f3be05f8-b959-4a35-8cda-7aaeca765e81,c7e8ca14-c7a8-469e-880d-c0f98cdf485e,"657aca88-207c-474c-9abc-1af2429cad74",,CHECK_OUT,43.401489,23.227905,false,59.0,false,2026-08-06 17:13:50.000,2026-08-06 14:13:50.701,2026-08-06 14:13:50.701
"54d940ee-c063-456d-a935-a98015f6f252",d6b6d84e-0445-43df-9f71-ca5679ce20cd,"657aca88-207c-474c-9abc-1af2429cad74",,CHECK_OUT,43.194721,23.608585,true,72.0,false,2026-08-06 17:14:21.000,2026-08-06 14:14:50.607,2026-08-06 14:14:50.607
f987540e-9109-4611-91f6-41b032666109,e5f48139-e050-420d-bd34-a8451eff467f,"657aca88-207c-474c-9abc-1af2429cad74",,CHECK_OUT,43.194721,23.608585,true,48.0,false,2026-08-06 17:15:35.000,2026-08-06 14:15:50.613,2026-08-06 14:15:50.613
"917904f3-1d6b-4343-a8fd-7700055039c1","8a8e1231-da2f-43ae-90a9-21035c93bbc7","657aca88-207c-474c-9abc-1af2429cad74",,CHECK_OUT,43.401489,23.227905,false,68.0,false,2026-08-06 17:15:54.000,2026-08-06 14:16:20.677,2026-08-06 14:16:20.677
"7a4d60c1-0748-45ff-aeca-f066a76249fe","602d9323-f5c4-4df1-b6c4-84604b161a27","657aca88-207c-474c-9abc-1af2429cad74",,CHECK_OUT,43.194721,23.608585,true,57.0,false,2026-08-06 17:12:33.000,2026-08-06 14:12:51.033,2026-08-06 14:12:51.033
"3a3177bc-db44-4257-9863-eabd868f248a",f71a195c-7f69-46bf-b5bd-711c2beacdc9,"657aca88-207c-474c-9abc-1af2429cad74",,CHECK_OUT,43.194721,23.608585,true,65.0,false,2026-08-06 17:15:07.000,2026-08-06 14:15:20.605,2026-08-06 14:15:20.605
"9480db4c-6ba6-44a2-8ee4-ee2a155bf655",c5903b81-8b17-49bb-82b3-51a8a5880762,"657aca88-207c-474c-9abc-1af2429cad74",,CHECK_OUT,43.401489,23.227905,false,67.0,false,2026-08-06 17:17:42.000,2026-08-06 14:17:50.924,2026-08-06 14:17:50.924
"72a2fe7d-ae42-4b68-8146-29d30d4620c1",a467fc90-25a2-4048-a48d-6f5ee1ccee67,"657aca88-207c-474c-9abc-1af2429cad74",,CHECK_OUT,43.194721,23.608585,true,71.0,false,2026-08-06 17:17:50.000,2026-08-06 14:18:20.538,2026-08-06 14:18:20.538
"25acdc20-366e-4ce8-9e8b-3a117a219313","240bc314-dfdc-41e1-a45f-c4c573a44788","657aca88-207c-474c-9abc-1af2429cad74",,CHECK_OUT,43.401489,23.227905,false,62.0,false,2026-08-06 17:17:59.000,2026-08-06 14:18:20.545,2026-08-06 14:18:20.545
"2166a2ea-9b89-4390-8431-b41d7a33b223","2eca8bc8-65a5-4298-870f-0615602aef91","657aca88-207c-474c-9abc-1af2429cad74",caa49a56-ddf2-499a-b1f8-bd27e6379b49,CHECK_OUT,0.0,0.0,false,,true,2026-08-06 19:18:00.000,2026-08-06 16:18:05.253,2026-08-06 16:18:05.253
"770be418-f01f-4e0b-95d9-6a51ba7aea4b","5e8263c0-8db9-4084-810f-7317368bd919","657aca88-207c-474c-9abc-1af2429cad74",caa49a56-ddf2-499a-b1f8-bd27e6379b49,CHECK_OUT,0.0,0.0,false,,true,2026-08-06 19:18:00.000,2026-08-06 16:18:09.078,2026-08-06 16:18:09.078
"469a4caf-a850-4511-b058-a8c8d8a97d33","512f4471-88b5-4ff9-8b20-5996f534a6e3","657aca88-207c-474c-9abc-1af2429cad74",caa49a56-ddf2-499a-b1f8-bd27e6379b49,CHECK_OUT,0.0,0.0,false,,true,2026-08-06 19:18:00.000,2026-08-06 16:18:26.470,2026-08-06 16:18:26.470
"55e76bb3-8b4b-48c6-921a-4bd19e987f6e","8308ef9d-f2d5-42e7-a7e4-25733136cae0","657aca88-207c-474c-9abc-1af2429cad74",caa49a56-ddf2-499a-b1f8-bd27e6379b49,CHECK_OUT,0.0,0.0,false,,true,2026-08-06 19:18:00.000,2026-08-06 16:18:36.089,2026-08-06 16:18:36.089
f22d8993-3586-41ad-b139-8e41ca039ee6,"628d40d0-959d-4870-8cf6-9099e8749af9","657aca88-207c-474c-9abc-1af2429cad74",caa49a56-ddf2-499a-b1f8-bd27e6379b49,CHECK_OUT,0.0,0.0,false,,true,2026-08-06 19:19:00.000,2026-08-06 16:19:06.236,2026-08-06 16:19:06.236
e42d8adb-950f-46f4-b460-2f2e9c9bc2d9,"1e0cfcc4-0a5c-4457-8811-3e370c4f260f","657aca88-207c-474c-9abc-1af2429cad74",caa49a56-ddf2-499a-b1f8-bd27e6379b49,CHECK_OUT,0.0,0.0,false,,true,2026-08-06 19:19:00.000,2026-08-06 16:19:18.910,2026-08-06 16:19:18.910
af13d456-9cce-4979-94cb-bdaf55d04c1d,"12459722-0311-458f-a320-5d9e4d7cad5c","657aca88-207c-474c-9abc-1af2429cad74",caa49a56-ddf2-499a-b1f8-bd27e6379b49,CHECK_OUT,0.0,0.0,false,,true,2026-08-06 19:19:00.000,2026-08-06 16:19:30.308,2026-08-06 16:19:30.308
"6341b62c-a16b-48c9-bebf-95393452b514",dc9e1c44-0d57-43ff-9533-ced7467c7556,"657aca88-207c-474c-9abc-1af2429cad74",caa49a56-ddf2-499a-b1f8-bd27e6379b49,CHECK_OUT,0.0,0.0,false,,true,2026-08-06 19:19:00.000,2026-08-06 16:19:39.083,2026-08-06 16:19:39.083
"96fa322a-c90c-4cdc-b418-6c3afd225d4f",f721fdd2-47ce-45a6-838e-5ac2aed4cd75,"657aca88-207c-474c-9abc-1af2429cad74",caa49a56-ddf2-499a-b1f8-bd27e6379b49,CHECK_OUT,0.0,0.0,false,,true,2026-08-06 19:19:00.000,2026-08-06 16:19:45.753,2026-08-06 16:19:45.753
"8b04e5cd-c271-4f14-8658-80904b1ee0ad","81b36c11-0d95-4b61-8193-4e59127b7d22","657aca88-207c-474c-9abc-1af2429cad74",caa49a56-ddf2-499a-b1f8-bd27e6379b49,CHECK_OUT,0.0,0.0,false,,true,2026-08-06 19:19:00.000,2026-08-06 16:19:57.201,2026-08-06 16:19:57.201
"9de25f5f-b170-4352-88ed-bef7c036ef67",d0b6501c-1a2c-48d5-8614-41a1ca72be02,"657aca88-207c-474c-9abc-1af2429cad74",caa49a56-ddf2-499a-b1f8-bd27e6379b49,CHECK_OUT,0.0,0.0,false,,true,2026-08-06 19:20:00.000,2026-08-06 16:20:00.839,2026-08-06 16:20:00.839
ccddd57d-f439-4b1e-a494-c5dd6697f04e,"61c76398-dbf7-43bf-830f-6eac33943779","657aca88-207c-474c-9abc-1af2429cad74",caa49a56-ddf2-499a-b1f8-bd27e6379b49,CHECK_OUT,0.0,0.0,false,,true,2026-08-06 19:20:00.000,2026-08-06 16:20:02.613,2026-08-06 16:20:02.613
dfcc22aa-c1df-41ae-aaf0-572f5a209016,"74527f74-35db-4321-b590-e9a72dc32935","657aca88-207c-474c-9abc-1af2429cad74",caa49a56-ddf2-499a-b1f8-bd27e6379b49,CHECK_OUT,0.0,0.0,false,,true,2026-08-06 19:20:00.000,2026-08-06 16:20:09.660,2026-08-06 16:20:09.660
"45ff750a-c36d-4fe3-9cbb-76f8b8bcb931",ff75470c-6a3a-4e5d-877d-74e99a17fe9d,"657aca88-207c-474c-9abc-1af2429cad74",caa49a56-ddf2-499a-b1f8-bd27e6379b49,CHECK_OUT,0.0,0.0,false,,true,2026-08-06 19:20:00.000,2026-08-06 16:20:17.075,2026-08-06 16:20:17.075
"01f01e98-73be-45be-90ac-d701e1c9c0fc","8218a51e-5a6c-4bde-8519-24df8070b8a9","657aca88-207c-474c-9abc-1af2429cad74",caa49a56-ddf2-499a-b1f8-bd27e6379b49,CHECK_OUT,0.0,0.0,false,,true,2026-08-06 15:20:00.000,2026-08-06 16:20:37.493,2026-08-06 16:20:37.493
"4b2e77b4-f300-4576-8476-9a46dc97faff",fd2b5a2d-f9dd-4293-83c7-76ea00b396ff,"657aca88-207c-474c-9abc-1af2429cad74",caa49a56-ddf2-499a-b1f8-bd27e6379b49,CHECK_OUT,0.0,0.0,false,,true,2026-08-06 19:20:00.000,2026-08-06 16:20:40.348,2026-08-06 16:20:40.348
df208fca-ebb0-459e-84c4-1401b9189e2e,"75f4f67c-1b34-4b4e-8986-ec8b9a4b3da7","657aca88-207c-474c-9abc-1af2429cad74",caa49a56-ddf2-499a-b1f8-bd27e6379b49,CHECK_OUT,0.0,0.0,false,,true,2026-08-06 19:20:00.000,2026-08-06 16:20:46.450,2026-08-06 16:20:46.450
"0c6e4cd8-6832-4416-845a-2fff83af18b1","5ed83e7e-0f5e-4f14-b5ab-03e63b1038bc","657aca88-207c-474c-9abc-1af2429cad74",caa49a56-ddf2-499a-b1f8-bd27e6379b49,CHECK_OUT,0.0,0.0,false,,true,2026-08-06 19:20:00.000,2026-08-06 16:20:52.867,2026-08-06 16:20:52.867
"0ea4742a-3dae-44bf-9f19-070ccc0cd6bd","926758e5-3a61-4ad6-82b2-34c4816c75b8","657aca88-207c-474c-9abc-1af2429cad74",,CHECK_IN,43.194721,23.608585,true,58.0,false,2026-08-07 06:17:10.000,2026-08-07 03:17:13.508,2026-08-07 03:17:13.508
c2e335da-ae9d-4829-a47b-1bcc6b2fd0fd,"1b3d636b-7b18-47e4-a9ea-32ce33378b37","657aca88-207c-474c-9abc-1af2429cad74",,CHECK_IN,43.194721,23.608585,true,62.0,false,2026-08-07 06:17:18.000,2026-08-07 03:17:43.376,2026-08-07 03:17:43.376
c12fd31a-d780-4793-b7ee-08a2d932913a,d6b6d84e-0445-43df-9f71-ca5679ce20cd,"657aca88-207c-474c-9abc-1af2429cad74",,CHECK_IN,43.194721,23.608585,true,73.0,false,2026-08-07 06:28:54.000,2026-08-07 03:29:13.494,2026-08-07 03:29:13.494
"62bbe72a-c6aa-4344-ae7e-133df02a7e83",c5903b81-8b17-49bb-82b3-51a8a5880762,"657aca88-207c-474c-9abc-1af2429cad74",,CHECK_IN,43.194721,23.608585,true,58.0,false,2026-08-07 06:36:41.000,2026-08-07 03:36:43.502,2026-08-07 03:36:43.502
"41a8d6fa-f5c9-4858-84bb-a6dd3e581bb8",f5f7d765-d2db-4a95-b655-27499c69acf2,"657aca88-207c-474c-9abc-1af2429cad74",,CHECK_IN,43.194721,23.608585,true,71.0,false,2026-08-07 06:37:05.000,2026-08-07 03:37:13.395,2026-08-07 03:37:13.395
"0b0fce9e-919b-4030-a56a-72247773ef22","17a2c2cb-60c8-49e9-9a7d-e5b48980a7f2","657aca88-207c-474c-9abc-1af2429cad74",,CHECK_IN,43.194721,23.608585,true,58.0,false,2026-08-07 06:37:49.000,2026-08-07 03:38:13.405,2026-08-07 03:38:13.405
"8864970b-7e85-4b33-ab65-cc9a52ec1a48","240bc314-dfdc-41e1-a45f-c4c573a44788","657aca88-207c-474c-9abc-1af2429cad74",,CHECK_IN,43.194721,23.608585,true,55.0,false,2026-08-07 06:38:16.000,2026-08-07 03:38:43.433,2026-08-07 03:38:43.433
"34a9348d-16df-416f-9f34-0829564ac03b",a467fc90-25a2-4048-a48d-6f5ee1ccee67,"657aca88-207c-474c-9abc-1af2429cad74",,CHECK_IN,43.194721,23.608585,true,61.0,false,2026-08-07 06:38:34.000,2026-08-07 03:38:43.436,2026-08-07 03:38:43.436
"759b0ce5-1040-4d3c-9fa3-21186a4298ec","628d40d0-959d-4870-8cf6-9099e8749af9","657aca88-207c-474c-9abc-1af2429cad74",,CHECK_OUT,43.194721,23.608585,true,56.0,false,2026-08-07 06:39:22.000,2026-08-07 03:39:43.408,2026-08-07 03:39:43.408
a6f474dc-bcbb-4698-86cb-4ca1d074959e,"628d40d0-959d-4870-8cf6-9099e8749af9","657aca88-207c-474c-9abc-1af2429cad74",,CHECK_IN,43.194721,23.608585,true,55.0,false,2026-08-07 06:39:23.000,2026-08-07 03:39:43.412,2026-08-07 03:39:43.412
f56c644e-3c0c-44bd-9758-83174546a4e3,"512f4471-88b5-4ff9-8b20-5996f534a6e3","657aca88-207c-474c-9abc-1af2429cad74",,CHECK_OUT,43.194721,23.608585,true,49.0,false,2026-08-07 06:39:58.000,2026-08-07 03:40:05.204,2026-08-07 03:40:05.204
c5a10489-dac2-4020-a70c-814f46b33769,"512f4471-88b5-4ff9-8b20-5996f534a6e3","657aca88-207c-474c-9abc-1af2429cad74",,CHECK_IN,43.194721,23.608585,true,45.0,false,2026-08-07 06:39:59.000,2026-08-07 03:40:05.208,2026-08-07 03:40:05.208
"71ffa1ef-7a42-447a-9e49-4649ca086cc1","61c76398-dbf7-43bf-830f-6eac33943779","657aca88-207c-474c-9abc-1af2429cad74",,CHECK_IN,43.194721,23.608585,true,64.0,false,2026-08-07 06:40:28.000,2026-08-07 03:40:35.061,2026-08-07 03:40:35.061
"731b2796-3bff-4550-89b2-9a1eb53cd726","17e4eb94-d4ab-472a-ad3a-991750ee662a","657aca88-207c-474c-9abc-1af2429cad74",caa49a56-ddf2-499a-b1f8-bd27e6379b49,CHECK_IN,0.0,0.0,false,,true,2026-08-07 06:48:00.000,2026-08-07 03:48:21.549,2026-08-07 03:48:21.549
"50419e6e-9cef-4213-9192-f5e9ea0db452","8218a51e-5a6c-4bde-8519-24df8070b8a9","657aca88-207c-474c-9abc-1af2429cad74",,CHECK_IN,43.194721,23.608585,true,58.0,false,2026-08-07 07:00:25.000,2026-08-07 04:00:30.825,2026-08-07 04:00:30.825
"9714dae0-2d76-4e2d-8e38-8ad3dbfbc808","2eca8bc8-65a5-4298-870f-0615602aef91","657aca88-207c-474c-9abc-1af2429cad74",,CHECK_IN,43.194721,23.608585,true,53.0,false,2026-08-07 07:00:52.000,2026-08-07 04:01:00.676,2026-08-07 04:01:00.676
e40c8279-a818-4b08-bc52-4acac6ffeb7a,"5ed83e7e-0f5e-4f14-b5ab-03e63b1038bc","657aca88-207c-474c-9abc-1af2429cad74",,CHECK_IN,43.194721,23.608585,true,63.0,false,2026-08-07 07:02:27.000,2026-08-07 04:02:30.845,2026-08-07 04:02:30.845
"0283ccd1-9ded-4e4e-bb7d-613806c318f0","8308ef9d-f2d5-42e7-a7e4-25733136cae0","657aca88-207c-474c-9abc-1af2429cad74",,CHECK_IN,43.194721,23.608585,true,47.0,false,2026-08-07 07:09:24.000,2026-08-07 04:09:30.773,2026-08-07 04:09:30.773
"5644ce14-024f-4b0f-a450-746633e5346d","90570712-1957-4575-9ae0-16d3f2aa5ee9","657aca88-207c-474c-9abc-1af2429cad74",,CHECK_IN,43.194721,23.608585,true,63.0,false,2026-08-07 07:09:29.000,2026-08-07 04:09:30.777,2026-08-07 04:09:30.777
"76f206c5-eda1-465d-924b-553b00963ea1",dc9e1c44-0d57-43ff-9533-ced7467c7556,"657aca88-207c-474c-9abc-1af2429cad74",,CHECK_IN,43.194721,23.608585,true,54.0,false,2026-08-07 07:09:39.000,2026-08-07 04:10:00.677,2026-08-07 04:10:00.677
"213d78e0-5b2e-45ad-8aac-8ba08d63478d","74527f74-35db-4321-b590-e9a72dc32935","657aca88-207c-474c-9abc-1af2429cad74",,CHECK_IN,43.194721,23.608585,true,57.0,false,2026-08-07 07:09:57.000,2026-08-07 04:10:00.681,2026-08-07 04:10:00.681
"447bbad4-6126-419a-a342-8988af0cbc39","12459722-0311-458f-a320-5d9e4d7cad5c","657aca88-207c-474c-9abc-1af2429cad74",,CHECK_IN,43.194721,23.608585,true,72.0,false,2026-08-07 07:10:05.000,2026-08-07 04:10:30.681,2026-08-07 04:10:30.681
a0e1e7a3-9f89-4e5d-a97a-09feea4e3eca,fd2b5a2d-f9dd-4293-83c7-76ea00b396ff,"657aca88-207c-474c-9abc-1af2429cad74",,CHECK_IN,43.194721,23.608585,true,60.0,false,2026-08-07 07:10:11.000,2026-08-07 04:10:30.684,2026-08-07 04:10:30.684
e70d5cc2-5549-4da1-b54b-cb963ac9dd2c,"75f4f67c-1b34-4b4e-8986-ec8b9a4b3da7","657aca88-207c-474c-9abc-1af2429cad74",,CHECK_IN,43.194721,23.608585,true,60.0,false,2026-08-07 07:10:21.000,2026-08-07 04:10:30.687,2026-08-07 04:10:30.687
"8b400c97-d349-40f1-91d8-708655db1185","81b36c11-0d95-4b61-8193-4e59127b7d22","657aca88-207c-474c-9abc-1af2429cad74",,CHECK_IN,43.194721,23.608585,true,51.0,false,2026-08-07 07:11:21.000,2026-08-07 04:11:30.666,2026-08-07 04:11:30.666
d3f46076-a0f0-4fb4-aaba-09ffb19a5977,af4a589c-808d-42ac-b374-59a1883692ae,"657aca88-207c-474c-9abc-1af2429cad74",,CHECK_IN,43.194721,23.608585,true,54.0,false,2026-08-07 07:14:08.000,2026-08-07 04:14:31.109,2026-08-07 04:14:31.109
"304cf046-c19d-4018-81ee-c3f1156b6d12",b15c0a24-f180-4043-b67a-d5e02a85c89b,"657aca88-207c-474c-9abc-1af2429cad74",,CHECK_IN,43.194721,23.608585,true,61.0,false,2026-08-07 07:15:47.000,2026-08-07 04:16:00.816,2026-08-07 04:16:00.816
"5e4bc97c-c9df-4b21-abcd-26a3f50b39b3","2112a5d6-1663-442a-a32b-1ef34b46c97c","657aca88-207c-474c-9abc-1af2429cad74",,CHECK_IN,43.194721,23.608585,true,58.0,false,2026-08-07 07:15:59.000,2026-08-07 04:16:00.823,2026-08-07 04:16:00.823
"1478d74e-0980-4dd1-9568-e85bbe874cd2",d0b6501c-1a2c-48d5-8614-41a1ca72be02,"657aca88-207c-474c-9abc-1af2429cad74",,CHECK_IN,43.194721,23.608585,true,49.0,false,2026-08-07 07:16:52.000,2026-08-07 04:17:00.786,2026-08-07 04:17:00.786
"740005e7-5aec-4cee-82ce-b135bcf4bf39","8a8e1231-da2f-43ae-90a9-21035c93bbc7","657aca88-207c-474c-9abc-1af2429cad74",,CHECK_IN,43.194721,23.608585,true,62.0,false,2026-08-07 07:21:18.000,2026-08-07 04:21:30.915,2026-08-07 04:21:30.915
"82d2fce2-4074-4c13-8725-e4a4a6b62520",aa93b9b6-4dc0-48dc-9614-f0b955445b40,"657aca88-207c-474c-9abc-1af2429cad74",,CHECK_IN,43.194721,23.608585,true,52.0,false,2026-08-07 07:21:37.000,2026-08-07 04:22:00.692,2026-08-07 04:22:00.692
"07bf18c0-b115-4a5f-823b-894716b987e8","2cd576ec-0a8f-4f92-9d4b-436e16b4101a","657aca88-207c-474c-9abc-1af2429cad74",,CHECK_IN,43.194721,23.608585,true,62.0,false,2026-08-07 07:24:08.000,2026-08-07 04:24:30.815,2026-08-07 04:24:30.815
"49ce87e6-d5d8-49ed-8248-47a6435b7c7e","5e8263c0-8db9-4084-810f-7317368bd919","657aca88-207c-474c-9abc-1af2429cad74",,CHECK_IN,43.194721,23.608585,true,46.0,false,2026-08-07 07:26:19.000,2026-08-07 04:26:30.887,2026-08-07 04:26:30.887
"138dea38-07cd-4a83-8dc5-4345969b97d5","1e0cfcc4-0a5c-4457-8811-3e370c4f260f","657aca88-207c-474c-9abc-1af2429cad74",,CHECK_IN,43.194721,23.608585,true,50.0,false,2026-08-07 07:26:44.000,2026-08-07 04:27:00.698,2026-08-07 04:27:00.698
cc7f2fc8-7c20-4297-9d06-6b6f7270e0b8,"2555d529-ff47-49b6-931f-f2dce830a6fc","657aca88-207c-474c-9abc-1af2429cad74",,CHECK_IN,43.194721,23.608585,true,58.0,false,2026-08-07 07:28:32.000,2026-08-07 04:29:00.826,2026-08-07 04:29:00.826
acd7c88a-e03e-438e-b2ee-1a34b4aa9e57,"3d976022-5033-4c30-883d-2bb683c9cfa1","657aca88-207c-474c-9abc-1af2429cad74",,CHECK_IN,43.194721,23.608585,true,55.0,false,2026-08-07 07:29:14.000,2026-08-07 04:29:30.702,2026-08-07 04:29:30.702
c114721d-7f72-4c95-96b8-7337604b9b99,f71a195c-7f69-46bf-b5bd-711c2beacdc9,"657aca88-207c-474c-9abc-1af2429cad74",,CHECK_IN,43.194721,23.608585,true,52.0,false,2026-08-07 07:29:45.000,2026-08-07 04:30:00.704,2026-08-07 04:30:00.704
"0daf0e6f-004d-482e-9edd-7ccd226d64f1","1dc82cbd-bb38-40c3-b4a6-e8aff6d01ede","657aca88-207c-474c-9abc-1af2429cad74",,CHECK_IN,43.194721,23.608585,true,57.0,false,2026-08-07 07:30:18.000,2026-08-07 04:30:30.677,2026-08-07 04:30:30.677
"0cb809ac-cfef-4161-accb-8b92f44a1d78",e5a36817-048f-4868-929a-d1cf32fc6258,"657aca88-207c-474c-9abc-1af2429cad74",,CHECK_IN,43.194721,23.608585,true,50.0,false,2026-08-07 07:30:54.000,2026-08-07 04:31:00.708,2026-08-07 04:31:00.708
"85228edc-daf6-477c-b811-9a266e690ce7","1c9f0cce-7d52-4182-9a80-75f87a851a6b","657aca88-207c-474c-9abc-1af2429cad74",,CHECK_IN,43.194721,23.608585,true,51.0,false,2026-08-07 07:35:49.000,2026-08-07 04:36:00.856,2026-08-07 04:36:00.856
"902381ea-23b6-4997-be03-4296106e39e2",c7e8ca14-c7a8-469e-880d-c0f98cdf485e,"657aca88-207c-474c-9abc-1af2429cad74",,CHECK_IN,43.194721,23.608585,true,46.0,false,2026-08-07 07:38:22.000,2026-08-07 04:38:30.830,2026-08-07 04:38:30.830
"2cd30056-5edd-419e-9225-8c24c9b2a904","602d9323-f5c4-4df1-b6c4-84604b161a27","657aca88-207c-474c-9abc-1af2429cad74",,CHECK_IN,43.194721,23.608585,true,59.0,false,2026-08-07 07:39:51.000,2026-08-07 04:40:00.797,2026-08-07 04:40:00.797
"18149649-21d3-48cd-831b-31d741a858ce","2501fe3b-87b2-4539-b79d-49be6e92cf4d","657aca88-207c-474c-9abc-1af2429cad74",,CHECK_IN,43.194721,23.608585,true,66.0,false,2026-08-07 07:49:31.000,2026-08-07 04:50:00.995,2026-08-07 04:50:00.995
a4193777-3012-4fb2-9706-1a2eb5d5cff9,"77a6d5e3-909d-4b7f-a456-154344b678f4","657aca88-207c-474c-9abc-1af2429cad74",,CHECK_IN,43.194721,23.608585,true,55.0,false,2026-08-07 07:49:56.000,2026-08-07 04:50:01.001,2026-08-07 04:50:01.001
